time,theta,theta_dot,hip_y,hip_v,pitch,pitch_rate,length_L,length_R,target_length,roll,yaw,connect_gap,torque_0,torque_1,torque_2,torque_3,torque_4,torque_5
0.001,0.08232212020621725,0.0,0.0,0.0,0.0,0.0,0.2999999999847247,0.2999999999847247,0.299985,-0.0,-0.0,6.470657554596348e-12,13.17638858855565,-14.757254734956145,0.00032515620689519006,13.17638858855565,-14.757254734956145,0.00032515620689519006
0.02100000000000001,0.08228730400096627,-0.003240684231223611,-2.066733288307032e-06,-0.0001633919466748653,2.927857029798687e-05,0.0021240256039615664,0.30039960428774337,0.3004116539344043,0.29968500000000026,3.28161131036985e-05,9.168196041426476e-07,2.3106328002460633e-05,12.822667507316023,-14.39555618303949,0.002231514119418628,12.750695110315796,-14.312068223750074,0.002008423112746246
0.04100000000000003,0.08212199548027754,-0.009253490579334193,-8.057835362361432e-06,-0.00032713453938619763,9.992757660952817e-05,0.0038110062679182007,0.30057290537108317,0.3006416891404867,0.2993850000000005,0.00019075334717384183,6.8828008930208134e-06,2.347761849874299e-05,12.974730445842802,-14.538515644528243,-0.0022394105116753755,12.806728649872438,-14.342392490659533,-0.002611250894400165
0.06100000000000005,0.08196317454071343,-0.006790491536841531,-1.445811495603272e-05,-0.0003046863228799208,0.00017382281924214782,0.00349769109085798,0.3003601577647208,0.30051587025853116,0.29908500000000077,0.00043163000681764146,1.4159831748111216e-05,2.3681126462634255e-05,13.09510159950791,-14.663792616204846,-0.0034637793828093295,12.830216487590722,-14.352869765029343,-0.003890459845224596
0.08100000000000006,0.08189598030621108,-0.0020886526237841835,-1.964432335808952e-05,-0.0002434872375440838,0.00022959239475090536,0.0024961003510188154,0.3000048815755861,0.30026798979856734,0.298785000000001,0.0007290847654662481,2.1218190718424048e-05,2.383081191554069e-05,13.178333664796957,-14.75799909798829,-0.003013255158859229,12.820650720121591,-14.336655969458064,-0.0034258174221486774
0.10100000000000008,0.08191162540457023,0.0017447495787051351,-2.3927967340235667e-05,-0.00020635944104213614,0.00026434247628046275,0.0014572756244147127,0.2995945510969186,0.2999756757102829,0.2984850000000013,0.0010554328819826402,2.6863494072319502e-05,2.397064993552774e-05,13.253005439823541,-14.844566402195886,-0.002728610293664282,12.8130117753179,-14.324751020732588,-0.0030711736586625242
0.1210000000000001,0.08199004909788224,0.004663164778443139,-2.784092382315112e-05,-0.00019390621713565818,0.0002794812601250581,0.0005019221850489305,0.2991518595330182,0.2996521831562203,0.29818500000000153,0.0013844140849414025,3.034045052687757e-05,2.4107987542249413e-05,13.325107893435728,-14.928186119328654,-0.0026621136137984155,12.817359414024704,-14.326778811903255,-0.002899446422024784
0.1410000000000001,0.08211774139385342,0.006980154276033868,-3.1755299343155796e-05,-0.00019791578876404036,0.0002769030234147023,-0.0003563721303397852,0.298687218383669,0.2992997538279199,0.2978850000000018,0.0016937666299417153,3.133853017428762e-05,2.4238142398878947e-05,13.392555750847567,-15.006392573035033,-0.002582609726366898,12.833713893181267,-14.342904276184914,-0.002698391409566045
0.16100000000000012,0.08228496242289512,0.008834266831553597,-3.591690380954499e-05,-0.00021300470025472875,0.0002587764762151171,-0.0011004027870081528,0.29821140653819017,0.2989228187836892,0.29758500000000204,0.0019662706931349166,2.9891930957265672e-05,2.4354702514858634e-05,13.451975231202217,-15.075487417223961,-0.0023932198392462283,12.85929911729139,-14.370254611813605,-0.002385875541847375
0.18100000000000013,0.08248283397428587,0.01024355828073314,-4.050200074441623e-05,-0.00023622596574270367,0.0002277569908217323,-0.0017043463689425285,0.29773595682584314,0.29852854073712193,0.2972850000000023,0.0021900012665393258,2.6274871022043235e-05,2.445282783191909e-05,13.500850216852243,-15.132630280623628,-0.002074279997837339,12.890992924168774,-14.405371658649807,-0.0019531542313286528
0.20100000000000015,0.0827022518725736,0.011193551941028116,-4.56426183796238e-05,-0.0002655039059911432,0.00018698842419983698,-0.0021455330836591614,0.2972715467935308,0.2981251337768319,0.29698500000000255,0.0023581832504726325,2.0917075521312318e-05,2.4529744023322673e-05,13.537836257350365,-15.176214304863787,-0.001644665423949212,12.925876789571108,-14.444873026419229,-0.0014268763644207279
0.22100000000000017,0.08293397546195407,0.011683188456576166,-5.1430956736882305e-05,-0.0002988329787849444,0.00013992197055339174,-0.0024118539636473106,0.2968269199245343,0.29772060639650116,0.2966850000000028,0.002468769960191687,1.4335803702794142e-05,2.4584513770926038e-05,13.562607229595812,-15.205759306704095,-0.0011363792705096566,12.96132918684177,-14.485635670561496,-0.0008440534882360331
0.2410000000000002,0.08316911297445068,0.01173723431549041,-5.791769389711793e-05,-0.0003341121329919167,9.00688264064451e-05,-0.002503783661280582,0.2964084267189606,0.2973220562266513,0.29638500000000306,0.0025237980695829443,7.078553168447302e-06,2.4617729119902988e-05,13.575660167962397,-15.221729081045565,-0.0005841058961401042,12.995093184411564,-14.524919539677509,-0.00024185182254802778
0.2610000000000002,0.08339962644020205,0.011404639868983183,-6.51111516266345e-05,-0.0003692326319858012,4.0757870957605444e-05,-0.00243352354723592,0.2960199252255893,0.29693527494469835,0.2960850000000033,0.002528585275200119,-3.2499504897331497e-07,2.4631218278347378e-05,13.578139229046092,-15.225347212973409,-2.1456642149317274e-05,13.025354308848495,-14.560480864898013,0.00034588006955315486
0.2810000000000002,0.08361873514070983,0.010752811613898822,-7.297916212881811e-05,-0.00040221762479521645,-5.069576395798815e-06,-0.0022228924169351385,0.295662883218352,0.29656452906436953,0.2957850000000036,0.002490848495654777,-7.400997867954299e-06,2.462775451192626e-05,13.57166852299684,-15.218412131671723,0.0005208902747021075,13.050797702258436,-14.590652375565064,0.0008900978569300818
0.3010000000000002,0.08382119045776987,0.009861092027765025,-8.145353005566819e-05,-0.0004313444840886984,-4.501447941392824e-05,-0.0019006961503766065,0.29533661235358216,0.2962124720929846,0.29548500000000383,0.0024198149405861725,-1.3758640231720613e-05,2.4610761140152035e-05,13.558187683420254,-15.20311058254871,0.0010166349442138586,13.070628205769847,-14.614377013192628,0.0013675659252634423
0.32100000000000023,0.08400342079003237,0.00881432189549212,-9.043645920205762e-05,-0.0004552332721555142,-7.73192934536896e-05,-0.0014999272809323894,0.2950385973754368,0.29588017191582383,0.2951850000000041,0.002325384213487264,-1.9106459503251512e-05,2.458401982839886e-05,13.539792848454645,-15.181834689065449,0.0014450370622212153,13.08455257041003,-14.631195518979423,0.0017615726620681892
0.34100000000000025,0.08416355327952788,0.007696818473742316,-9.980823566523717e-05,-0.00047290002218105837,-0.00010091169028604005,-0.0010550237604803451,0.2947648907207431,0.2955672384402808,0.29488500000000434,0.0022173843160581716,-2.325855657631559e-05,2.455139474856839e-05,13.51858920957822,-15.157010415764837,0.001791696521752355,13.092729693261953,-14.641194783016068,0.002062258226049687
0.36100000000000027,0.08430132470983025,0.006587048042806852,-0.0001094355009238629,-0.00048377763943000776,-0.00011539666502068306,-0.0005993673142547664,0.29451054344464395,0.29527203193386564,0.2945850000000046,0.002104950939774094,-2.6132044827836318e-05,2.4516585828275264e-05,13.496561647652616,-15.130945417541055,0.0020488314397904914,13.095696764586101,-14.64492599315515,0.002266483113964912
0.3810000000000003,0.08441789932141104,0.005553254707434934,-0.00011917952689049355,-0.00048770863764678477,-0.00012100392075714594,-0.00016316173813699195,0.29427004366151344,0.2949919289336228,0.29428500000000485,0.001996047967582932,-2.773747167521011e-05,2.4482922700483134e-05,13.475469017221148,-15.105703157365557,0.002215040977083406,13.094279601220919,-14.64330217501469,0.0023772461162761974
0.4010000000000003,0.08451561574256183,0.004650248308888637,-0.00012890399862509894,-0.00048491450392271353,-0.00011849961538621318,0.00022821148819501005,0.2940377353352647,0.2947236211791504,0.2939850000000051,0.0018971369845024334,-2.8164134523168646e-05,2.4453207894833003e-05,13.456765961421688,-15.083008231312087,0.0022946159923152272,13.089495302637317,-14.637484697678422,0.002402727495136644
0.4210000000000003,0.08459768798986898,0.003917461841195376,-0.00013848190875790506,-0.0004759466203369246,-0.0001090728568710463,0.0005553074219592478,0.29380819362900346,0.29446342353050775,0.29368500000000536,0.001812994278326789,-2.7562231307222953e-05,2.4429613769092258e-05,13.44155401763147,-15.064185343318881,0.0022965105546633017,13.082454861764708,-14.628767882803217,0.002355075534422818
0.44100000000000034,0.08466788616610038,0.003378282463834606,-0.00014780126531868665,-0.0004616235956779031,-9.420776156326003e-05,0.0008051918850424945,0.29357653801792305,0.2942075689735903,0.2933850000000056,0.0017466652936682268,-2.6123664675722133e-05,2.4413633286515355e-05,13.430561537055008,-15.050131718641603,0.0022331105585827946,13.074272457664897,-14.61846993200384,0.00224907106075642
0.46100000000000035,0.08473022106137341,0.0030405578590047395,-0.00015676941014086676,-0.000442959752611083,-7.555151613661952e-05,0.0009715045723223432,0.2933386704971638,0.29395247227559756,0.29308500000000587,0.0016995392157000044,-2.4063088106235842e-05,2.440608074793837e-05,13.424149937561968,-15.04132034989579,0.0021189348658504394,13.065986869418643,-14.607836974462213,0.002100798074137971
0.48100000000000037,0.08478865364100072,0.002898095729884185,-0.00016531583865374982,-0.00042108942999065233,-5.478782994854322e-05,0.0010540718721157945,0.293091432776053,0.2936949482502494,0.2927850000000061,0.0016715208651292659,-2.160047550798566e-05,2.4407135479954727e-05,13.42234227987148,-15.03782962350899,0.0019693855702988886,13.058498892813487,-14.5979652487163,0.0019264256342253951
0.5010000000000003,0.08484684589315182,0.002932917984367296,-0.00017339350353655358,-0.0003971916454989586,-3.3523592459542476e-05,0.001058153712808414,0.2928326826342294,0.2934323754837509,0.2924850000000064,0.0016612737810138489,-1.8946150335665928e-05,2.441641948317408e-05,13.424869192499543,-15.039393688635593,0.0017996349757019613,13.052526978871892,-14.589744463738775,0.0017411747235372562
0.5210000000000004,0.08490796432021444,0.0031180056528122098,-0.00018097867239406928,-0.00037241942161268067,-1.3194642287254237e-05,0.0009934229752206146,0.29256129507186207,0.2931628013107176,0.29218500000000663,0.0016665073468310721,-1.6288862720670663e-05,2.4433099116210527e-05,13.43122674209434,-15.045467375329599,0.0016237052393777898,13.048581709690982,-14.58382344143634,0.0015585114801695502
0.5410000000000004,0.0849745420752014,0.0034202732706032023,-0.00018806948946040875,-0.00034783762133651694,5.005505719981199e-06,0.0008727811808091324,0.29227709817777825,0.2928849884220415,0.2918850000000069,0.0016842818807162507,-1.378718418062189e-05,2.4456000840676257e-05,13.440740866038619,-15.055299445214377,0.0014537679797083395,13.04695831084487,-14.580597394347276,0.0013895802665662357
0.5610000000000004,0.08504840084581117,0.0038035360703736623,-0.00019468345841283652,-0.0003243724317550371,2.0172173540052757e-05,0.0007111112735343304,0.2919807566216582,0.2925984074349149,0.29158500000000714,0.0017113083722905562,-1.1564219273825407e-05,2.448373169665447e-05,13.45263335659961,-15.068008350726407,0.001299668526414344,13.047745249466098,-14.580214750058342,0.001242869078710613
0.5810000000000004,0.0851306294030955,0.004231272296241618,-0.00020085411284535837,-0.00030277469331582143,3.171135999699742e-05,0.0005240588512398908,0.2916736173481247,0.29230318286533125,0.2912850000000074,0.0017442235286962793,-9.705421062267323e-06,2.451479630164063e-05,13.466085019897006,-15.082655382217057,0.0011686636919389646,13.05084612140779,-14.582600353889738,0.0011240860934372259
0.6010000000000004,0.08522161244081078,0.004669029133796369,-0.0002066271691663485,-0.00028359817457630613,3.93386207919551e-05,0.0003269188925380347,0.2913575325061238,0.2920000021205381,0.29098500000000765,0.001779825505369114,-8.259142318906672e-06,2.4547703623050026e-05,13.48029244814655,-15.09831099986265,0.0010653521294266598,13.056011496406262,-14.587491179516247,0.0010362184952033555
0.6210000000000004,0.08532110099464293,0.005086368475176519,-0.00021205646200864875,-0.00026719274342554614,4.3057993778286826e-05,0.00013368761229943263,0.29103467404476585,0.29168999836129267,0.2906850000000079,0.0018152606915804385,-7.239451521719905e-06,2.4581058410606e-05,13.494515763540399,-15.11411119117078,0.0009917709139017083,13.062877155100459,-14.594480341050115,0.0009797413123449718
0.6410000000000005,0.0854283143188495,0.0054582940935852175,-0.00021719994537514747,-0.00025371130464816693,4.3124894758361576e-05,-4.36798035538091e-05,0.2907073529467357,0.2913746184241739,0.29038500000000816,0.0018481568019721418,-6.630684367716472e-06,2.4613633872100512e-05,13.508115644727063,-15.129301781581328,0.0009476292501784929,13.071005189867078,-14.603065198978097,0.0009529430791178112
0.6610000000000005,0.08554206252772958,0.005766142442487035,-0.00022211600665045933,-0.00024312846889877255,3.999744887136755e-05,-0.00019578374273391267,0.2903778539770396,0.291055486544199,0.2900850000000084,0.0018767019668488767,-6.393180789684482e-06,2.4644423815475773e-05,13.520578865816578,-15.143269679732647,0.0009306488428196294,13.079924715260914,-14.61269564065681,0.0009523354202325038
0.6810000000000005,0.08566225765518423,0.006163979457536002,-0.00022680109039235896,-0.00022811642045533878,3.3633081197470786e-05,-0.0003944374865730878,0.2900495051991831,0.29073549874693255,0.29,0.0018997092902678819,-6.46323492815212e-06,2.4734051918083213e-05,13.584341116763001,-15.208864007853425,0.0010197663034880637,13.141844297843058,-14.675955144670862,0.0010545941812025754
0.7010000000000005,0.0857999655266529,0.0071936407048848626,-0.0002306864052083954,-0.00017801508299503417,1.7922252747521434e-05,-0.0009692556177573771,0.28973767973296066,0.2904299402917595,0.29,0.0019169414392501568,-6.715996944400237e-06,2.4870986814360662e-05,13.654672842435778,-15.284090644357756,0.001547232029357519,13.211517339483823,-14.75023313920785,0.001589346869365865
0.7210000000000005,0.08595760124326571,0.008089921379740834,-0.00023329299456349012,-0.00011169201802564821,-1.1766811170467199e-05,-0.0016771174069773924,0.28946055273023846,0.29015711121643656,0.29,0.0019288067073345528,-7.058195186604791e-06,2.4976026366862838e-05,13.707222009819528,-15.343364539462547,0.0021735286711446066,13.264301437502265,-14.809608889114651,0.0022202217206745384
0.7410000000000005,0.08612480552230925,0.008379687840750324,-0.0002345802548401263,-4.725589918863951e-05,-5.405495881104287e-05,-0.002255110771833483,0.2892310967745101,0.28993020883239595,0.29,0.001935950377407182,-7.445860840681851e-06,2.504720171911844e-05,13.741590352621158,-15.384556080822424,0.002794760156176427,13.299555450884412,-14.851670898750303,0.0028445465063986564
0.7610000000000006,0.08628692179475092,0.007915204011064228,-0.00023471636594855905,7.185522861570403e-06,-0.00010414356427299447,-0.002563846685795861,0.28905764584236,0.28975783457900955,0.29,0.0019390820409651147,-7.850489896653339e-06,2.5085056036063787e-05,13.758311457530933,-15.406990931195987,0.0033586988746212116,13.317642236078491,-14.87555203400009,0.003410328959764352
0.7810000000000006,0.08642934871255006,0.006747163005780872,-0.0002339365633954038,4.972734769256604e-05,-0.00015584912841557714,-0.002557214152479377,0.288943957033891,0.2896440030894198,0.29,0.0019388719449851832,-8.245170924059015e-06,2.5091936579670668e-05,13.7588472564658,-15.411390013281359,0.0038220408119205374,13.319906428551413,-14.881846185073153,0.0038740754018004196
0.8010000000000006,0.08654018372422438,0.005032969155905135,-0.00023246098090253658,8.186514015713758e-05,-0.0002030420981881605,-0.00225334908029401,0.2888894937445383,0.28958840211583914,0.29,0.0019359085182993712,-8.600572065881578e-06,2.5071708144886108e-05,13.745419099191958,-15.399634118739186,0.004162378597437454,13.30848551064503,-14.872346102549109,0.004213145732126303
0.8210000000000006,0.08661137948043274,0.0029734436547764883,-0.00023045528178878422,0.00010662073069096262,-0.00024057352919367388,-0.001710536188198975,0.288889991663114,0.2895869550018152,0.29,0.0019306910258499164,-8.88624109157967e-06,2.5029353916972257e-05,13.720786599154595,-15.374458796698166,0.004364940628644827,13.286074097680343,-14.84971879288282,0.0044126562949119465
0.8410000000000006,0.0866390507399589,0.0007762236796214648,-0.00022801796948906244,0.00012737605413209947,-0.0002647925914369284,-0.001008047910899144,0.2889382169329908,0.28963258429958305,0.29,0.0019236414520622544,-9.073560538245673e-06,2.4970543350338694e-05,13.688017807342355,-15.339145533173612,0.004420649369888606,13.255682937114454,-14.81718258254926,0.004463579943832648
0.8610000000000007,0.08662326408301312,-0.0013669676043452446,-0.00022518405020345578,0.00014716698106871396,-0.0002737447797190795,-0.00023134023527285165,0.2890248218765074,0.28971607634565755,0.29,0.001915126207435125,-9.138645037481515e-06,2.4901205875624136e-05,13.650268899662137,-15.29722712541139,0.004327524271339129,13.220410050737478,-14.778202354225265,0.0043641361779555125
0.8810000000000007,0.08656749980054478,-0.0032946960193279574,-0.000221938034348855,0.00016829428030824944,-0.0002671318001533241,0.0005388154162709461,0.2891392230893194,0.28982696885348874,0.29,0.001905480715560217,-9.064528213772962e-06,2.4827137412903628e-05,13.61058462347434,-15.25222035466218,0.004091994102503113,13.18323566907848,-14.73621609859076,0.004121070413110005
0.9010000000000007,0.0864779160144038,-0.0048841806579876254,-0.00021823134987958986,0.00019215795457317748,-0.00024610562707364777,0.001233698940956005,0.2892704418787729,0.2899543997302181,0.29,0.0018950313616143669,-8.842482866717496e-06,2.475366145145795e-05,13.571728723401439,-15.207397243886124,0.003729025118029332,13.146850556536567,-14.694404294282707,0.003749744211937991
0.9210000000000007,0.08636251686471122,-0.006054845877480324,-0.00021400071118334724,0.0002192475542733997,-0.00021295984496917086,0.0018009886113005329,0.2894078590660583,0.2900878678623001,0.29,0.0018841108908094276,-8.472518583310779e-06,2.4685360611141952e-05,13.536051270073905,-15.16560337856077,0.0032610108489655467,13.11352451336657,-14.655510326519954,0.0032729883039249396
0.9410000000000007,0.08623030820318979,-0.006767930471670399,-0.00020918507932511654,0.00024923796607327316,-0.00017077125393889016,0.0022066021517989916,0.28954184791337534,0.2902178688928325,0.29,0.0018730651769199489,-7.96316724445821e-06,2.4625887810768236e-05,13.505396934493723,-15.129128187240292,0.002715784481939628,13.085018469208759,-14.621716030600197,0.0027190814618690113
0.9610000000000007,0.08609050757163454,-0.0070229895690554715,-0.00020373968293121297,0.00028115188039335456,-0.0001230342943037588,0.0024345528775448423,0.28966426108667964,0.29033638175125326,0.29,0.001862251043103293,-7.330682846552162e-06,2.4577859428227026e-05,13.481055240961378,-15.099628308748551,0.002124095210610879,13.062540284656132,-14.594572346016863,0.002119197417637428
0.9810000000000008,0.08595194234922385,-0.006843957340120168,-0.0001976454784412482,0.00031363050143205817,-7.332313557497796e-05,0.0024850874211894184,0.28976876147840397,0.29043719612029756,0.29,0.0018520262452562525,-6.597675014728986e-06,2.454281088257956e-05,13.463742648768264,-15.078083468697399,0.0014892775331746394,13.046733199763686,-14.574963280578624,0.0014770350032403126
1.0010000000000006,0.08582263877330967,-0.006282852360249443,-0.00019091389716346246,0.0003450552987163878,-2.4999933546930578e-05,0.0023726231708830602,0.2898509942046597,0.29051607888755887,0.29,0.001842733683552464,-5.7915435661041565e-06,2.452127330396359e-05,13.45364780076985,-15.06487888268407,0.0008971281388334803,13.037727167959229,-14.563196008193694,0.000878721144524588
1.0209999999999984,0.08570891763136239,-0.005431802655635926,-0.00018359253587247465,0.00037361377371962696,1.903276403140125e-05,0.0021227579117468645,0.28990859661330437,0.29057077749889104,0.29,0.0018346825716741223,-4.943304712638992e-06,2.4512870914232572e-05,13.45048650396985,-15.059794927210099,0.00036135893601191695,13.035198712091361,-14.558997096728989,0.00033821759146815996
1.0409999999999962,0.08561523337951907,-0.00438317003437764,-0.00017576193575021687,0.00039773855042498003,5.6483393165739665e-05,0.0017675284591544395,0.2899410933724762,0.2906009081384954,0.29,0.0018281292528116706,-4.0851269510160565e-06,2.45164395383546e-05,13.453568207381178,-15.062120949873313,-0.00010521118516083085,13.038441015503224,-14.561630894763537,-0.00013152553170812134
1.060999999999994,0.08554424338193518,-0.003225709833441342,-0.000167529489496894,0.0004161776933104953,8.575544732457518e-05,0.0013423865306304696,0.28994968481308453,0.2906077378332403,0.29,0.0018232600692879336,-3.2482502119063805e-06,2.4530204276941337e-05,13.461892666895166,-15.070763657622559,-0.0004912470301686482,13.046462429428686,-14.570010105351443,-0.0005191349742284888
1.0809999999999917,0.08549691063100581,-0.0020422480333250237,-0.00015902239112072086,0.0004280464715182136,0.0001059742685330332,0.0008833502871790174,0.2899369526931722,0.2905938854285689,0.29,0.0018201782943506391,-2.461408880532499e-06,2.4551972258280025e-05,13.474254172279933,-15.08436553747164,-0.0007892151514249382,13.058090547907033,-14.58281400811927,-0.000817120011760931
1.1009999999999895,0.08547267042840623,-0.0009063424416780182,-0.0001503796399058288,0.0004328697299419759,0.00011696022229667501,0.00042441771055267715,0.2899065143692499,0.29056297294900757,0.29,0.0018188965537459403,-1.7495633553183422e-06,2.457932566740958e-05,13.489344966693807,-15.101425492412302,-0.0009962375570182797,13.07207355533325,-14.59860659996533,-0.0010227174793453705
1.1209999999999873,0.08546966075231659,0.0001207390164794997,-0.00014174360112034767,0.0004305951253675182,0.00011915675035312222,-4.546685035766377e-06,0.2898626548601926,0.29051925711958126,0.29,0.0018193355273776455,-1.1329032629928473e-06,2.460980373788352e-05,13.505851799860801,-15.120413459861966,-0.001114148913303217,13.087173029207143,-14.615946685203223,-0.0011379391371270763
1.1409999999999851,0.08548500054857965,0.000992140887910207,-0.0001332517942068956,0.0004215724691606522,0.00011352442556828651,-0.00037934797972675403,0.2898099636123872,0.29046726791396443,0.29,0.0018213290772893292,-6.26139794902934e-07,2.464106416158792e-05,13.52254048075661,-15.139872289998324,-0.0011491099596692164,13.102243426717342,-14.633483617270945,-0.0011691728679250402
1.160999999999983,0.08551509505609242,0.0016764736827527534,-0.0001250295442817989,0.00040650272353359273,0.00010141306994543397,-0.0006823911063141508,0.2897529989088874,0.2904114769119867,0.29,0.0018246353524242686,-2.3810936869010492e-07,2.4671016570724808e-05,13.53832458125725,-15.158501905268169,-0.0011109395006396916,13.116294853883053,-14.650034246563289,-0.0011265003298294982
1.1809999999999807,0.08555594683365192,0.002157816047015887,-0.0001171839989843812,0.00038636417673596103,8.442379202607828e-05,-0.000903028227325822,0.28969599806014,0.2903560132597098,0.29,0.0018289529173489262,2.830221065741127e-08,2.46979232430103e-05,13.552315899946588,-15.17522257013959,-0.001012257539596014,13.128537217116001,-14.664638491546063,-0.0010228244229191297
1.2009999999999785,0.08560345811165862,0.0024355041640733107,-0.00010979979094793979,0.0003623313114652386,6.427161746182534e-05,-0.0010374064143175562,0.28964264627992214,0.29030443965187547,0.29,0.001833940570702471,1.7593144087145703e-07,2.4720462437082676e-05,13.563854405880937,-15.18921095338585,-0.0008763652937067253,13.138403978699506,-14.676587810030941,-0.0008817353754986276
1.2209999999999763,0.08565380191806612,0.002527951980760774,-0.00010293566200200027,0.0003357313436999738,4.26556121426266e-05,-0.0010879698816931046,0.28959591332288065,0.2902595968268404,0.29,0.0018392392630748136,2.1292130173290702e-07,2.4737755786697014e-05,13.572519737650188,-15.199930893818083,-0.0007076302801501706,13.145558092775119,-14.68544901815836,-0.0007078808390343041
1.2409999999999741,0.08570352347058799,0.0024520050357012173,-9.662474088430184e-05,0.0003078066929083136,2.115506168241388e-05,-0.0010619055063438333,0.2895579524251833,0.2902235105501481,0.29,0.0018444944559686002,1.5168643682289157e-07,2.4749388726137078e-05,13.578136960300835,-15.20712851815802,-0.0005131920204395572,13.149892993163924,-14.69105359893313,-0.0005086355977934026
1.260999999999972,0.08574958137788233,0.002231520132322303,-9.087623481496276e-05,0.00027974409610460866,1.143786550153862e-06,-0.0009705926068320053,0.28953006617913196,0.2901973651363351,0.29,0.0018493773427752807,7.990149010743538e-09,2.4755361617035303e-05,13.580748823643589,-15.2108037709231,-0.0003122166461370121,13.15150135927326,-14.693464952741472,-0.0003033800113918119
1.2809999999999697,0.08578955183063935,0.0018994261373074764,-8.567688557864495e-05,0.00025263127802424036,-1.6278030728914305e-05,-0.0008284103928977343,0.28951273629541785,0.29018153988808415,0.29,0.001853603433158649,-1.9987414691502328e-07,2.4756034984139566e-05,13.580583495426309,-15.211182830146411,-0.0001198975882419822,13.150640871912854,-14.69294817545928,-0.0001074823071965161
1.3009999999999675,0.08582173520474717,0.001492670861303227,-8.099419660310969e-05,0.00022737548478723616,-3.032213198735611e-05,-0.0006512558660251661,0.28950570124808045,0.29017569204734667,0.29,0.0018569473043031225,-4.521937243137781e-07,2.4752061118013163e-05,13.578016663277811,-15.208673998092296,5.2122089789813165e-05,13.147695820323689,-14.689925111676972,6.729292197619764e-05
1.3209999999999653,0.08584517989521956,0.0010484618178785376,-7.678072058969754e-05,0.00020466058180927495,-4.0523279194226425e-05,-0.00045523790902333457,0.28950807099928755,0.2901788751582042,0.29,0.0018592526797553148,-7.290237272740052e-07,2.4744305227354604e-05,13.573528725544536,-15.20381776363526,0.0001955423762787175,13.143135212996032,-14.684925346998273,0.00021258182848269048
1.340999999999963,0.08585964607439962,0.0006015015817284798,-7.297878089188026e-05,0.0001849322146459126,-4.672713971888432e-05,-0.00025557376040682316,0.28951846690828253,0.2901896807842153,0.29,0.0018604373951866995,-1.0113064234171202e-06,2.4733762643267228e-05,13.56766061977819,-15.19723498394687,0.0003053019699327995,13.137470789177534,-14.678536894766093,0.0003233157429077754
1.360999999999961,0.08586552494946925,0.00018195089655540246,-6.952519029117255e-05,0.00016840290669710133,-4.905928519994294e-05,-6.570749541959506e-05,0.2895351746353778,0.29020639137503507,0.29,0.0018604932159332634,-1.2818403393814334e-06,2.4721478173688446e-05,13.560971418626583,-15.18957667699903,0.00037938790570505416,13.131217823879833,-14.671359777332135,0.00039752578715528163
1.3809999999999587,0.08586372665118228,-0.0001859674848837085,-6.635564686884726e-05,0.00015507188423684613,-4.788001073319496e-05,0.00010333207629368936,0.28955629854660475,0.29022713290775604,0.29,0.0018594808489906416,-1.5260497776144404e-06,2.470847264781441e-05,13.554000223930384,-15.1814783974588,0.00041850886945722724,13.124860961020982,-14.663965114146643,0.0004360084655210702
1.4009999999999565,0.0858555489947812,-0.00048476249294030085,-6.340857276729284e-05,0.00014475554307417885,-4.37298687798835e-05,0.0002433283778114579,0.2895799075145216,0.2902500174345666,0.29,0.0018575208168046713,-1.7325267778210176e-06,2.4695680511448733e-05,13.547234256457573,-15.17352151059078,0.00042564602368710106,13.118826644692415,-14.656861632350683,0.00044186689773901227
1.4209999999999543,0.08584253855604294,-0.0007039098298602672,-6.0628235978722744e-05,0.0001371249428088184,-3.7270719710898795e-05,0.000349037479033146,0.2896041638796328,0.2902732676273629,0.29,0.0018547811111011465,-1.893335178347237e-06,2.4683901078586198e-05,13.541084386216067,-15.166202946953582,0.0004055205209262369,13.113463062339262,-14.650470777541216,0.00041996765577513047
1.440999999999952,0.08582635432628627,-0.0008395937350720527,-5.796706302044208e-05,0.000131747024114567,-2.9226733031883146e-05,0.0004181338354878422,0.2896274294930348,0.29029531762544253,0.29,0.0018514627080716162,-2.0040820197956194e-06,2.4673764809879476e-05,13.535868708701104,-15.15991427738734,0.0003640238444288931,13.109027895565035,-14.64511088409473,0.00037636010126011884
1.46099999999995,0.0858086425901908,-0.0008940418656349971,-5.538711193671386e-05,0.00012812656043206718,-2.0329176365409705e-05,0.0004509738647724708,0.2896483450258533,0.2903148867836844,0.29,0.001847784095553854,-2.06377516444459e-06,2.4665714823340336e-05,13.531804179734321,-15.15493024482349,0.00030765476489730064,13.10568362484624,-14.640990212874035,0.0003177027153218445
1.4809999999999477,0.08579092971711656,-0.0008745542758517907,-5.2860729541977236e-05,0.00012574622832169793,-1.1268067539597189e-05,0.00045021715992891987,0.2896658809450023,0.290331025126417,0.29,0.0018439659408434833,-2.074497161814083e-06,2.466000283347474e-05,13.529005805657944,-15.151406267442885,0.00024299962067478548,13.103499677430221,-14.6382081136213,0.00025073373910636894
1.5009999999999455,0.0857745449534981,-0.0007915470081991847,-5.037039666354326e-05,0.00012410953806119167,-2.6531359944595505e-06,0.00042032556555127816,0.28967936074318607,0.290343131463925,0.29,0.0018402169235282179,-2.040923587081947e-06,2.4656696261759767e-05,13.527491605696595,-15.149381854967995,0.000173042954307221,13.102459505029678,-14.636761080970963,0.00017857215668995108
1.5209999999999433,0.0857605815757495,-0.0006579515055277564,-4.7907811974196024e-05,0.00012276581024727855,5.014741972306288e-06,0.00036707865081560894,0.28968845855523906,0.29035094661122046,0.29,0.0018367215843277868,-1.9697427710083685e-06,2.4655700799222232e-05,13.52719559428827,-15.148799658428622,0.00010986870598086325,13.102474761179092,-14.63656333170542,0.00011341709517810322
1.540999999999941,0.08574979870537122,-0.0004912596416736435,-4.5473145764717005e-05,0.00012130889309497358,1.136371381197053e-05,0.0002970932915063087,0.2896931727941629,0.29035452359246056,0.29,0.0018336308425089725,-1.8691072681043332e-06,2.4656788698526982e-05,13.527983470094211,-15.149514946418845,5.664687390833245e-05,13.103401233050148,-14.637456716993436,5.852799139446171e-05
1.5609999999999389,0.08574261796172153,-0.00030783965999606303,-4.307330409352578e-05,0.00011943011944307461,1.615705891154228e-05,0.0002171204902688576,0.28969378408714197,0.2903541832413653,0.29,0.0018310555788149574,-1.7479146462142595e-06,2.4659627036653207e-05,13.529668217673077,-15.151318241722459,1.5323982490891014e-05,13.105053875027226,-14.63923276084222,1.5907514137794698e-05
1.5809999999999367,0.08573915972706934,-0.00012224729446146733,-4.07199530175692e-05,0.00011691752430881635,1.92896030183304e-05,0.00013362946513956244,0.28969080078313975,0.29035045852462404,0.29,0.0018290634224338042,-1.6151501946123309e-06,2.466381306776622e-05,13.532029096842114,-15.153957428807743,-1.2701443672184338e-05,13.107224514593014,-14.641653267270017,-1.3019233052949726e-05
1.6009999999999345,0.0857392822401345,5.299781178127997e-05,-3.842767366658145e-05,0.00011364980441052316,2.077697670219026e-05,5.246094854734232e-05,0.2896848965471297,0.29034403207992454,0.29,0.0018276786551479824,-1.4793429689657812e-06,2.4668909468863312e-05,13.534830394015136,-15.157159368566951,-2.6870806944071532e-05,13.10969874612456,-14.644469740049287,-2.769376062873493e-05
1.6209999999999323,0.08574262734870405,0.00020775933876172916,-3.621224337440471e-05,0.00010958955496231385,2.0738805419655615e-05,-2.1456299910248636e-05,0.2896768453153477,0.290335672139263,0.29,0.0018268849418002343,-1.3481192774307423e-06,2.467447705752434e-05,13.537838599874279,-15.1606501368515,-2.7514884837098226e-05,13.112270858440548,-14.647440946551654,-2.8470555104392062e-05
1.64099999999993,0.0857486725560874,0.00033459100293937766,-3.4089090180280945e-05,0.00010477394112553771,1.9377453183942525e-05,-8.430355861311637e-05,0.28966745824278095,0.29032617130504784,0.29,0.0018266304332158344,-1.2278569485626707e-06,2.4680103142746118e-05,13.540837049900528,-15.164172142381943,-1.6888142898804157e-05,13.114756024283194,-14.65034710510126,-1.7647670664707576e-05
1.6609999999999279,0.08575680242047565,0.00043006572576075595,-3.2071843166392444e-05,9.931268902400265e-05,1.695374326113523e-05,-0.0001335064728306789,0.2896575268051439,0.2903162921330143,0.29,0.001826834669418159,-1.1234296123360582e-06,2.468542303619792e-05,13.543637034342114,-15.167499073094836,3.3835044683397733e-06,13.116998954202952,-14.653001863729605,3.0888866107900155e-06
1.6809999999999257,0.08576635846256533,0.000491948748631312,-3.0171341120606432e-05,9.335044585264259e-05,1.3763024585977651e-05,-0.00016764109913821218,0.2896477740377034,0.2903067212778458,0.29,0.0018273966462335823,-1.03811279522009e-06,2.46901416147913e-05,13.546088259106225,-15.170448396280946,3.394675309833155e-05,13.118882029995289,-14.655261994866446,3.431975618484624e-05
1.7009999999999235,0.08577665285621483,0.0005194852593093252,-2.8395176173971748e-05,8.705838747135553e-05,1.0112625895205807e-05,-0.0001864289911817408,0.2896388160669015,0.29029803412924615,0.29,0.0018282034054272816,-9.73594133137431e-07,2.469404112712181e-05,13.548082712245307,-15.172884387190443,7.15357194526253e-05,13.120327124051862,-14.657027964997093,7.270617678475787e-05
1.7209999999999213,0.08578702441957323,0.0005147330014598624,-2.6747158208335897e-05,8.062996225237754e-05,6.299633813208672e-06,-0.00019066026530155944,0.2896311366673545,0.29029067243450196,0.29,0.0018291385230696621,-9.300054589833548e-07,2.4696984435824056e-05,13.549555583910001,-15.17472205333947,0.00011306059437480791,13.12129488645384,-14.658245851867989,0.00011508382279720149
1.740999999999919,0.0857968844323014,0.0004818224029607593,-2.5227176292309805e-05,7.426004789712982e-05,2.5925588293933325e-06,-0.00018197997167058427,0.2896250736037934,0.2902849334714245,0.29,0.0018300899428943225,-9.060770684727616e-07,2.4698913498172423e-05,13.55048391782146,-15.175925970561918,0.00015569250102039935,13.121782228535643,-14.658904717625981,0.00015855384354649207
1.7609999999999169,0.08580574789269368,0.0004262670552164148,-2.383141154470997e-05,6.812888910115169e-05,-7.824227339379834e-07,-0.00016265685903123298,0.28962081607712375,0.29028096992907626,0.29,0.001830956704420436,-8.993793257772588e-07,2.4699842938833096e-05,13.550882705902925,-15.176506080901909,0.00019692901766293365,13.121817738645806,-14.659031533760283,0.00020055274171566724
1.7809999999999147,0.0858132524046537,0.0003543665284885177,-2.25528029957206e-05,6.239062511451129e-05,-3.6505498072418647e-06,-0.00013534970188361028,0.28961841204915784,0.29027879915130134,0.29,0.00183165423741064,-9.066145952027282e-07,2.469984971448563e-05,13.550799012879914,-15.176511138755519,0.00023468083424623028,13.121455610224018,-14.658684337695437,0.00023894199216008825
1.8009999999999124,0.08581916606848261,0.0002726736334327858,-2.1381686201873973e-05,5.7165671271114634e-05,-5.892990102702851e-06,-0.00010288228382195877,0.28961778369950253,0.29027831992449243,0.29,0.0018321180256170237,-9.239312307062543e-07,2.4699060079848128e-05,13.550304786909642,-15.176020521482375,0.00026734163381461336,13.120768699517829,-14.657944292272312,0.000272079692294925
1.8209999999999102,0.08582338567629676,0.00018752906438218643,-2.0306533423587736e-05,5.2536566686722646e-05,-7.447127906824831e-06,-6.803857748464672e-05,0.2896187489583991,0.2902793347286101,0.29,0.0018323055728500122,-9.472361449157144e-07,2.469763505992416e-05,13.549488998448416,-15.175135138130095,0.0002938255589068991,13.119841290794982,-14.65690730623654,0.000298858707930296
1.840999999999908,0.08582592673651496,0.00010467589426304714,-1.9314730939613833e-05,4.854694596325538e-05,-8.303176734767934e-06,-3.338795851479363e-05,0.2896210469327618,0.29028157528746246,0.29,0.0018321967247195978,-9.724861868064828e-07,2.4695755565973587e-05,13.548449704050144,-15.173968136134397,0.00031356883002683136,13.11876208295289,-14.65567581775002,0.000318707985522966
1.8609999999999058,0.08582690709438442,2.896518137399469e-05,-1.839333682205485e-05,4.520322458842619e-05,-8.497824835784867e-06,-1.1475028497948664e-06,0.2896243650762378,0.2902847293252895,0.29,0.0018317925030441893,-9.959423785631878e-07,2.4693608165453804e-05,13.547286557006009,-15.172636029486764,0.0003264981225806058,13.117617825936282,-14.654351253033878,0.0003315597735381609
1.8809999999999036,0.08582652606797296,-3.584131332275208e-05,-1.7529771949714723e-05,4.24785030517733e-05,-8.105717068145646e-06,2.691473157711055e-05,0.28962836612302545,0.290288466635152,0.29,0.001831112691730107,-1.014375243679247e-06,2.469137233751414e-05,13.546094189250962,-15.171250764279925,0.0003329714343354077,13.116487934674673,-14.653027560125652,0.0003377886541065663
1.9009999999999014,0.08582504104766292,-8.717162338928871e-05,-1.671240786762368e-05,4.031813399650923e-05,-7.229609472138136e-06,4.95346323450687e-05,0.28963271307999217,0.29029246286004157,0.29,0.001830192469735056,-1.025213879652366e-06,2.4689209845193837e-05,13.544956777311228,-15.1699131103914,0.00033369874318606423,13.115440300313265,-14.651786094283194,0.00033812987851834255
1.9209999999998992,0.08582274341235963,-0.0001236536184935073,-1.593102664836088e-05,3.864637129641811e-05,-5.990007970267537e-06,6.596714545421265e-05,0.28963709092056533,0.29029641974775283,0.29,0.0018290784174431686,-1.0266358283140176e-06,2.4687256632286446e-05,13.543943988053675,-15.168707632216522,0.0003296503045659571,13.114528410964109,-14.650692006624954,0.0003335850591709703
1.940999999999897,0.08581993541456695,-0.00014504591493734751,-1.5177139435287867e-05,3.7373530539449e-05,-4.5150287875011965e-06,7.596585451176329e-05,0.28964122401445785,0.2903000810332741,0.29,0.0018278242282124275,-1.017598898953986e-06,2.4685617439569265e-05,13.54310838569618,-15.167699356904356,0.0003219602480122572,13.113789794025172,-14.649792169561564,0.00032532307622961943
1.9609999999998948,0.08581690940466256,-0.00015210463153427626,-1.4444161171717207e-05,3.640313433611916e-05,-2.931106484639613e-06,7.973303651795762e-05,0.289644888728932,0.29030324349797243,0.29,0.0018264864394620076,-9.978196698877023e-07,2.468436313032848e-05,13.542484276908644,-15.166932133860259,0.0003118324054143574,13.113245704558672,-14.64911456819052,0.0003145833133290049
1.9809999999998926,0.08581393043095045,-0.0001464031598177635,-1.3727448575889811e-05,3.5638585777736125e-05,-1.3550381062463662e-06,7.784731870865224e-05,0.28964792102259246,0.29030576312711065,0.29,0.0018251204611834484,-9.677062482284713e-07,2.468353054757179e-05,13.542087881388085,-15.166428571227847,0.00030045419539380614,13.11290191338386,-14.648669001127299,0.00030258720089852627
2.0009999999998906,0.0858112228952348,-0.0001301228884129801,-1.3024216285427437e-05,3.498900272236238e-05,1.1229886991151748e-07,7.117656740574539e-05,0.28965021919902356,0.2903075566152829,0.29,0.0018237771287980082,-9.282549076677725e-07,2.4683124578466877e-05,13.541918644534746,-15.16619134836616,0.00028892304932337965,13.112750396706954,-14.648448870078653,0.00029046267264576386
2.0209999999998884,0.08580896159035412,-0.00010583230632586102,-1.2333351996574038e-05,3.4373946144949976e-05,1.3903698110571916e-06,6.078358619613896e-05,0.2896517422777778,0.2903085987378281,0.29,0.0018224999469181541,-8.80921400971878e-07,2.4683122007996924e-05,13.541961459229476,-15.166205640849185,0.0002781884269581032,13.112771697046957,-14.648433796324076,0.00027918466536746076
2.0409999999998862,0.08580726711899245,-7.627032727438549e-05,-1.1655155231403425e-05,3.372688103360832e-05,2.421506962305369e-06,4.783166468339432e-05,0.289652504662805,0.29030891630555355,0.29,0.00182132312593984,-8.274780968029717e-07,2.4683476678615854e-05,13.542189535424898,-15.166442357058418,0.00026901104697964613,13.112937712364639,-14.648592783579074,0.0002695333305056194
2.060999999999884,0.08580620540990952,-4.414727761873495e-05,-1.0991026114508251e-05,3.2997310068638465e-05,3.171621797610343e-06,3.349609923555853e-05,0.2896525679381168,0.29030857954666034,0.29,0.0018202704493322755,-7.698676826263455e-07,2.4684125454714006e-05,13.542567648467815,-15.166861872275948,0.00026193963486553817,13.113214674992486,-14.648887648732437,0.0002620702664356666
2.080999999999882,0.08580579082085003,-1.1974049336025326e-05,-1.0343130358601849e-05,3.2151613723680164e-05,3.629298737164691e-06,1.888661380013376e-05,0.28965203069692175,0.2903076918147574,0.29,0.001819354950248027,-7.10063135105545e-07,2.4684994502921173e-05,13.54305550761779,-15.167417954927034,0.0002573043378760781,13.113566101455385,-14.64927646177943,0.0002571318950829743
2.1009999999998796,0.08580599215379991,1.807330090324463e-05,-9.714064816854218e-06,3.1172709485595795e-05,3.803542385069805e-06,4.9842550398374885e-06,0.28965101731857673,0.29030637851146,0.29,0.0018185793250762173,-6.499421217242636e-07,2.4686005442070548e-05,13.543611012068782,-15.16806160691878,0.0002552250164660107,13.113955525384597,-14.649716770241312,0.0002548381383766983
2.1209999999998774,0.08580674080987541,4.42494729359549e-05,-9.10654476651146e-06,3.0058705251361104e-05,3.720501542845178e-06,-7.405069779953272e-06,0.2896496665555971,0.2903047760453316,0.29,0.0018179369712804144,-5.911821227027419e-07,2.4687080985118357e-05,13.544193199260116,-15.168744581736208,0.00025563191806396435,13.11434886492203,-14.650168427376567,0.0002551138265132932
2.1409999999998752,0.08580794027549674,6.529540709848569e-05,-8.523129940270213e-06,2.8820764601993744e-05,3.4195167464277796e-06,-1.7679604293568176e-05,0.2896481206921615,0.2903030215378697,0.29,0.0018174135087566834,-5.351805052275077e-07,2.4688149774205694e-05,13.54476473549156,-15.16942239544826,0.00025829578711858826,13.114716319559165,-14.650595893358107,0.00025771980405991577
2.160999999999873,0.08580947615248344,8.045509245681273e-05,-7.966001599586658e-06,2.748042461167253e-05,2.9488360758606923e-06,-2.5453729592522473e-05,0.28964651589874135,0.290301243844762,0.29,0.001816988628482827,-4.830016981441183e-07,2.4689150203965324e-05,13.545293847893838,-15.170056702545919,0.00026286424706647776,13.115033735964886,-14.650969930298565,0.0002622904753388102
2.180999999999871,0.08581122601348282,8.945771495284056e-05,-7.436798034957115e-06,2.606661145395565e-05,2.361319980934838e-06,-3.0554395323177255e-05,0.289644974248266,0.29029955630016796,0.29,0.0018166381089606328,-4.3535163387165957e-07,2.469003311807019e-05,13.545755645980005,-15.17061696618781,0.0002689013065364628,13.115283424929629,-14.651268661939053,0.0002683745474867393
2.2009999999998686,0.08581306846998629,9.247085553839752e-05,-6.936511136201862e-06,2.4612586171563607e-05,1.7104142972782711e-06,-3.300427648632434e-05,0.2896435976909449,0.29029805142621257,0.29,0.001816335848660807,-3.9257786610257635e-07,2.469076335090562e-05,13.546132827094231,-15.171081407108263,0.0002759270420218082,13.115454449591462,-14.65147801394311,0.0002754759356266131
2.2209999999998664,0.0858148909715315,9.003156295156055e-05,-6.46544237726393e-06,2.315302734921903e-05,1.0466164888842712e-06,-3.299449464875609e-05,0.2896424641193423,0.2902967976904223,0.29,0.0018160557795543779,-3.5469231466829225e-07,2.4691320167783312e-05,13.54641580066535,-15.171437264054072,0.00028345488251624377,13.115542436740785,-14.651591588893746,0.0002830921791419639
2.240999999999864,0.08581659599974362,8.296265066131669e-05,-6.023212943240264e-06,2.1721420968316762e-05,4.145985974414202e-07,-3.085004311150475e-05,0.2896416255031217,0.29029583825021893,0.29,0.0018157735506341862,-3.214125003599559e-07,2.4691696715718038e-05,13.546602299005976,-15.17168043874073,0.000291024400449763,13.115548987080937,-14.651610059486854,0.00029074821134946594
2.260999999999862,0.08581810546864171,7.22815636868979e-05,-5.608819930523479e-06,2.0347885032241267e-05,-1.4891364028234072e-07,-2.6991113806161197e-05,0.2896411079419436,0.29029519150290184,0.29,0.0018154678986799836,-2.9221643506911396e-07,2.4691898652652687e-05,13.546696566805526,-15.171814628544896,0.0002982280769945117,13.115480776222542,-14.651540183619156,0.00029802390608300633
2.28099999999986,0.08581936328320929,5.910867473897484e-05,-5.2207286515629225e-06,1.9057511634611926e-05,-6.164680632693329e-07,-2.1893367480117905e-05,0.2896409133810906,0.2902948531666342,0.29,0.0018151216539670772,-2.6640602687307333e-07,2.469194214765174e-05,13.54670823656471,-15.171850069721014,0.000304731095485979,13.115348446003447,-14.65139355571451,0.00030457442796144406
2.3009999999998576,0.08582033613353686,4.458101110615299e-05,-4.8569900732292615e-06,1.7869264346104757e-05,-9.704385682951497e-07,-1.6049856190306497e-05,0.2896410226605823,0.2902947995550762,0.29,0.0018147223588817602,-2.4317392427570697e-07,2.4691851464956127e-05,13.546651003513857,-15.171802023056797,0.00031028379189539985,13.115165386051178,-14.651185210507624,0.00031014300645593906
2.3209999999998554,0.08582101270576362,2.9776278185777586e-05,-4.515372265471995e-06,1.679542767535432e-05,-1.2028692580341829e-06,-9.936843126744161e-06,0.28964139952576895,0.2902949916757078,0.29,0.0018142625054935147,-2.216691078826054e-07,2.469165634189444e-05,13.546541211676418,-15.171689133285177,0.0003147269179989126,13.11494649928746,-14.650932189565747,0.0003145662963304826
2.340999999999853,0.08582140156963533,1.565074059694563e-05,-4.19349531655816e-06,1.584157071858218e-05,-1.3147137626494062e-06,-3.985216614551002e-06,0.2896419952141456,0.29029537977744246,0.29,0.0018137394224427977,-2.0105718027309104e-07,2.4691389355411344e-05,13.546396453855104,-15.171531784585515,0.00031799032431652116,13.114707033623507,-14.650652168502374,0.0003177729528468292
2.360999999999851,0.08582152805394647,2.993157582113665e-06,-3.888960364351046e-06,1.5006957785349289e-05,-1.3145987092824753e-06,1.4413907167032881e-06,0.2896427532466425,0.29029590799366173,0.29,0.0018131548608731115,-1.8057213427344253e-07,2.4691083450346434e-05,13.546234274062991,-15.171350558749186,0.0003200860115883101,13.114461546785568,-14.650362225872716,0.00031977640185914884
2.380999999999849,0.08582143044568949,-7.604358496660029e-06,-3.599465019626935e-06,1.4285320310750396e-05,-1.2172540780932427e-06,6.061246900508828e-06,0.2896436140872039,0.29029651876737145,0.29,0.001812514342883681,-1.5955731938493732e-07,2.4690769767327438e-05,13.546071042676704,-15.171164882110272,0.0003210967529568336,13.114223053724793,-14.650077814704495,0.00032066304674126115
2.4009999999998466,0.08582115584826065,-1.575890429969775e-05,-3.322899377072863e-06,1.3665891221290562e-05,-1.0417558956918242e-06,9.681937256344847e-06,0.2896445193872484,0.290297156800827,0.29,0.0018118263438736332,-1.374942980923101e-07,2.4690475870295428e-05,13.545921054319276,-15.170991923827643,0.000321161608918909,13.114002387524287,-14.649811976367282,0.0003205772769982812
2.4209999999998444,0.08582075601194523,-2.1294141043105983e-05,-3.0574188382842538e-06,1.313460009473399e-05,-8.097196621739077e-07,1.2201026797636363e-05,0.28964541559556295,0.29029777233678167,0.29,0.0018111013823809761,-1.140192268885989e-07,2.469022443697867e-05,13.545795877546299,-15.170845783806664,0.00032045969157062226,13.11380778688012,-14.649574815481794,0.0003197046791494395
2.440999999999842,0.08582028341036879,-2.4224621282517468e-05,-2.801491980584936e-06,1.2675329916995919e-05,-5.435678324838265e-07,1.3600816791362438e-05,0.2896462567840254,0.29029832364733194,0.29,0.001810351088130749,-8.89272440008789e-08,2.469003243550066e-05,13.545703965384563,-15.170736984767297,0.00031919346279931174,13.113644706675872,-14.649373235135158,0.0003182547760155961
2.46099999999984,0.08581978778455732,-2.472982164125616e-05,-2.5539235600155474e-06,1.227114565063344e-05,-2.6497361121558036e-07,1.3938313874870869e-05,0.28964700660982584,0.2902987786740302,0.29,0.0018095873118124711,-6.216606311264677e-08,2.4689910777366232e-05,13.545650517758009,-15.17067226150734,0.0003175727123480594,13.113515834274743,-14.649210914921696,0.00031644447698433786
2.480999999999838,0.08581931331671182,-2.3120920494140575e-05,-2.313854339734689e-06,1.1905418601064571e-05,6.44157387131468e-09,1.3331692007412968e-05,0.28964763940099986,0.2902991158253084,0.29,0.0018088213296106506,-3.38205193013599e-08,2.4689864406513118e-05,13.545637571744765,-15.170654622100756,0.0003158001658408053,13.113421283065598,-14.649088500884941,0.00031448321992297925
2.5009999999998356,0.08581889653363871,-1.9803431129168224e-05,-2.080740718245211e-06,1.156278734549736e-05,2.541061651393329e-07,1.1944585373195583e-05,0.28964814041042725,0.29029932399100433,0.29,0.0018080631828096584,-4.090183372984377e-09,2.468989276102177e-05,13.5456642840605,-15.170683641539355,0.0003140594381636344,13.11335892715139,-14.649003966855858,0.00031256054214777126
2.5209999999998334,0.08581856497937339,-1.5238652493127714e-05,-1.8543180545227411e-06,1.122991398960913e-05,4.6516776030319587e-07,9.96951392290742e-06,0.2896485053312121,0.2902994018765779,0.29,0.0018073211789966074,2.6737654224837782e-08,2.4689990530578794e-05,13.545727362434079,-15.170755938466161,0.00031250580191409045,13.113324836675316,-14.648953100959178,0.00031083656484713016
2.540999999999831,0.08581833664154948,-9.906589399966168e-06,-1.6345521318406053e-06,1.0896013747934137e-05,6.308336882080286e-07,7.611627543717077e-06,0.2896487392017883,0.2902993567900082,0.29,0.0018066015675383515,5.8317313831135213e-08,2.469014862053855e-05,13.545821598513964,-15.170865780324004,0.0003112599959574046,13.113313772248132,-14.648930069077647,0.00030943562210365857
2.560999999999829,0.08581822006937101,-4.2725440805825604e-06,-1.4215833946187861e-06,1.055315297593505e-05,7.464042113977922e-07,5.073777698845006e-06,0.2896488548516859,0.2902992030322712,0.29,0.0018059083890305987,9.02741933696897e-08,2.4690355233561024e-05,13.545940454713989,-15.171005761017788,0.00031040507386253017,13.113319698484606,-14.64892800855805,0.00030844303267209825
2.5809999999998268,0.08581821508452173,1.2409440035063645e-06,-1.2156684517095062e-06,1.0196326627064424e-05,8.110367479601545e-07,2.5437065235723223e-06,0.2896488710486604,0.2902989600479399,0.29,0.0018052434870600553,1.2223245421375685e-07,2.46905969854159e-05,13.54607666001417,-15.171167497918198,0.00030998609384849624,13.113336280911987,-14.64893960963719,0.0003079048086677604
2.6009999999998246,0.08581831396104245,6.275702773063633e-06,-1.0171229319066999e-06,9.823338999967353e-06,8.272918287482038e-07,1.8390220511295902e-07,0.2896488105060829,0.2902986504873092,0.29,0.001804606661431235,1.5383936202202822e-07,2.4690859975801466e-05,13.546222775121521,-15.1713423006503,0.0003100122978435536,13.113357336210646,-14.648957648562249,0.0003078299354675377
2.6209999999998224,0.08581850293624224,1.0552531394360304e-05,-8.262691561164437e-07,9.434521045285548e-06,8.005189267467565e-07,-1.8755752257900042e-06,0.28964869789761527,0.29029829831715087,0.29,0.001803995935327623,1.8478512794218782e-07,2.469113075263306e-05,13.546371694504728,-15.171521772202995,0.00031046131044234717,13.113377212843696,-14.6489754442809,0.00030819473700979355
2.64099999999982,0.08581876391150271,1.3878782437969286e-05,-6.433913250988854e-07,9.0323240638384e-06,7.381429785449952e-07,-3.5412256873727167e-06,0.28964855800639105,0.2902979270959153,0.29,0.0018034079048321109,2.1481753012260725e-07,2.4691397121847587e-05,13.546517061177992,-15.171698312410456,0.00031128482290655805,13.113391086661448,-14.64898721929167,0.00030894877274002737
2.660999999999818,0.08581907620815557,1.6149357022155482e-05,-4.6870008341831637e-07,8.620832055548539e-06,6.489108165510722e-07,-4.757332570456703e-06,0.2896484141105201,0.2902975585032561,0.29,0.0018028381377625806,2.4375102155971264e-07,2.4691648768607953e-05,13.546653578842117,-15.171865504079594,0.0003124151986347164,13.113395163647192,-14.648988353998135,0.0003100216830477383
2.6809999999998158,0.08581941825781988,1.7341916959783652e-05,-3.0230747261050794e-07,8.205234977344665e-06,5.421515122161001e-07,-5.504582448402244e-06,0.2896482866781116,0.2902972111854288,0.29,0.0018022815896622782,2.7147042325885304e-07,2.4691877677609915e-05,13.546777214728792,-15.172018372181574,0.0003137724545794117,13.11338678896945,-14.648975532282986,0.00031133041879561317
2.7009999999998136,0.08581976912669728,1.750738388372908e-05,-1.4421247930551662e-07,7.791302002956174e-06,4.2709661001214147e-07,-5.796513564652079e-06,0.28964819241533823,0.2902968999494988,0.29,0.0018017330076704654,2.9792963960622157e-07,2.469207834839631e-05,13.546885294285905,-15.172153516019149,0.0003152711175642386,13.113364467789093,-14.648946783288293,0.0003127863368995686
2.7209999999998113,0.08582010979727683,1.6756959884525695e-05,5.7033228140213055e-09,7.384888797381475e-06,3.1229629685294446e-07,-5.674309012396867e-06,0.2896481436826152,0.2902966353124053,0.29,0.0018011872974444728,3.2314609899538056e-07,2.4692247820900933e-05,13.546976495822914,-15.172269122441941,0.0003168265299428968,13.113327808146307,-14.648901430533794,0.0003143017219610738
2.740999999999809,0.08582042415665504,1.5246965862181893e-05,1.4767112475888577e-07,6.991505970250009e-06,2.0515659657579646e-07,-5.200489501093125e-06,0.28964814826817603,0.2902964233871756,0.29,0.0018006398338247132,3.471918133368799e-07,2.469238553388663e-05,13.547050758519255,-15.172364874850379,0.0003183602686140289,13.113277400007533,-14.6488399639504,0.00031579538697149007
2.760999999999807,0.08582069966631836,1.316276534188359e-05,2.8202275406674637e-07,6.615968716690815e-06,1.1161154675259324e-07,-4.452058532398688e-06,0.28964820948664244,0.2902962660690664,0.29,0.0018000867020302946,3.7018205447670854e-07,2.469249304641923e-05,13.547109121090875,-15.172441777511112,0.0003198044467220007,13.11321464678396,-14.648763853368022,0.0003171971149104882
2.7809999999998047,0.08582092771210105,1.0702929406914106e-05,4.0917287143921177e-07,6.2621392337338855e-06,3.593374910471263e-08,-3.513615332529368e-06,0.28964832655350203,0.2902961614699751,0.29,0.0017995248623703722,3.922626780199052e-07,2.4692573659330447e-05,13.54715351063465,-15.172501917609965,0.00032110476174333264,13.113141566524511,-14.648675323319068,0.00031845080118143696
2.8009999999998025,0.08582110365391485,8.064639739578733e-06,5.295974250044133e-07,5.9327664535270454e-06,-1.932270800323808e-08,-2.4708850006682964e-06,0.2896484951750126,0.29029610454021815,0.29,0.0017989522373374055,4.1359708083709306e-07,2.469263197403267e-05,13.54718650178731,-15.172548188581345,0.0003222222650694425,13.113060579706657,-14.64857710886554,0.00031951627151431623
2.8209999999998003,0.08582122661160434,5.4311042762266646e-06,6.438102820999214e-07,5.629420438683359e-06,-5.3260721297039866e-08,-1.4050290603645508e-06,0.2896487082870962,0.29029608781266847,0.29,0.0017983677251635173,4.343536797458993e-07,2.4692673424836342e-05,13.547211065645381,-15.172583997643205,0.0003231339008383196,13.112974299136367,-14.648472210781991,0.00032036982585296125
2.840999999999798,0.08582129903558988,2.9615370347316694e-06,7.523398179998253e-07,5.352513115734891e-06,-6.647965674179141e-08,-3.8800129233607754e-07,0.28964895687592895,0.29029610220498536,0.29,0.001797771148213285,4.5469465402970814e-07,2.4692703819114236e-05,13.547230326015821,-15.172612978490708,0.00032383194490435404,13.112885335263892,-14.648363666034651,0.00032100364417766747
2.860999999999796,0.08582132611843463,7.840101793066735e-07,8.55707011422624e-07,5.1013925993881214e-06,-6.08392752942884e-08,5.208888297800993e-07,0.2896492308164709,0.2902961378203427,0.29,0.0017971631477893336,4.747665182623306e-07,2.4692728913442924e-05,13.54724733774711,-15.172638727035642,0.00032432252417929577,13.112796127496296,-14.648254346369605,0.00032142424144913055
2.8809999999997937,0.08582131510636096,-1.0087372361828642e-06,9.544062907484996e-07,4.874495205382529e-06,-3.917332367071304e-08,1.2771422162900885e-06,0.289649519672437,0.29029618469507396,0.29,0.0017965450389675545,4.946929029111078e-07,2.4692754048465137e-05,13.5472648985745,-15.172664574235228,0.00032462343420619835,13.112708808968506,-14.648146794324122,0.0003216501977229705
2.9009999999997915,0.08582127456842287,-2.3606537788543e-06,1.0488900324331918e-06,4.669537616299024e-06,-4.977940412193381e-09,1.8519933036568865e-06,0.28964981341111984,0.29029623345189404,0.29,0.0017959186399703598,5.145697291636188e-07,2.4692783859147594e-05,13.547285402262183,-15.172693405795378,0.00032476148762297224,13.112625109043707,-14.64804310231534,0.0003217094045378311
2.9209999999997893,0.08582121367617494,-3.251179114791514e-06,1.139557258014734e-06,4.483731524036651e-06,3.790166172815954e-08,2.232194537366177e-06,0.2896501029981011,0.2902962758289112,0.29,0.001795286090415695,5.344627864813476e-07,2.4692822067832135e-05,13.547310737039744,-15.172727534297314,0.00032476962837186185,13.112546294938472,-14.647944836884843,0.0003216360710858281
2.940999999999787,0.08582114153902638,-3.6919106703337036e-06,1.2267467294213574e-06,4.314003723330193e-06,8.556575884289439e-08,2.41882628389019e-06,0.28965038084925493,0.29029630506664406,0.29,0.0017946496716917438,5.544075641664157e-07,2.4692871363761307e-05,13.54734223004574,-15.172768625067866,0.0003246840279388973,13.11247315094014,-14.64785300704634,0.00032146771398900407
2.960999999999785,0.08582106663091638,-3.721630069308537e-06,1.3107343330848176e-06,4.15720679334463e-06,1.343193591964524e-07,2.425337640252915e-06,0.28965064112961686,0.290296316146751,0.29,0.0017940116408905779,5.744110616468446e-07,2.469293336492747e-05,13.54738063525012,-15.17281767359552,0.0003245413553802303,13.112405991684867,-14.647768072900092,0.00032124232927255677
2.9809999999997827,0.08582099633333451,-3.4002283854371664e-06,1.3917343773262036e-06,4.010307826547464e-06,1.8088402924544867e-07,2.2750462035055273e-06,0.28965087989997756,0.29029630588663674,0.29,0.0017933740873992403,5.944552089188313e-07,2.4693008654497128e-05,13.547426159992227,-15.17287502914662,0.00032437637278235774,13.112344704038197,-14.647689988634033,0.0003209959034778816
3.0009999999997805,0.08582093660890278,-2.802066573526606e-06,1.4699042245255867e-06,3.8705459528608915e-06,2.2255486492003788e-07,1.9983297363827885e-06,0.2896510951217595,0.2902962729028516,0.29,0.0017927388186135414,6.145014709522781e-07,2.4693096878524e-05,13.547478523325124,-15.172940457018953,0.00032421997095543915,13.112288811115071,-14.647618272558468,0.00032076038225503146
3.0209999999997783,0.08582466405097788,0.00036635603676471814,1.710845356536761e-06,2.008212216540268e-05,-1.554648947495063e-06,-0.00017760942722605072,0.2896546858186567,0.2902996566678226,0.2902999999999997,0.0017922099738267154,6.518449553948272e-07,2.4788809795051684e-05,13.6192621805385,-15.245967395776471,0.0005150400791379967,13.183712922743876,-14.720193196904527,0.000509033970840481
3.040999999999776,0.08584558498999113,0.001313048654963599,2.8340536760013135e-06,7.249764659111578e-05,-1.3023767668856785e-05,-0.0007508603397836801,0.2896782458469288,0.2903232323389809,0.29059999999999947,0.0017923033917719839,7.663050890618399e-07,2.4893038237738852e-05,13.675987787583011,-15.307306308061644,0.0010995339101629589,13.239611829073322,-14.780504408968751,0.0010886862921540136
3.060999999999774,0.085882557432924,0.001990844685845352,5.2051115761869715e-06,0.0001361842568471551,-3.76103845349786e-05,-0.0014041958881368325,0.2897370182896408,0.29038239550996614,0.2908999999999992,0.0017934978656968664,9.58002836223714e-07,2.4967510675069252e-05,13.716555965487817,-15.354039970063003,0.0017374722415018492,13.278911332967592,-14.825663177783657,0.0017227281365211579
3.0809999999997717,0.08592417949719813,0.002035488104292697,8.806323880679312e-06,0.00019572426184355548,-7.34052606958281e-05,-0.0019106732715665378,0.2898416843057733,0.2904879108335338,0.29119999999999896,0.0017960264764858055,1.191176296561945e-06,2.5011280558436995e-05,13.740735568422132,-15.384346100559712,0.00230080259686453,13.301495419399956,-14.853984768404713,0.0022840209205236043
3.1009999999997695,0.08595669661423493,0.0013954273432799599,1.3451802049160855e-05,0.0002447914353463213,-0.0001156805874806637,-0.0021579014876927957,0.2899987454298132,0.2906462714026912,0.2914999999999987,0.001799829757517139,1.4271300562395782e-06,2.5025187572979093e-05,13.749138101363789,-15.397772654767154,0.002753485945945663,13.308161349305076,-14.865244237873451,0.00273640863950903
3.1209999999997673,0.08596763739488941,0.0001661276080205435,1.8909019181230502e-05,0.0002822284418808986,-0.0001586940042727739,-0.002115175091097422,0.290210580713752,0.2908597522716049,0.29179999999999845,0.0018045836843574305,1.6374306314855907e-06,2.501168484912533e-05,13.74320363644565,-15.395129263969514,0.003087967861407593,13.300560215142747,-14.860511991902206,0.0030717901332168586
3.140999999999765,0.08594750053532108,-0.0014902630064071501,2.496599348043166e-05,0.000309678062433484,-0.0001969303238852117,-0.0018070947499119147,0.29047575788709995,0.29112674371020264,0.2920999999999982,0.0018097739324880035,1.8078766658245002e-06,2.4974539762120825e-05,13.725032312976275,-15.378240940167428,0.003301603985417166,13.280992559628066,-14.841861983308203,0.00328685553372788
3.160999999999763,0.08589041948132027,-0.0033883352117594404,3.14641879748459e-05,0.00033006309571198414,-0.00022588990483299545,-0.0012921632245014704,0.2907895993719643,0.2914423506070652,0.29239999999999794,0.0018147869492384332,1.937859762805885e-06,2.4918452934637456e-05,13.697178844621638,-15.349669620400581,0.0033918614436536368,13.252178153085994,-14.812061842710579,0.0033784498780268764
3.1809999999997607,0.0857942259243757,-0.00534574813049946,3.8308963459257606e-05,0.000346591152561333,-0.00024251109900855618,-0.0006456271191699422,0.2911449058621851,0.2917991501505489,0.2926999999999977,0.0018190005627281556,2.0375738482100843e-06,2.484866049194199e-05,13.662444589619536,-15.31243455182495,0.003357674679563686,13.217032066804345,-14.774273212842353,0.0033450093422490866
3.2009999999997585,0.08566013136557782,-0.007200105427836316,4.546568128732664e-05,0.00036212911231969,-0.000245307410747561,5.3720573877697446e-05,0.2915327519753716,0.2921880172096758,0.29299999999999743,0.0018218637457189759,2.124399375076704e-06,2.4770549243730353e-05,13.623680060860025,-15.269746478230813,0.003201893915003123,13.178458795322742,-14.731775546507833,0.0031890448422578987
3.2209999999997563,0.08549216639436205,-0.008819492672068484,5.294737452583853e-05,0.0003788494670688123,-0.00023429421006065725,0.0007330894398872892,0.2919432877888601,0.29259894888138843,0.2932999999999972,0.001822958823704997,2.219180242862851e-06,2.468930730600458e-05,13.583607412548893,-15.224767927182773,0.0029329605022060377,13.139173426385971,-14.687724770838797,0.0029188261311025193
3.240999999999754,0.08529648161159764,-0.010108144367753535,6.079834677608087e-05,0.00039807638312182764,-0.0002107722368164167,0.0013319970618826133,0.2923664935675892,0.2930218343687662,0.2935999999999969,0.001822042224127167,2.3428051568422873e-06,2.4609628730688434e-05,13.544671173128258,-15.180410067254037,0.002565321180184343,13.101557320688395,-14.644956213707468,0.0025487874805091744
3.260999999999752,0.08508059411383267,-0.011008138509499457,6.907685769208527e-05,0.00042027542079729155,-0.00017702602123212331,0.0018058015859085013,0.2927928460325776,0.29344712819848434,0.29389999999999666,0.0018190625094803051,2.5133489070181957e-06,2.453548529959842e-05,13.508923349469006,-15.139173700247568,0.0021187131853492775,13.067553146799328,-14.605837774452535,0.0020987917842622407
3.2809999999997497,0.08485264796205258,-0.011497875018941206,7.783910861599436e-05,0.0004451425692367376,-0.00013598542880347816,0.00212696305267921,0.29321386553347856,0.293866396546884,0.2941999999999964,0.001814156840478974,2.7439308266126237e-06,2.4469972363878884e-05,13.477946288156405,-15.103038458634748,0.001616688438997426,13.03860105431476,-14.572175444412068,0.0015926249989426826
3.3009999999997475,0.08462074201039985,-0.011588095382765215,8.712598658735388e-05,0.00047175705210056795,-9.088844985399427e-05,0.002284535814273294,0.29362252483430196,0.2942727184479622,0.29449999999999615,0.0018076289492029195,3.0413664866468714e-06,2.4415229525231557e-05,13.452813869422325,-15.073400779947358,0.001084775508760388,13.015614867436422,-14.545169670321332,0.0010561232147309157
3.3209999999997453,0.08439236313351925,-0.011316210799650965,9.6953413886193e-05,0.0004987690382876409,-4.497361318900214e-05,0.002282370863300103,0.29401351138443327,0.2946609353025557,0.2947999999999959,0.0017999130201543539,3.405613615411917e-06,2.4372431702240063e-05,13.434089048628879,-15.05105808670065,0.0005486082529998006,12.998994728708025,-14.525418042215374,0.0005152648566904911
3.340999999999743,0.08417394792445212,-0.010739674143912812,0.00010730665074890067,0.0005245986296766288,-1.2214018199615006e-06,0.0021364655548235423,0.2943833452664536,0.29502775269248294,0.29509999999999564,0.0017915285496734245,3.829946743567758e-06,2.4341842021641336e-05,13.42185362675295,-15.036234012720048,3.224582599407699e-05,12.988670731634611,-14.512957501386813,-5.544014126728507e-06
3.360999999999741,0.08397058232667837,-0.009929050285414085,0.00011813849146329741,0.000547626930556423,3.784394447119491e-05,0.0018718449910396795,0.29473036392682384,0.29537170747120406,0.2953999999999954,0.0017830313415030097,4.301742984190966e-06,2.432291510277298e-05,13.415764524243276,-15.028637590903386,-0.0004431912549918331,12.984170788886903,-14.507337730896491,-0.00048486394362348
3.3809999999997387,0.08378583721174401,-0.008961323369296389,0.00012937097043963508,0.0005663641522946792,7.0287678774637e-05,0.0015192994049886956,0.29505459190147626,0.29569302008470416,0.29569999999999513,0.0017749654107678166,4.803727884083138e-06,2.431443764768827e-05,13.415129797004871,-15.027548093350335,-0.0008605210133599203,12.984705286055169,-14.507716588390462,-0.0009052460955856542
3.4009999999997365,0.08362172903864787,-0.00791384816287893,0.00014089995434957148,0.0005795838869470362,9.483386895453931e-05,0.001112239310631977,0.295357518806291,0.29599335687969613,0.2959999999999949,0.00176781984130562,5.3155162413420956e-06,2.431469267244468e-05,13.418997167359091,-15.031916678259396,-0.0012071365295349516,12.989260935346577,-14.512968311190866,-0.001253885745164789
3.4209999999997343,0.08347878848188572,-0.006859223087215959,0.000152601841098908,0.0005864169664675735,0.00011087614375711612,0.0006838680782964438,0.29564181179211396,0.29627552974746113,0.2962999999999946,0.0017619936993419167,5.815285785480245e-06,2.4321634073885374e-05,13.426247906251879,-15.04047609099127,-0.0014753042018473702,12.996696608456524,-14.521795683315851,-0.001522930230128112
3.440999999999732,0.08335621606731128,-0.005861247045669734,0.0001643415165049067,0.0005864025656548406,0.00011843834139535278,0.00026481223344973666,0.29591098953282746,0.296543160940159,0.29659999999999437,0.0017577710615403264,6.281437292241942e-06,2.4333059325934914e-05,13.43568942521935,-15.051850299515062,-0.001662157536645954,13.005834711132074,-14.532838299525213,-0.0017094755674693463
3.46099999999973,0.0832521020366156,-0.004972026341696812,0.00017598073039209322,0.0005794981301526803,0.00011809553985461511,-0.00011870515156743911,0.2961690838180424,0.2968003395125348,0.2968999999999941,0.0017553071601526086,6.694118204541069e-06,2.434676977836084e-05,13.44614082742165,-15.064657006844808,-0.0017694217839927084,13.015542765477717,-14.544770375406797,-0.0018152878517933484
3.4809999999997276,0.08316368746314934,-0.00423022242183822,0.0001873861345125169,0.0005660530063310752,0.00011086693131131587,-0.00044611183791199105,0.2964203122553009,0.29705129291050136,0.29719999999999386,0.00175462565707107,7.036513985391565e-06,2.4360710105094806e-05,13.456506823915774,-15.077597354382643,-0.001802905787551319,13.024801182315574,-14.556383109656892,-0.0018462868151593826
3.5009999999997254,0.08308764469237934,-0.0036603733269494005,0.00019843635886285932,0.000546753064386941,9.809209659097752e-05,-0.0007031610196749288,0.29666878181574513,0.29730009313722605,0.2974999999999936,0.0017556261909024392,7.295839335993875e-06,2.437308077732745e-05,13.465836737851427,-15.089528686517793,-0.001771801432985726,13.03275462389042,-14.566648279057125,-0.0018118330448263422
3.5209999999997232,0.08302035717850506,-0.003273177901744858,0.0002090276707956834,0.0005225450035696258,8.130158337698292e-05,-0.0008820747989677563,0.2969182383833617,0.29755041209548017,0.29779999999999335,0.0017581006408451658,7.46398844090369e-06,2.4382419848352896e-05,13.47336669024191,-15.099517868642216,-0.0016878383366339198,13.038745770755607,-14.574761417686638,-0.001723867654247927
3.540999999999721,0.08295818150274484,-0.0030665987705646484,0.00021907794222084803,0.0004945494076541332,6.209144886610214e-05,-0.0009812255403877645,0.2971718724965496,0.2978053355486088,0.2980999999999931,0.0017617560474504712,7.5378288292603105e-06,2.4387652709894026e-05,13.478544389638442,-15.10687422745982,-0.0015643499534765749,13.042331620358617,-14.580164492207107,-0.0015959617524958461
3.560999999999719,0.08289767760310465,-0.0030276159141305638,0.0002285288254340878,0.0004639711049385641,4.200975486028474e-05,-0.00100444335855219,0.29743218648227104,0.29806724004693963,0.29839999999999284,0.0017662418371339693,7.519146933713392e-06,2.4388110663700782e-05,13.481037150463331,-15.11116261897349,-0.0014153141116080565,13.043283581245497,-14.58254934579471,-0.0014423398756223883
3.5809999999997166,0.08283579685171108,-0.0031344469053629456,0.000237346192794044,0.0004320141921272654,2.246106246901132e-05,-0.000960049206396363,0.29770092350988064,0.2983377324631784,0.2986999999999926,0.001771178912796777,7.414274637783026e-06,2.4383521045710443e-05,13.48072477551046,-15.112198349963231,-0.001254433321594279,13.041573529630215,-14.581844279429085,-0.0012769438438178272
3.6009999999997144,0.0827700214091849,-0.0033590430412129267,0.0002455190196491708,0.0003998074608256698,4.632920282994257e-06,-0.0008597166013208721,0.29797905500117505,0.29861764772987814,0.2989999999999923,0.0017761882806327854,7.233444434983321e-06,2.4373973137450357e-05,13.477679712490104,-15.110026630609783,-0.0010943163438701439,13.037348632618901,-14.578186931555965,-0.001112599554021325
3.6209999999997122,0.08269845207388526,-0.0036696736361571834,0.0002530569787498327,0.00036834416953330444,-1.0553683089187342e-05,-0.0007172616824803281,0.298266819517709,0.2989070971557276,0.2992999999999921,0.0017809171542061176,6.9899354404546996e-06,2.4359865158262124e-05,13.47213741040823,-15.104889890575786,-0.0009458121972518563,13.030898105841292,-14.571887092580296,-0.0009603387683038959
3.64099999999971,0.08261984542180047,-0.004033424116547516,0.0002599870675373331,0.0003384383460853021,-2.2469800270120036e-05,-0.0005474520810166174,0.2985638038202706,0.29920555741502686,0.2995999999999918,0.0017850608730824971,6.699082479834829e-06,2.4341838199810165e-05,13.464460057699327,-15.097186643587817,-0.0008175322367738312,13.022615175382665,-14.56338325977276,-0.0008289121913212091
3.660999999999708,0.08253360419795586,-0.00441845683995698,0.00026634961025220893,0.00031069823697444613,-3.078145451347191e-05,-0.00036491130295789097,0.29886905529786645,0.2995119889796562,0.29989999999999156,0.0017883794512803597,6.377225080193041e-06,2.432070309175869e-05,13.45509689808469,-15.087425652414943,-0.0007155773343578968,13.012957383971269,-14.553196631777922,-0.0007245112722940614
3.6809999999997056,0.08243972749529667,-0.004795915174988551,0.00027219396993983375,0.00028551623142286317,-3.5432824528809306e-05,-0.00018317842702367455,0.29918121436675776,0.2998249723510663,0.3001999999999913,0.0017907080857511824,6.040672040938811e-06,2.429736587186355e-05,13.444544123355499,-15.076178960470395,-0.0006434681851189626,13.00240806130268,-14.541885905143275,-0.0006506968636044691
3.7009999999997034,0.08233872911230777,-0.005141388675070145,0.0002775742772545414,0.0002630736074294657,-3.6613421088335306e-05,-1.3964408201178295e-05,0.2994986556609308,0.30014285085320047,0.30049999999999105,0.00179196146435151,5.704750556376857e-06,2.4272756899002287e-05,13.43330697674108,-15.064036963514905,-0.000602259833356609,12.99144131644216,-14.530005723156133,-0.0006085156479565221
3.720999999999701,0.08223154994809964,-0.005433420155741468,0.0002825455924269013,0.0002433808452527937,-3.471407821272383e-05,0.00013329220402833958,0.2998196281208265,0.3004638701975035,0.3007999999999908,0.0017921321780518496,5.38302326044826e-06,2.4247758598660312e-05,13.421860470691284,-15.051545145947937,-0.0006347281516418684,12.980486647504698,-14.518048012989954,-0.0006407002110078592
3.740999999999699,0.0821199914658304,-0.005619215766080473,0.0002871655164473491,0.00022662842067923639,-3.029004763444871e-05,0.00025089155197006844,0.3001423954100577,0.30078631640833997,0.30109999999999054,0.0017912838755321132,5.0872934286960975e-06,2.4223120386193254e-05,13.41060893864798,-15.039213250936491,-0.0007041398546219664,12.96989332441106,-14.50645643968283,-0.0007104685426313011
3.760999999999697,0.08200619994329095,-0.005707112984462649,0.00029148840789271213,0.00021242706675902662,-2.3980091220084855e-05,0.00033628460684291935,0.3004653332401735,0.30110860920561616,0.3013999999999903,0.0017895401447039034,4.8259275958495445e-06,2.4199547624008274e-05,13.399924337704569,-15.02750629612237,-0.0007447801964261958,12.959973065897739,-14.495622964432632,-0.0007519114573587328
3.7809999999996946,0.08189168404549442,-0.005725973511917224,0.00029555780711253143,0.00020028884732690186,-1.6432585079026576e-05,0.000389264847028071,0.3007870023596485,0.3014293701446655,0.30169999999999003,0.0017870706084031197,4.603344877120546e-06,2.4177586331945272e-05,13.390094732051153,-15.01675820492002,-0.0007748906140381066,12.950952555044609,-14.485807367312155,-0.0007831343039598719
3.8009999999996924,0.08177760099015824,-0.005690193532066258,0.0002994101473529631,0.0001898895801437259,-8.285418430568304e-06,0.0004107127979525824,0.3011062272771979,0.3017474957111854,0.3019999999999898,0.0017840753625184525,4.421486283300199e-06,2.415759826585786e-05,13.381306840968328,-15.007198659898153,-0.0008014645359298137,12.9429602580801,-14.477169006010339,-0.000811031652321947
3.82099999999969,0.08166490157948068,-0.005609381849679355,0.0003030759227660093,0.00018093295542529833,-1.3613276573774528e-07,0.00040310115422019445,0.30142214264367373,0.3020621978760578,0.3022999999999895,0.00178076891062872,4.2802985823669834e-06,2.413976708102316e-05,13.373650788599978,-14.998950176848698,-0.0008256575150246924,12.936034807132401,-14.469767995897119,-0.0008366629427451822
3.840999999999688,0.08155435188891337,-0.005492897552669924,0.0003065795079275971,0.00017310832185069193,7.4900254553393985e-06,0.00037044848949399677,0.30173421026756964,0.3023730155212278,0.30259999999998927,0.0017773647193502305,4.177866318032011e-06,2.4124113389847758e-05,13.367128714263119,-14.992033015884937,-0.0008463274467931644,12.930136348337484,-14.463573363712749,-0.0008587882355607586
3.860999999999686,0.08144651840664399,-0.005350980304103679,0.000309938925450233,0.0001660975298078656,1.416603833382238e-05,0.00031795334200984595,0.30204221155900657,0.3026798018719203,0.302899999999989,0.0017740613746635146,4.110574273870435e-06,2.411051634713604e-05,13.361666818804762,-14.986376728808372,-0.0008616452049394183,12.925160376249126,-14.458476797611395,-0.0008754847117898619
3.8809999999996836,0.08134175228347552,-0.005194535103044176,0.00031316600186445664,0.00015959663207623821,1.9579813255930494e-05,0.00025151229612380724,0.30234621983592186,0.3029826926434066,0.30319999999998876,0.0017710311202868906,4.073395197859612e-06,2.40987406365224e-05,13.357130278676355,-14.981836354293616,-0.0008698538643517035,12.920953484181227,-14.4543099353047,-0.0008849134490588909
3.9009999999996814,0.08124018530149338,-0.0050344696598698365,0.0003162669779348537,0.0001533379946150759,2.3540957289965205e-05,0.00017722702170365105,0.30264655721457456,0.30328205981887346,0.3034999999999885,0.001768411312117004,4.060288075098772e-06,2.408846690300793e-05,13.353339954967996,-14.97821141884214,-0.0008696425237379887,12.917330012606822,-14.450863383813394,-0.0008856993336589404
3.920999999999679,0.08114174047314263,-0.004880964094729294,0.0003192434907362887,0.0001471071860006377,2.5978283690343617e-05,0.00010095685390419306,0.30294374102639604,0.3035784561030107,0.30379999999998825,0.0017662990612122835,4.06465887417444e-06,2.4079323422852818e-05,13.35008969457693,-14.975266072141027,-0.0008603223439147533,12.91408849862584,-14.447905913378797,-0.0008771108048133482
3.940999999999677,0.08104615603152046,-0.004742836168524232,0.0003220937929844861,0.00014075285691727814,2.692945067246536e-05,2.7948527992573427e-05,0.30323842466040457,0.30387255496204624,0.304099999999988,0.0017647490877798187,4.079832065973438e-06,2.4070916899159877e-05,13.347163079920408,-14.972748880722357,-0.0008418838707180776,12.911026928034259,-14.445202517833302,-0.0008591184665314128
3.960999999999675,0.08095301980818798,-0.00462707024591513,0.0003248140672465552,0.0001341895971417475,2.652453443987979e-05,-3.744049618404051e-05,0.3035313374122698,0.30416509076152765,0.30439999999998774,0.0017637745869994094,4.099488585068005e-06,2.4062860564052748e-05,13.3443486429089,-14.970411039061153,-0.0008149736879472323,12.907955976485098,-14.442530303508246,-0.0008323709247834254
3.9809999999996726,0.08086181034476286,-0.004538532435233148,0.0003273997060387404,0.00012739462898459978,2.4965507106276742e-05,-9.191935726806028e-05,0.3038232273664028,0.3044568028917498,0.3046999999999875,0.0017633507255848788,4.118036797037321e-06,2.40547981513112e-05,13.341452774227962,-14.968022029225054,-0.0007808134527426007,12.904709653904693,-14.439691456984587,-0.0007981113408206901
4.000999999999671,0.08077194101842329,-0.004479869502856347,0.0003298464527484585,0.00012039962508798173,2.2503584313692596e-05,-0.00013334411216717196,0.30411481060395906,0.30474838698784834,0.3049999999999872,0.001763420252990823,4.130894456606792e-06,2.4046422754056547e-05,13.3383098021527,-14.965382054116796,-0.0007410790389843808,12.901153008222714,-14.436522835774378,-0.0007580528989376716
4.0209999999996775,0.08068280373855394,-0.004451574162114234,0.0003321513269686216,0.00011327911540205308,1.9416267145857158e-05,-0.0001607096326446144,0.30440672918362754,0.30504045547453207,0.30529999999998697,0.001763900626582635,4.134670350441211e-06,2.403749002646386e-05,13.334788963329297,-14.962330866470978,-0.0006977554373626685,12.897186779670369,-14.432902008363605,-0.0007142293005130777
4.040999999999684,0.0805938092644761,-0.004452189862228976,0.0003343132875207322,0.00010613695932855488,1.5985662356465838e-05,-0.00017406623203836648,0.3046995194508135,0.3053335087614014,0.3055999999999867,0.0017646920156925193,4.1272437594869636e-06,2.4027825628021515e-05,13.330798223329367,-14.95875289773384,-0.0006529817286035583,12.892749109295938,-14.428749825369987,-0.0006688350303171542
4.060999999999691,0.08050442181913925,-0.004478622555447232,0.000336333614598297,9.909225379964987e-05,1.2479355703369695e-05,-0.0001743771841868999,0.3049935913571717,0.3056279175453656,0.30589999999998646,0.0017656855617597176,4.107747769651663e-06,2.4017327186267104e-05,13.326285112759255,-14.954578841962782,-0.0006088989485362689,12.887814583383275,-14.42402981905057,-0.0006240685931994258
4.0809999999996975,0.08041418636624895,-0.004526524336455885,0.0003382160172729354,9.226586081747839e-05,9.134765339412858e-06,-0.00016333483043236665,0.3052892186704015,0.3059239158935354,0.3061999999999862,0.001766771324435698,4.076468654554477e-06,2.400596137198363e-05,13.32123491526935,-14.949784057907594,-0.0005675117267206289,12.882391031549572,-14.418744895570219,-0.0005819899196892609
4.100999999999704,0.08032274762393593,-0.004590713883823693,0.0003399664928827803,8.576849960874542e-05,6.147543449080545e-06,-0.00014315315975507937,0.30558653926617796,0.3062216041225003,0.30649999999998595,0.0017678454283580629,4.034677984123482e-06,2.399375692090416e-05,13.315666670508023,-14.94438430972529,-0.0005305722107109229,12.87651458700149,-14.412931898879705,-0.0005444006988058266
4.120999999999711,0.08022986056005213,-0.004665600894453504,0.0003415929799152201,7.96910842406252e-05,3.664249007882484e-06,-0.00011635377102979545,0.30588556414957124,0.306520959984187,0.3067999999999857,0.0017688160327865837,3.9844167832573234e-06,2.39807945840226e-05,13.30962753511285,-14.938429469919146,-0.0004994921318715792,12.870243562955345,-14.406654686220088,-0.0005127536637333061
4.140999999999718,0.08013539271400155,-0.004745585769707572,0.00034310485573212784,7.409772072815835e-05,1.7792028346634002e-06,-8.556020628452097e-05,0.30618619346850373,0.30682185632712183,0.30709999999998544,0.001769607866568579,3.928252058001172e-06,2.3967195060295247e-05,13.303186079477912,-14.931995857345033,-0.000475286116988956,12.863651702286994,-14.399996366545858,-0.0004880940280142248
4.160999999999724,0.0800393191883469,-0.004825411212255203,0.0003445123350822171,6.902152619120613e-05,5.351733111097977e-07,-5.331302847776622e-05,0.30648823756039406,0.3071240832251231,0.3073999999999852,0.0017701651943904534,3.8690254823470426e-06,2.3953105957935262e-05,13.296425090730267,-14.92517788248769,-0.0004585467104938396,12.856821323761148,-14.393051320359257,-0.00047103355717708896
4.180999999999731,0.0799417115308281,-0.0049004486254518665,0.0003458258253174612,6.446321053304062e-05,-7.266259181552529e-08,-2.1914965869226336e-05,0.30679144100773487,0.3074273725426977,0.30769999999998493,0.001770453198341063,3.8096122194451343e-06,2.3938688753208028e-05,13.289434409048543,-14.91807962836203,-0.00044944923201725197,12.849836824973705,-14.385917550648859,-0.00046175535487078987
4.200999999999738,0.07984272197464407,-0.0049669087639785696,0.00034705529030534116,6.039217725113692e-05,-9.017798646759479e-08,6.687789359496466e-06,0.3070955077524146,0.30773142301859063,0.3079999999999847,0.001770457864231293,3.7527050228528223e-06,2.392410658673583e-05,13.28230425295426,-14.910806916702594,-0.00044778269989710113,12.84277891723406,-14.378689819270296,-0.0004600454940897791
4.220999999999744,0.07974256462238961,-0.005021972489473054,0.000348209668060831,5.674976045548863e-05,4.0405525350315395e-07,3.098522648588599e-05,0.30740012550875834,0.30803592417067704,0.3082999999999844,0.0017701845493755183,3.7006352407995365e-06,2.39095135743336e-05,13.275119397778766,-14.903460305376889,-0.0004530016855433877,12.8357198696735,-14.371453910985627,-0.00046534621750562907
4.240999999999751,0.07964149515604951,-0.005063843324274174,0.00034929637801626306,5.3454120372167177e-05,1.3081426432520245e-06,4.994414329548663e-05,0.30770498799378215,0.3083405776276711,0.30859999999998416,0.0017696554740182558,3.6552384597383417e-06,2.3895046119344066e-05,13.267954468556926,-14.89612934428004,-0.00046429316711546335,12.828719937167335,-14.36428224796137,-0.0004768246081257462
4.260999999999758,0.07953979054809471,-0.0050917284482353475,0.0003503209435003485,5.040627014103482e-05,2.50652121086423e-06,6.301232935689885e-05,0.308009813830372,0.30864511484561763,0.3088999999999839,0.0017689064205505909,3.617768586591289e-06,2.3880816517789523e-05,13.260870502557115,-14.888888292787323,-0.00048065218954931665,12.821825046206548,-14.35723095971729,-0.0004934503590152484
4.280999999999764,0.07943773005815424,-0.005105758625441053,0.00035128674425497636,4.749669724031931e-05,3.879226518327641e-06,7.009090557913219e-05,0.3083143613453346,0.3089493105402369,0.30919999999998365,0.0017679829431437382,3.588860462378734e-06,2.3866908964824082e-05,13.253912834674628,-14.88179338109638,-0.0005009603603485114,12.815065721164395,-14.350338404736666,-0.0005140764959703789
4.300999999999771,0.07933557854991277,-0.005106860169214643,0.00035219490342688897,4.461207030963264e-05,5.310221542984544e-06,7.148087257563567e-05,0.308618438852157,0.30925299153301006,0.3094999999999834,0.0017669363870184878,3.5685378503068217e-06,2.3853377897653325e-05,13.247110266875971,-14.874881587698647,-0.0005240618099680831,12.808457155139745,-14.343625045931319,-0.0005375175200754866
4.320999999999778,0.07923357287851321,-0.0050965934477457215,0.0003530443040555206,4.164157814937889e-05,6.6943709247440225e-06,6.781078384151636e-05,0.30892191035386096,0.309556041046507,0.30979999999998314,0.0017658199941071183,3.5562610126906577e-06,2.3840248469712614e-05,13.24047540567777,-14.868170811464266,-0.0005488321315436991,12.80200026794989,-14.337094507229788,-0.000562620347356547
4.340999999999784,0.07913191180341442,-0.005076972671548972,0.0003538317221294593,3.848252667134975e-05,7.942787633169956e-06,5.995275824697282e-05,0.3092246969052181,0.3098583987748426,0.3100999999999829,0.0017646853340929783,3.5510061810437546e-06,2.3827518842856222e-05,13.234005991922892,-14.861661243342303,-0.0005742368630220034,12.795683550800016,-14.330735584780324,-0.0005883244996839469
4.360999999999791,0.07903074959631529,-0.005050280945548174,0.0003545520571307387,3.5044912680795894e-05,8.986421146408537e-06,4.8933837081331484e-05,0.30952677412177987,0.3101600572858103,0.31039999999998263,0.0017635792510241044,3.551368064830203e-06,2.3815163904973745e-05,13.227687006745231,-14.855337691362113,-0.0005993772036118984,12.78948547273542,-14.32452495451213,-0.0006137091635133627
4.380999999999798,0.07893021125141408,-0.00501627030243639,0.00035519881274901494,3.128042771827851e-05,9.777296324611939e-06,3.576314278038921e-05,0.30982816692023996,0.31046105588602024,0.3106999999999824,0.0017625414598742108,3.5557057374573907e-06,2.3803130995183432e-05,13.221487916966256,-14.84915199195797,-0.0006635594494697244,12.783371844793848,-14.318409737083524,-0.000678072504847209
4.400999999999804,0.0788308630901709,-0.0049442466020085,0.0003557690432528515,2.7456656323465027e-05,1.0275961812666562e-05,2.070363601881467e-05,0.310128950887519,0.31076148129857367,0.3109999999999821,0.0017616028271957753,3.5628168676842373e-06,2.379132297365396e-05,13.215357096383242,-14.843068609518175,-0.0007299134724192417,12.777290451215633,-14.312352923225486,-0.0007445639856909988
4.420999999999811,0.07873332234188339,-0.00485103165605084,0.000356260599150629,2.3454529215125677e-05,1.0474205026066586e-05,5.993729216857763e-06,0.3104292287722974,0.31106144380531836,0.31129999999998187,0.0017607843307557661,3.5708834712815858e-06,2.3779705406810533e-05,13.209271932892461,-14.837070693119701,-0.0007523172408103989,12.771220668988114,-14.306339042469373,-0.0007669870414253161
4.440999999999818,0.07863760548063774,-0.004762443427163492,0.00035666825887221976,1.9192570607015253e-05,1.0407021867335234e-05,-6.618896654477789e-06,0.3107291075521912,0.311361054369487,0.3115999999999816,0.001760096915837414,3.5774236012928458e-06,2.376823635532972e-05,13.203209136546258,-14.831114570364507,-0.0007500064315492694,12.765142902475061,-14.300328571778797,-0.0007645745640608104
4.460999999999824,0.07854345789293433,-0.004688397374636803,0.0003569883370458868,1.4787634217232336e-05,1.012556835746589e-05,-1.658879483172895e-05,0.3110286995780043,0.3116604259524233,0.31189999999998136,0.0017595420738386017,3.5805909622444966e-06,2.3756863508890136e-05,13.197139396384133,-14.825159778338566,-0.0007333524104037711,12.75903291021745,-14.294287267794939,-0.0007477352993471066
4.480999999999831,0.07845054472901841,-0.004631414256817016,0.00035722043394421227,1.0410504467274127e-05,9.683753800250711e-06,-2.3876135770811907e-05,0.31132811893296014,0.3119596702325503,0.3121999999999811,0.001759112937807986,3.5794677210006182e-06,2.3745533011060863e-05,13.191032818554383,-14.819169748696497,-0.0007080175408541723,12.752866861868103,-14.288186106244506,-0.0007221727213445561
4.500999999999838,0.07835852816667291,-0.004591055293183923,0.00035736747091826004,6.221338222368106e-06,9.133341301864853e-06,-2.862290596643845e-05,0.3116274755587507,0.3122588922469998,0.31249999999998085,0.0017587957440359486,3.5739263068990875e-06,2.3734195719410514e-05,13.18486231733645,-14.813112675117168,-0.0006775176347361472,12.74662427566904,-14.282001491528874,-0.000691436301925411
4.5209999999998445,0.07826709762546016,-0.004565733371460304,0.0003574351314812943,2.3488257241729256e-06,8.52215031774292e-06,-3.104076393839845e-05,0.3119268694224619,0.3125581851661058,0.3127999999999806,0.0017585715200543854,3.5644019494624756e-06,2.3722810810904495e-05,13.178605541605348,-14.806962529026794,-0.0006443049021726991,12.74028948796589,-14.275715689925967,-0.0006580029125820346
4.540999999999851,0.07817598111822657,-0.004553439377478775,0.0003574311638107827,-1.1133732623953552e-06,7.893181602672906e-06,-3.1380403124558394e-05,0.3122263856689269,0.31285762609171647,0.31309999999998034,0.0017584178749421972,3.551688542897921e-06,2.3711347715470394e-05,13.172245902146058,-14.800699836782364,-0.000610222052982279,12.733852262300296,-14.269317099134446,-0.0006237322556794571
4.560999999999858,0.07808494895557719,-0.004552039690129733,0.0003573647123786272,-4.104037975279919e-06,7.283927749922444e-06,-2.992648460426087e-05,0.31252609117626656,0.31315727325421616,0.3133999999999801,0.0017583107774141306,3.5367821433739124e-06,2.3699786861249848e-05,13.165772952727819,-14.794312043602156,-0.0005767008488206882,12.727307818589919,-14.26280019165514,-0.0005900671764040706
4.5809999999998645,0.07799381415672524,-0.0045594085973565,0.000357245731081271,-6.590045405770416e-06,6.72571362389514e-06,-2.6996050348122326e-05,0.31282603265984266,0.31345716471691626,0.31369999999997983,0.0017582262186423634,3.5207675478115706e-06,2.3688119501844815e-05,13.159182268694549,-14.787793426721612,-0.0005448568882497131,12.720656443242744,-14.256165107604621,-0.0005581298956317322
4.600999999999871,0.07790243120534882,-0.004573499158550249,0.00035708448622370076,-8.56192351264618e-06,6.2431214377816345e-06,-2.293289276970813e-05,0.31312623629231934,0.31375731852479727,0.3139999999999796,0.0017581416737254502,3.5047369492659393e-06,2.3676346829494068e-05,13.152474933793577,-14.781144594611787,-0.0005155420821108362,12.713902798881222,-14.249416941474738,-0.0005287755061645444
4.620999999999878,0.07781069375536281,-0.004592391209361819,0.00035689114276331313,-1.0029822084865419e-05,5.853606242702159e-06,-1.8096609827783636e-05,0.3134267086853362,0.31405773411961596,0.3142999999999793,0.0017580372971645857,3.489730731822987e-06,2.3664478557117788e-05,13.145656736252086,-14.774371648016619,-0.0004893797906455748,12.707055035082467,-14.242564799000991,-0.0005026277878670168
4.6409999999998846,0.07771853153189626,-0.004614329360926144,0.0003566754237970815,-1.1019987237378853e-05,5.567391807542241e-06,-1.2847640666076332e-05,0.3137274389977029,0.3143583947711427,0.31459999999997906,0.0017578968113154654,3.4766933762209064e-06,2.365253114628771e-05,13.13873717110393,-14.767485097189793,-0.00046679286290803225,12.70012379108455,-14.235620712260927,-0.00048010770435815434
4.660999999999891,0.0776259065753454,-0.004637753956730854,0.000356446334058895,-1.1571673139866721e-05,5.387696607843595e-06,-7.530436596864437e-06,0.314028401887943,0.314659270735756,0.3148999999999788,0.0017577080704080559,3.4664401969663215e-06,2.3640525844949622e-05,13.13172834077998,-14.760498635859323,-0.000448028817251956,12.69312117200407,-14.228598501498068,-0.00046145892493475654
4.680999999999898,0.07753280897241421,-0.004661324591755828,0.00035621194013502055,-1.1734390482152716e-05,5.311294999262248e-06,-2.456965853494022e-06,0.3143295610099095,0.31496032284253467,0.31519999999997855,0.0017574633046880046,3.459632663484105e-06,2.3628486688791395e-05,13.124643838317024,-14.75342786949678,-0.0004331838923711954,12.686059768929958,-14.221512665159306,-0.0004467721753281894
4.700999999999905,0.07743925223888642,-0.004683935089387719,0.0003559792019739369,-1.1565404103157058e-05,5.329379279451217e-06,2.1075957133165794e-06,0.3146308727544859,0.31526150621822335,0.3154999999999783,0.0017571590682932293,3.456761341297293e-06,2.3616438597794753e-05,13.117497686556918,-14.746289085917057,-0.0004222265915565642,12.678951780218112,-14.214377367465556,-0.00043600908415397405
4.720999999999911,0.07734526853737081,-0.004704719145777521,0.0003557538516164929,-1.1127420529587009e-05,5.428658604587493e-06,5.955650439366204e-06,0.3149322899638599,0.3155627738915075,0.31579999999997804,0.0017567959297873851,3.458136154119414e-06,2.3604405676378456e-05,13.11030339300327,-14.739098142019806,-0.0004150208023770017,12.67180827693957,-14.207205577426352,-0.0004290256273705803
4.740999999999918,0.077250903919763,-0.004723046510020031,0.0003555403158248746,-1.0486435810847999e-05,5.592612069821256e-06,8.943661772484668e-06,0.31523376538293507,0.3158640800591522,0.3160999999999778,0.0017563779553336145,3.463883882002208e-06,2.3592409796911178e-05,13.103073164643629,-14.731869523167711,-0.0004113482904833898,12.664638640286055,-14.200008396178902,-0.0004255949715492798
4.760999999999925,0.07715621377666537,-0.004738510261807324,0.00035534167949877876,-9.709739647774094e-06,5.802805420589229e-06,1.099408255509268e-05,0.3155352546608042,0.316165382847344,0.31639999999997753,0.0017559120411394288,3.473952735562376e-06,2.358046951807553e-05,13.095817310930753,-14.72461561303839,-0.0004109302150757512,12.657450184019334,-14.192794592248028,-0.00042542935425277307
4.780999999999931,0.07706125865582997,-0.004750906349791538,0.00035515968658410974,-8.864089110188916e-06,6.040182544155711e-06,1.2092929960263971e-05,0.31583671876903463,0.31646664645629824,0.3166999999999773,0.00175540715416717,3.488123604300588e-06,2.3568599361720914e-05,13.088543847497156,-14.717346193133928,-0.0004134472427600259,12.65024796139743,-14.185570348091106,-0.00042820056246932665
4.800999999999938,0.07696610058168708,-0.004760206999005427,0.0003549947747369456,-8.014076493606664e-06,6.286252235782747e-06,1.2283563091965431e-05,0.31613812575888617,0.3167678426310246,0.316999999999977,0.0017548735385585963,3.5060272718438577e-06,2.3556809445175122e-05,13.08125829871925,-14.710068173760659,-0.0004185578385443219,12.643034744287666,-14.178339206906237,-0.00043355856922289523
4.820999999999945,0.07687079997159196,-0.004766529869909293,0.00035484613946135113,-7.2207188904449946e-06,6.5241056156017005e-06,1.1657466246705736e-05,0.3164394518325026,0.31706895145232644,0.31729999999997677,0.0017543219403409875,3.5271665947582533e-06,2.35451054430724e-05,13.073963684964056,-14.702785543089009,-0.00042591435652549435,12.635811152688293,-14.17110219702517,-0.0004411479333573696
4.840999999999951,0.07677541320499745,-0.004770104955208155,0.00035471182291380715,-6.540294623135376e-06,6.739217842610634e-06,1.0342981433224203e-05,0.3167406817505777,0.31736996148687413,0.3175999999999765,0.0017537628954733412,3.5509424002507843e-06,2.3533488839246883e-05,13.066660670506533,-14.695499508689977,-0.0004351766366100233,12.628575906173978,-14.163858102548813,-0.00045062165335437777
4.860999999999958,0.07667999086251484,-0.004771241151432739,0.0003545888221512736,-6.023445250431944e-06,6.920007419919682e-06,8.492976797696859e-06,0.3170418086387185,0.3176708693715435,0.31789999999997626,0.001753206116935995,3.5766817024604203e-06,2.3521957409102465e-05,13.059347841115775,-14.68820879691735,-0.0004460229244682518,12.621326164654114,-14.156603843427288,-0.000461652281626817
4.880999999999965,0.07658457661546171,-0.0047702942653068256,0.00035447321136988785,-5.714551721499826e-06,7.058145660387589e-06,6.272397420291946e-06,0.3173428332850931,0.3179716789338231,0.318199999999976,0.001752660006167491,3.603666779873665e-06,2.3510505875054496e-05,13.052022076250505,-14.680910070042724,-0.00045815804921532985,12.614057924477171,-14.149334925911937,-0.0004739402270842168
4.900999999999971,0.07648920671512491,-0.004767637941603561,0.0003543602726635703,-5.651382467860871e-06,7.148626365287945e-06,3.846538737065807e-06,0.3176437630423224,0.31827239996660833,0.31849999999997575,0.001752131303473907,3.6311636930347876e-06,2.3499126665098237e-05,13.044678979444262,-14.673598418784438,-0.00047131891801705005,12.606766436815455,-14.142045924825295,-0.0004872193037465609
4.920999999999978,0.07639391000607884,-0.004763638659342416,0.00035424463004558177,-5.864999702284413e-06,7.189620413154224e-06,1.3707295044808974e-06,0.31794461045694633,0.3185730467823563,0.3187999999999755,0.0017516248817677923,3.6584489495405963e-06,2.3487810716209528e-05,13.037313331697762,-14.666267888722762,-0.0004852774966248857,12.599446618243133,-14.134730962148199,-0.0005012596973979776
4.940999999999985,0.07629870837032013,-0.004758635571468233,0.00035412038189938655,-6.379899971778205e-06,7.182151087500087e-06,-1.018070786958128e-06,0.31824539175084066,0.318873636669257,0.31909999999997524,0.0017511436787162552,3.6848332185678025e-06,2.3476548262471766e-05,13.029919535879193,-14.658912002467135,-0.0004998415426794507,12.59209342795304,-14.127384151298754,-0.0005158686237447049
4.960999999999991,0.07620361749895763,-0.004752925586718639,0.00035398122763453943,-7.214356367414659e-06,7.129633277100767e-06,-3.207448125902682e-06,0.31854612527185466,0.3191741883621297,0.319399999999975,0.001750688754537204,3.7096812440650356e-06,2.346532956022635e-05,13.02249202505796,-14.651524244785541,-0.0005148534317094737,12.584702191572239,-14.119999982791107,-0.0005308890281300719
4.980999999999998,0.07610864788542787,-0.0047467537363871624,0.0003538205850689008,-8.380923544984074e-06,7.037323163423349e-06,-5.113360806073402e-06,0.31884683001723996,0.3194747206248325,0.3196999999999747,0.001750259456583982,3.7324273859016197e-06,2.3454145513960456e-05,13.015025613604989,-14.64409848469855,-0.000530187464566836,12.577268857703,-14.112573633972643,-0.0005461967272643574
5.001000000000005,0.07601380593796883,-0.004740308556526908,0.00035363169589339855,-9.887063090192144e-06,6.911724937689549e-06,-6.681665970108229e-06,0.3191475243149089,0.319775251020914,0.31999999999997447,0.0017498536676604235,3.752586499907625e-06,2.3442988173770184e-05,13.007515776378261,-14.636629316024786,-0.0005457460696156653,12.56979017949287,-14.105101192756901,-0.0005616964194480515
5.0210000000000115,0.07591909511833003,-0.00473372195740728,0.00035340771744601235,-1.1735845506451426e-05,6.759997942601018e-06,-7.887540879583674e-06,0.31944822472601886,0.32007579492685323,0.3202999999999742,0.0017494681127349775,3.7697601465256406e-06,2.3431851092794917e-05,12.999958847897137,-14.629112305582415,-0.0005614553080929041,12.56226381942885,-14.097579792213262,-0.0005773169848791831
5.041000000000018,0.07582451778462004,-0.004726931295658951,0.0003531418076325385,-1.392523726087224e-05,6.589376134314411e-06,-8.737945900259052e-06,0.31974894522770403,0.32037636483730214,0.32059999999997396,0.0017490986982781097,3.783639759691424e-06,2.3420728439760872e-05,12.992350692859524,-14.621536427313863,-0.0005937470191616029,12.554686939366677,-14.089999948718837,-0.000609494401613805
5.061000000000025,0.07573034580536754,-0.004696924794746708,0.0003528299389573483,-1.6216486271172094e-05,6.398590337294701e-06,-9.924261456855025e-06,0.32004970245744996,0.320676975692724,0.3208999999999737,0.0017487408471400265,3.7943861970319525e-06,2.3409578114469933e-05,12.984671639940215,-14.61387840137672,-0.0006626834566221422,12.547041243853045,-14.082339825595353,-0.0006783330678783889
5.0810000000000315,0.07563720830955126,-0.004640381718743948,0.0003524721622914437,-1.853856505664479e-05,6.183493199909439e-06,-1.0964816059036705e-05,0.3203505133439363,0.3209776425643168,0.32119999999997345,0.001748389732526375,3.8022169926086745e-06,2.3398414632623475e-05,12.97692631761867,-14.606170817377684,-0.000689012269516571,12.539332859525326,-14.07463303030897,-0.0007045332031785377
5.101000000000038,0.07554525630818047,-0.00458200063011475,0.00035206582345163884,-2.1006249059531766e-05,5.964271925166109e-06,-1.0807760175054279e-05,0.3206513756647391,0.32127836144480026,0.3214999999999732,0.0017480405654357585,3.80644710401206e-06,2.3387263698480988e-05,12.969129293923492,-14.598413879943893,-0.0006910623058394654,12.531577341267738,-14.066880719488534,-0.0007064049190313123
5.121000000000045,0.07545435604638465,-0.004532216265277014,0.0003516089510833126,-2.3540165951092483e-05,5.765950327961142e-06,-9.462998434026552e-06,0.3209522768439141,0.3215791181731054,0.32179999999997294,0.0017476889637170418,3.8066549528897035e-06,2.337614112166771e-05,12.961289321340336,-14.590610596541891,-0.0006798741167113437,12.523783923392733,-14.059086710934956,-0.0006950167645649297
5.1410000000000515,0.07536428986324108,-0.004493639793832658,0.00035110228866012255,-2.5995860914285222e-05,5.60631296935182e-06,-7.361631676529662e-06,0.3212532010118257,0.321879895567986,0.3220999999999727,0.0017473312532444195,3.8030851382019222e-06,2.3365056158512926e-05,12.953411600446993,-14.582765355367364,-0.0006612868161654483,12.515957928353943,-14.051255904028148,-0.0006762415826359762
5.161000000000058,0.07527483699955657,-0.0044658416074401085,0.00035054942150957585,-2.8236933220991866e-05,5.493554767633073e-06,-4.9755638993576375e-06,0.32155413243035447,0.32218067691107405,0.32239999999997243,0.0017469646665863679,3.7965363621077184e-06,2.335401448553105e-05,12.945499400812695,-14.574882438891356,-0.0006386824706850713,12.508102473518116,-14.0433927527559,-0.0006534869565414672
5.181000000000065,0.07518580203607078,-0.004447377903710535,0.0003499562079152252,-3.0159624235379777e-05,5.42773330506596e-06,-2.679170226338612e-06,0.32185505731466074,0.3224814477987361,0.3226999999999722,0.0017465874314686034,3.7881276063283046e-06,2.3343019505154328e-05,12.937554727321423,-14.566965308300992,-0.0006142191934704869,12.500219201962219,-14.035500580708216,-0.0006289260082981815
5.201000000000072,0.075097022202761,-0.0044365992512335525,0.0003493300461753432,-3.169695058601574e-05,5.403286780034443e-06,-7.176496912564631e-07,0.3221559647993552,0.32278219710530565,0.3229999999999719,0.001746198762561439,3.779085161169814e-06,2.3332072920492953e-05,12.9295786120231,-14.559016327013273,-0.0005893731837439279,12.492308631744663,-14.027581365804446,-0.0006040410157174998
5.221000000000078,0.07500836657934973,-0.004431953890594557,0.00034867918406699533,-3.281511975136831e-05,5.411499243913625e-06,7.820213457969808e-07,0.32245684736266245,0.323082917376216,0.32329999999997167,0.0017457987778597417,3.770587645135526e-06,2.3321175042300647e-05,12.921571275449686,-14.551036717906019,-0.0005651911637491004,12.484370371686271,-14.019635768807989,-0.0005798782760350042
5.241000000000085,0.07491973253055267,-0.004432084533515921,0.00034801214003226527,-3.350755931134674e-05,5.442507171752708e-06,1.7856595832574433e-06,0.3227577008754727,0.32338360482609846,0.3235999999999714,0.0017453883609911123,3.7636682902718934e-06,2.3310325017123145e-05,12.913532252774068,-14.543026649435117,-0.0005424206110319363,12.476403299315617,-14.011663291083547,-0.0005571805669581547
5.261000000000092,0.07483104152504035,-0.00443584292759172,0.00034733724907553415,-3.378872934813234e-05,5.4867518913021915e-06,2.324179290947972e-06,0.3230585243808178,0.32368425905509357,0.32389999999997116,0.0017449689891118867,3.759162785595624e-06,2.32995210497539e-05,12.905460520590069,-14.534985395113827,-0.0005215865795850096,12.468405735373816,-14.003662500706264,-0.0005364657229803666
5.281000000000098,0.07474223516098011,-0.004442273713555441,0.0003466623243145242,-3.3688545493332206e-05,5.5359138631507835e-06,2.468706011583854e-06,0.3233593196810073,0.32398488256720276,0.3241999999999709,0.0017445425442253963,3.7576898660847227e-06,2.328876063914716e-05,12.89735463393675,-14.526911532752147,-0.0005030433360168324,12.460375622424591,-13.995631289787388,-0.0005180795530748565
5.301000000000105,0.07465327167362043,-0.004450588785958568,0.0003459944176600199,-3.324766923412758e-05,5.5834148190471775e-06,2.3103106866309266e-06,0.3236600907963997,0.3242854801602523,0.32449999999997065,0.0017441111237107908,3.7596538305724103e-06,2.327804082740897e-05,12.889212871267109,-14.518803159979354,-0.0004870124874429944,12.452310703358737,-13.98756713714566,-0.0005022348582889042
5.321000000000112,0.07456412297754843,-0.0044601407314150045,0.0003453396617776605,-3.251368337394607e-05,5.624586250398538e-06,1.9446711897292346e-06,0.3239608433526505,0.32458605824900294,0.3247999999999704,0.0017436768633809698,3.7652607350032066e-06,2.326735844898325e-05,12.881033379977314,-14.510658108125929,-0.00047361261639466013,12.44420869120337,-13.979467356975883,-0.000489041656226791
5.341000000000118,0.07447477220879466,-0.00447039864412202,0.00034470317667287254,-3.153807426412444e-05,5.656598126158781e-06,1.4612903495949548e-06,0.32426158394744375,0.32488662417610426,0.32509999999997014,0.0017432417835079154,3.774542291477135e-06,2.325671036642619e-05,12.872814313868506,-14.502474140539944,-0.00046288278758664116,12.436067421056276,-13.971329319224708,-0.0004785310568829672
5.361000000000125,0.07438521170111781,-0.004480927411108245,0.00034408902634183725,-3.037391032663625e-05,5.678229823966738e-06,9.36622111811131e-07,0.3245623195411195,0.3251871855579253,0.3253999999999699,0.0017428076651277058,3.787383313101332e-06,2.3246093677860757e-05,12.864553954512507,-14.49424912492891,-0.0004548012603083477,12.427884976407327,-13.963150631736932,-0.0004706741858603533
5.381000000000132,0.0742954413238372,-0.004491370623817931,0.00034350021324744406,-2.9074100934595317e-05,5.689550914824719e-06,4.303781129531558e-07,0.324863056907736,0.32548774970329164,0.3256999999999696,0.0017423759607826698,3.803549898365857e-06,2.3235505885849996e-05,12.8562508102144,-14.48598117263605,-0.00044930031744346905,12.419659784464866,-13.954929278298179,-0.00046539711287767524
5.401000000000138,0.07420546711173556,-0.004501436876665045,0.0003429387005976364,-2.769012774323666e-05,5.691565046019527e-06,-1.5694548132551336e-08,0.3251638021741785,0.3257883231331854,0.32599999999996937,0.0017419477408845711,3.822716534552749e-06,2.3224945021396034e-05,12.847903688495165,-14.477668740856267,-0.00044627794343672753,12.411390677734284,-13.94666371039309,-0.0004625925527624664
5.421000000000145,0.07411530012504694,-0.004510889044415561,0.0003424054544036298,-2.627115143506458e-05,5.685856866645067e-06,-3.7720923668083514e-07,0.3254645604654462,0.3260889112190206,0.3262999999999691,0.0017415236742634988,3.8444910037191825e-06,2.3214409717357062e-05,12.839511740232865,-14.469310696724104,-0.00044560696470376953,12.403076921807596,-13.93835289367679,-0.00046212897738999816
5.441000000000152,0.07402495548675485,-0.004519536065392734,0.00034190049902033115,-2.4863412011949113e-05,5.6742702332894565e-06,-6.452710485147006e-07,0.32576533566500954,0.326389517947111,0.32659999999996886,0.0017411040393272195,3.8684364722092276e-06,2.320389923579439e-05,12.831074475904652,-14.460906344629926,-0.0004471421908284145,12.39471821150733,-13.929996312897838,-0.0004638576956574717
5.461000000000158,0.07393445155413221,-0.0045272267448487665,0.0003414229813357289,-2.350985267858963e-05,5.65863596790349e-06,-8.238176406809681e-07,0.32606613029038023,0.32669014580760136,0.3268999999999686,0.0017406887606711329,3.894090492725254e-06,2.3193413448850724e-05,12.822591756112471,-14.452455420301392,-0.00045072600334835304,12.386314639560629,-13.921593941009295,-0.00046761836145339217
5.481000000000165,0.07384380919095507,-0.0045338451105294535,0.00034097123997409856,-2.2249910791909452e-05,5.640559195547281e-06,-9.265588969581687e-07,0.3263669454766092,0.3269907957983572,0.32719999999996835,0.0017402774649757948,3.920980885836707e-06,2.318295278350361e-05,12.814063760180753,-14.443958056704554,-0.00045619276788970463,12.377866643209112,-13.913146179691648,-0.00047324329528347316
5.501000000000172,0.07375305111567958,-0.0045393068887479866,0.0003405428768521665,-2.1119430297456814e-05,5.621269659686232e-06,-9.738257638812741e-07,0.32666778105435335,0.32729146752805865,0.3274999999999681,0.0017398695495917406,3.9486386304964066e-06,2.3172518135722127e-05,12.805490937548402,-14.435414727917408,-0.00046337236869666086,12.369374935031049,-13.904653779240968,-0.00048056092564620475
5.521000000000178,0.07366220130877177,-0.004543556721323278,0.00034013482919249827,-2.015065981910278e-05,5.601533261103943e-06,-9.895666815568917e-07,0.32696863570480295,0.327592159398422,0.32779999999996784,0.0017394642572864764,3.976607995459787e-06,2.3162110765625082e-05,12.796873947316865,-14.426826177650431,-0.0004720930965434971,12.360840424458692,-13.896117745997504,-0.0004893985861877041
5.541000000000185,0.07357128446911215,-0.004546565803798141,0.0003397434406878716,-1.9372309249471514e-05,5.581619247387254e-06,-9.986653867200266e-07,0.3272695071711276,0.32789286884302554,0.3280999999999676,0.0017390607511378875,4.004454205817587e-06,2.3151732179636594e-05,12.788213591349516,-14.41819333916806,-0.00048218406195209073,12.352264136318661,-13.88753924507995,-0.0004995848438431488
5.561000000000192,0.07348032551482495,-0.004548329692660125,0.000339364530950223,-1.880964464016349e-05,5.561314848363014e-06,-1.0246964654162442e-06,0.3275703925051271,0.3281935925995424,0.32839999999996733,0.001738658184404758,4.031768970531374e-06,2.3141384013514575e-05,12.779510746179099,-14.40951725297481,-0.000493477253703313,12.343647132048698,-13.87891950547649,-0.0005109514804576355
5.5810000000001985,0.07338934912795522,-0.0045488660954818945,0.0003389934626909785,-1.8484607357545995e-05,5.53997756680308e-06,-1.0881847322232384e-06,0.32787128832834445,0.32849432699313774,0.3286999999999671,0.0017382557612816642,4.05817420251927e-06,2.3131067919555626e-05,12.770766298252383,-14.400798987900696,-0.0005058093215511123,12.33499043837282,-13.87025973331633,-0.0005233352078190175
5.601000000000205,0.07329837934513571,-0.0045482125274151465,0.0003386252062963016,-1.8415947655041386e-05,5.516614650503631e-06,-1.2053912940703487e-06,0.3281721910886659,0.3287950682110114,0.3289999999999668,0.0017378527856474124,4.0833242546843675e-06,2.3120785466631897e-05,12.761981086371108,-14.39203957028211,-0.0005190231288331033,12.326294987107724,-13.861561037900117,-0.0005365791623601373
5.621000000000212,0.07320743919790257,-0.004546423772927398,0.0003382544015912495,-1.8619367407516502e-05,5.489979349598461e-06,-1.3876130806877597e-06,0.3284730972963183,0.32909581255136683,0.32929999999996656,0.0017374486961432656,4.1069069718984525e-06,2.3110538059182462e-05,12.753155854137006,-14.383239924720217,-0.0005329690987147868,12.317561568528934,-13.852824373552583,-0.0005505342030896328
5.6410000000002185,0.0731165504066847,-0.0045435691485068075,0.00033787541666682047,-1.9107668288921684e-05,5.458674257426734e-06,-1.6409538110714806e-06,0.328774003726562,0.32939655663392686,0.3295999999999663,0.0017370430870832427,4.1286438294228094e-06,2.3100326875332807e-05,12.744291214217588,-14.374400828742186,-0.0005475063572044514,12.308790799566282,-13.844050498938785,-0.000565060015366131
5.661000000000225,0.07302573313199709,-0.004539729602234937,0.000337482403673095,-1.9890904728787623e-05,5.421253199568741e-06,-1.966502714217287e-06,0.329074907580301,0.32969729756339494,0.32989999999996605,0.0017366357157338386,4.1482893921645965e-06,2.309015282742269e-05,12.735387625236429,-14.365522882464937,-0.0005625036730649331,12.299983106959518,-13.835239954131747,-0.0005800260197152549
5.681000000000232,0.07293411668902897,-0.004646436296306825,0.0003370313471912356,-2.574441641786999e-05,5.8869416351688855e-06,6.184175443275316e-05,0.3293748578327275,0.3299970744688404,0.33,0.0017362022156886987,4.162529610605158e-06,2.3028509214671894e-05,12.680063475581173,-14.309838903527874,-0.0006278285039273733,12.244885723530926,-13.779783766544059,-0.0006446217143556987
5.7010000000002385,0.07283167576782086,-0.0053463519779730125,0.0003360454069704505,-6.118340337437473e-05,1.3329564964448156e-05,0.0005317102615739836,0.32966118311890696,0.33028309520959126,0.33,0.001735411398651611,4.139536648985687e-06,2.291327870125155e-05,12.613216789616573,-14.239514613307964,-0.0010034661182680331,12.178613646183553,-13.710139841760435,-0.0010176919170540918
5.721000000000245,0.07271399570390896,-0.006051959596241137,0.00033412259966090346,-0.00010960028155214149,3.34737187593972e-05,0.0011908086698558867,0.3299171607253968,0.33053849197505025,0.33,0.0017338066058856596,4.074746737147752e-06,2.2824306714556717e-05,12.561817908220743,-14.182435643738685,-0.001550947352175708,12.128124120028675,-13.654172047070961,-0.0015634729164548287
5.741000000000252,0.0725884171049149,-0.00630212674455158,0.00033128088366984193,-0.0001532875143388793,6.594747584049905e-05,0.0017677562238584145,0.3301307892676331,0.3307511673635628,0.33,0.0017311019562408546,4.000696609435416e-06,2.276330402360846e-05,12.526442479403293,-14.140942718529296,-0.002034365651283822,12.093931384688657,-13.61414615128695,-0.00204700620902315
5.761000000000259,0.07246596551907641,-0.005990633581568866,0.0003277322605434452,-0.00018506940985552815,0.00010679146875454813,0.002115171762724544,0.33029421295621947,0.33091323348197366,0.33,0.0017272398890262777,3.950740579733862e-06,2.2729765595513488e-05,12.50688371288971,-14.116035553473642,-0.0024148306933765864,12.075707378163466,-13.590909958617397,-0.002429076130560134
5.781000000000265,0.07235738695437391,-0.0051621510883078,0.0003237374757862413,-0.00020390572529340448,0.0001504767679858384,0.002177096829010413,0.3304036783818944,0.33102098359616805,0.33,0.0017223887351367267,3.94421177411294e-06,2.2721732237806547e-05,12.502079781924904,-14.107407143043803,-0.0026957680869504866,12.072239478542999,-13.583964866350824,-0.0027123526525484275
5.801000000000272,0.07227145348719403,-0.003929942171779434,0.0003195248652532526,-0.00021218149374280595,0.00019131829411197991,0.0019611295550254694,0.3304593298985208,0.3310746785701175,0.33,0.0017168967407463812,3.983572083055023e-06,2.273604129488201e-05,12.510249195409381,-14.113657595877456,-0.0028837919069198874,12.081592947087971,-13.591715204157754,-0.002902649091566802
5.821000000000279,0.07221420324711035,-0.002436142192110797,0.00031524899084374447,-0.00021390823156516896,0.00022440870540150497,0.0015156561347632685,0.33046472839177526,0.3310780426676359,0.33,0.001711228255376155,4.057031136209009e-06,2.2768657759313358e-05,12.529083474448818,-14.132557413394371,-0.0029825503678661304,12.10132213381082,-13.61175628195976,-0.003002958979642583
5.841000000000285,0.07218873192480546,-0.0008275826672345585,0.0003109770877020093,-0.0002134691149819019,0.00024615766062660967,0.0009112544086635253,0.33042618019538195,0.33103756636469145,0.33,0.00170589662682093,4.14332262205684e-06,2.281501640025588e-05,12.555948174514379,-14.161320727812443,-0.002992847477547136,12.128684126194248,-13.641163995984405,-0.003013650198677682
5.861000000000292,0.07219533325914655,0.0007595788587423468,0.00030669433332613377,-0.00021478629884202457,0.0002545182560977484,0.0002261564941463515,0.33035196844334913,0.3309617136332732,0.33,0.001701401343759539,4.216763521379837e-06,2.2870351057651952e-05,12.588077647180993,-14.196870021578464,-0.002914674935467506,12.160841910463857,-13.676769916858111,-0.002934503355658338
5.881000000000299,0.07223185949421923,0.0022094469153644196,0.00030232071285748313,-0.0002208285251392394,0.00024897861302174915,-0.00046447165559271493,0.33025155877582774,0.33086010747582406,0.33,0.001698174050838308,4.251675911973151e-06,2.2929996491016754e-05,12.622754626361802,-14.236079704893049,-0.002749470779898867,12.195048545829907,-13.715410215370103,-0.0027669441230097967
5.901000000000305,0.07229421203487216,0.003431878001713548,0.0002977337070547148,-0.0002333886047142853,0.00023038938678078292,-0.0010958315779875769,0.33013483569862284,0.3307427508074388,0.33,0.0016965366158871232,4.225798359794069e-06,2.2989649772477583e-05,12.657466486236919,-14.275987937643944,-0.0025018830769018706,12.228804240727642,-13.7541381368151,-0.0025157663936852637
5.921000000000312,0.07237689619170712,0.004364913715155483,0.00029279235681764493,-0.00025306568045840893,0.00020068864798510386,-0.0016178589128115408,0.33001141424621394,0.33061932782136166,0.33,0.0016966732542264868,4.122604797569883e-06,2.3045580504377742e-05,12.690031317114428,-14.313968470230105,-0.0021807585705349427,12.259979648943146,-13.790392125017416,-0.0021900763476804174
5.941000000000319,0.07247358945276233,0.004974858265519952,0.0002873594915765998,-0.0002793919925847508,0.00016257536660364364,-0.0019971712187007292,0.3298900606640567,0.3304986197665154,0.33,0.0016986175246478383,3.932599937063977e-06,2.3094782718383583e-05,12.718689192771066,-14.347857343926892,-0.0017993066965873896,12.286901197287886,-13.822115010192563,-0.001803413476643084
5.961000000000325,0.0725776839135546,0.005254519756168148,0.0002813200270222749,-0.0003110501039758053,0.0001191724258114874,-0.002217108742436183,0.3297782445521319,0.33038805743654137,0.33,0.0017022538321053262,3.6537340336053126e-06,2.3135065422142043e-05,12.74215664602322,-14.376032577066493,-0.0013745240114825944,12.308397144832206,-13.847823222585305,-0.0013731365969496102
5.981000000000332,0.07268277246697777,0.005220048663530537,0.0002745942053646519,-0.00034613448612376776,7.37102163895288e-05,-0.0022763532098277694,0.329681833622475,0.3302934210059749,0.33,0.0017073319920168795,3.29110775608969e-06,2.3165082771721513e-05,12.759644760079842,-14.397446751217586,-0.0009289808073804774,12.32380563923775,-13.86662697677895,-0.000922177990254257
6.001000000000339,0.07278311185711811,0.004911659310695005,0.000267146030501951,-0.00038236859189202347,2.9251026100482498e-05,-0.002186714635719232,0.32960493284216935,0.33021868813448974,0.33,0.0017134925119821046,2.8562220055073058e-06,2.3184299925721154e-05,12.770840763652727,-14.411616272707613,-0.0004899071859263538,12.332945635280604,-13.878206335293983,-0.00047811218635289817
6.021000000000345,0.07287395683801033,0.004379117426713446,0.0002589862555104766,-0.00041745103327150935,-1.1527298462185381e-05,-0.0019697582623917484,0.3295498563900677,0.33016601769179266,0.33,0.0017202995775346488,2.365674000579401e-06,2.319294344297708e-05,12.77587493015152,-14.418597655607332,-5.4393896455378245e-05,12.336073383286852,-13.882774531152887,-3.8304699882874946e-05
6.041000000000352,0.07295154830791413,0.003673578758630446,0.0002501686010281251,-0.0004492853450179814,-4.647874462942861e-05,-0.0016537356475995676,0.3295172132249465,0.3301358487502779,0.33,0.001727278419969268,1.8394449501155926e-06,2.3191878444025595e-05,12.77525145942278,-14.418889672524173,0.0003523173249839498,12.333803804223558,-13.880968714142163,0.00037178203993588595
6.061000000000359,0.07301328709878949,0.002855054141174066,0.00024078531800621888,-0.00047602858337356276,-7.40857038217328e-05,-0.001270899944342106,0.3295060971995468,0.33012710447453614,0.33,0.0017339536606472538,1.299675179119588e-06,2.3182465303066886e-05,12.769763571588244,-14.413352535691486,0.0007105850632228689,12.327018068680578,-13.87375977045662,0.0007323429991270502
6.0810000000003654,0.07305781682069948,0.001985723402523977,0.00023095981638246443,-0.000496245034479042,-9.349328418401605e-05,-0.0008543873306648095,0.3295143483419461,0.33013746639189845,0.33,0.00173988537817121,7.692008817387009e-07,2.3166410159821283e-05,12.760405943645694,-14.403104996215632,0.0010068141954719203,12.31677084210695,-13.86234280639522,0.0010296938401411302
6.101000000000372,0.07308498135974609,0.0011242311855999706,0.00022083714816616834,-0.0005089927091834741,-0.00010448788263450816,-0.000435587978789625,0.3295388584076419,0.33016369117541366,0.33,0.0017447001488480527,2.700201385580615e-07,2.3145612605215846e-05,12.748285725118347,-14.389418431134855,0.0012330707708919542,12.304198597909423,-13.848027738247309,0.0012558893334168749
6.121000000000379,0.0730956935943573,0.00032168023475263153,0.00021057368786350783,-0.0005138479503448042,-0.00010743176779895897,-4.211200094563453e-05,0.3295758958281094,0.33020194430609623,0.33,0.001748114970392863,-1.7809775155991282e-07,2.3122020418311823e-05,12.734537872925085,-14.373615416683773,0.0013867000200437074,12.290434757673262,-13.832137492533194,0.001408336411261652
6.1410000000003855,0.07309174413157513,-0.0003810127514905303,0.0002003270101713639,-0.0005108840693165567,-0.00010316573722070331,0.00030364112608295696,0.32962142694863744,0.33024812701868,0.33,0.0017499527473847849,-5.587435179040127e-07,2.3097500044816998e-05,12.720249796059198,-14.356978629960455,0.0014697647941918502,12.276536450195369,-13.815919407921308,0.0014892223646787003
6.161000000000392,0.07307557452352245,-0.0009545800818776791,0.00019024670267413918,-0.0005006162214745361,-9.289173424948992e-05,0.0005853253470546748,0.32967141365917385,0.3302981764313961,0.33,0.001750148816500863,-8.596789414447704e-07,2.307372922825754e-05,12.70639894698917,-14.34067448433597,0.0014882740525305979,12.263426156806378,-13.800473789627562,0.0015047297171776881
6.181000000000399,0.07305004430059295,-0.0013808819929913636,0.00018046672074629316,-0.0004839127047020799,-7.804686243858897e-05,0.0007929147679814576,0.3297220718162129,0.33034832332523795,0.33,0.0017487487482220363,-1.0732897470833412e-06,2.3052113362060433e-05,12.693804308635942,-14.32569051260003,0.0014439197545210829,12.251848713587968,-13.786698039760196,0.001456754950414346
6.2010000000004055,0.07301826094536823,-0.0016503994978402433,0.00017110016611292245,-0.0004618792388045311,-6.0179869055757677e-05,0.0009225059904992563,0.32977008015247,0.33039529756448227,0.33,0.0017458983139097026,-1.1966418465620312e-06,2.3033733791794564e-05,12.683096400781443,-14.312806285717537,0.001358476771435993,12.24234778117327,-13.775265434071827,0.00136729641161763
6.221000000000412,0.07298326409324962,-0.0017713606793788017,0.0001622344071964335,-0.0004358593132146425,-4.083086205123589e-05,0.00097607406704307,0.32981272796323674,0.3304364699749182,0.33,0.0017418270248498265,-1.2315094213495417e-06,2.301933143859324e-05,12.674706705675167,-14.302564936429691,0.0012463041625977774,12.235261993071889,-13.766605010102786,0.001250948948274796
6.241000000000419,0.07294779566296392,-0.001760175462854199,0.0001539288923600307,-0.0004072507189815728,-2.1431568569301963e-05,0.0009602027376466954,0.32984800609419185,0.33046993581603046,0.33,0.0017368270344271606,-1.1838425689239514e-06,2.3009296553960282e-05,12.668862823491025,-14.295269045552793,0.0011171262935382128,12.230726672713997,-13.760905673002071,0.0011176502248391677
6.261000000000426,0.07291419899444349,-0.0016379857935656117,0.00014621558992020112,-0.0003774110638161459,-3.228917050790575e-06,0.0008850229065647639,0.32987464292527346,0.33049454220957003,0.33,0.001731229312658807,-1.0629548983877508e-06,2.3003690665107086e-05,12.665600761681596,-14.290995033568917,0.0009809348322219601,12.228692168301878,-13.7581379965996,0.0009775779785178788
6.281000000000432,0.07288434191374533,-0.0014293906091106061,0.00013910070782761214,-0.0003475949540938902,1.2770547231326639e-05,0.0007631421135206846,0.3298920879205272,0.33050986280847555,0.33,0.001725379015455041,-8.806992426489867e-07,2.3002286760585652e-05,12.664788262409079,-14.28961802369966,0.0008469764638219444,12.228952257394374,-13.758085331728886,0.0008401332555297818
6.301000000000439,0.07285957161646592,-0.001160760194742648,0.00013256759354490777,-0.00031889719947846067,2.5833923434429463e-05,0.0006085222795322878,0.3299004510340976,0.3305161286519682,0.33,0.0017196118471627104,-6.506180439141253e-07,2.3004622158428975e-05,12.66615552693185,-14.29084623449172,0.0007231018908923851,12.231178727017527,-13.760382969824885,0.000713285041980351
6.321000000000446,0.07284070498959905,-0.000858467688006768,0.00012658059257864007,-0.0002922088764697899,3.551327747661892e-05,0.0004354024189268499,0.32990040784958724,0.33051412565046856,0.33,0.001714232969964051,-3.8709145741045554e-07,2.3010059075285115e-05,12.669330492687813,-14.294261448657862,0.000615406711658934,12.23495914347716,-13.764561723116596,0.0006032085244885256
6.341000000000452,0.07282805230147818,-0.0005472786711481848,0.00012108954897248336,-0.00026818995680685006,4.1637048255478946e-05,0.00025734082606065174,0.32989308112242705,0.3305050698198067,0.33,0.0017094996855382995,-1.0452346813115374e-07,2.301784814052579e-05,12.673875886548984,-14.299362169321897,0.0005280761389722833,12.239834995641775,-13.770092478785958,0.0005141294551384457
6.361000000000459,0.07282146907639635,-0.00024902865475292396,0.00011603460027617002,-0.0002472593554663957,4.4284696696604336e-05,8.642726953116551e-05,0.32987990946171875,0.3304904713146881,0.33,0.0017056087350959346,1.833935473269733e-07,2.3027190508575605e-05,12.679325505636292,-14.305606368560026,0.0004633837561519098,12.245337718873055,-13.776428698053326,0.00044832475001006463
6.381000000000466,0.07282042939091274,1.8348181513496726e-05,0.00011135093099066268,-0.00022960136766746178,4.3748463217775656e-05,-6.730492321363674e-05,0.329862513276017,0.3304719975546725,0.33,0.0017026886657570343,4.643027757830508e-07,2.303729487480195e-05,12.685217547821523,-14.312451174261595,0.00042181116682071264,12.251020560254245,-13.783044374623842,0.00040624585093291946
6.401000000000472,0.07282411321355575,0.00024141871095435146,0.00010697318833077785,-0.00021518619744839858,4.048642984313788e-05,-0.00019625515013778474,0.3298425669332004,0.33045134441975943,0.33,0.0017007973232039115,7.27672427736033e-07,2.3047426488891473e-05,12.691123277446932,-14.31938738544234,0.0004022615497703998,12.256484776198914,-13.789465591889027,0.0003867374326748733
6.421000000000479,0.07283150046112088,0.00041148917453833297,0.00010283932243620314,-0.00020380147748774139,3.507108617722069e-05,-0.00029542414306484585,0.32982168449440397,0.3304301227731105,0.33,0.001699924177253117,9.651379833712479e-07,2.305694614205804e-05,12.69666982536596,-14.325967308997086,0.0004023419992016328,12.26139921453652,-13.795294478608675,0.000387325885908614
6.441000000000486,0.07284146498184849,0.0005245145012468184,9.88936817113914e-05,-0.00019509127095653053,2.813732620227051e-05,-0.000362391848898566,0.32980132453181316,0.3304097656088291,0.33,0.001699996888330253,1.1706940003330857e-06,2.306533798296477e-05,12.701556446870223,-14.331825029606831,0.00041868992934961677,12.265512884807297,-13.800225013778084,0.0004045524197538639
6.461000000000492,0.07285286256720691,0.0005807271765782172,9.50892656483987e-05,-0.00018859897946814594,2.03333134133888e-05,-0.000397131558224652,0.3297827175828905,0.33039145908138506,0.33,0.0017008912933031664,1.3407405571725071e-06,2.3072225875849314e-05,12.705564062614773,-14.3366888193841,0.0004473191664082564,12.268660627707774,-13.804050733665568,0.0004343260022959093
6.481000000000499,0.07286460823054737,0.0005840450542610637,9.138910627842084e-05,-0.00018381079822566974,1.2277006855456347e-05,-0.00040169416938853203,0.32976681786903145,0.33037609869312085,0.33,0.0017024438374387085,1.473996407659961e-06,2.3077378756072512e-05,12.708558356649274,-14.340385931000178,0.0004839624186714113,12.27076242999383,-13.806664914621106,0.00047227246245976426
6.501000000000506,0.07287573927395463,0.0005413235344255068,8.776681057795499e-05,-0.00018019679373074154,4.520402471983802e-06,-0.0003798002931055907,0.3297542791343405,0.33036427011780634,0.33,0.0017044654081368152,1.5712966257967656e-06,2.3080706089212936e-05,12.710487080558012,-14.342840470672286,0.0005243890126170922,12.271817274378636,-13.808054221008673,0.0005140583154397765
6.521000000000512,0.07288546200228693,0.00046151904717337217,8.420634644647207e-05,-0.00017724725765590454,-2.477227605109694e-06,-0.00033637880353313854,0.329745452933611,0.33035625261373025,0.33,0.0017067555325846978,1.6352969167342883e-06,2.3082245014159887e-05,12.711372497840632,-14.344065397350839,0.0005646802063312925,12.271892654148932,-13.808287104015632,0.0005556713464870328
6.541000000000519,0.07289318125064553,0.0003548281560248816,8.070119239138307e-05,-0.00017450264415170576,-8.366566797251638e-06,-0.00027708875320838844,0.32974040648328207,0.3303520417917747,0.33,0.0017091159775057775,1.6701097931895272e-06,2.3082141077958086e-05,12.711300090909786,-14.34414993212958,0.0006014488736393001,12.271111016364612,-13.80749840993202,0.00059364452822813
6.561000000000526,0.0728985130924859,0.0002318603298563069,7.725299521997575e-05,-0.00017157606454192925,-1.2916111722155849e-05,-0.00020785773459297584,0.32973895632137484,0.3303513876842678,0.33,0.001711362922624948,1.6808993895450757e-06,2.3080624631430827e-05,12.710404744781876,-14.343243786221828,0.0006319955227765445,12.269634430252811,-13.805871710507704,0.0006252150852387242
6.581000000000532,0.07290128212702005,0.00010289320382046099,7.386989132710658e-05,-0.00016816794357605246,-1.601139535229609e-05,-0.0001344643124058072,0.3297407135113997,0.3303538436127023,0.33,0.0017133370553795533,1.6734617392102261e-06,2.3077984959404415e-05,12.708855622543568,-14.34153963342586,0.0006543979812879609,12.267648720292216,-13.80362081488438,0.0006484159643185997
6.601000000000539,0.07290150555921782,-2.2752195034491105e-05,7.056464684672414e-05,-0.00016407299960662555,-1.764677452628053e-05,-6.218562989327918e-05,0.3297451359559093,0.3303588212558274,0.33,0.0017149111363560757,1.6538158732649123e-06,2.3074544096554927e-05,12.706840870384461,-14.339255176498781,0.0006675371322124655,12.265348172073283,-13.800971780561754,0.00066210210196137
6.621000000000546,0.0728993668548999,-0.00013719129591495757,6.735276181846217e-05,-0.0001591801728907325,-1.791130125773081e-05,4.475731288858379e-06,0.32975158352267603,0.3303656475330911,0.33,0.0017159947964002784,1.6278282251546052e-06,2.307063203576686e-05,12.704553149463864,-14.336616003756697,0.0006710653852716116,12.262921732446696,-13.79814653112525,0.0006659182572976526
6.6410000000005525,0.07289518206802889,-0.00023429864303347702,6.425066570735216e-05,-0.00015346648105408084,-1.6970376890803392e-05,6.197856162768054e-05,0.3297593720805722,0.33037361938658866,0.33,0.001716536531910662,1.6008887652192407e-06,2.3066564729135687e-05,12.702176805999871,-14.333840222592244,0.0006653277931702363,12.260541403611846,-13.795348934346059,0.0006602184729981934
6.661000000000559,0.07288936200702001,-0.0003098730776861745,6.127410833068475e-05,-0.00014698602351800774,-1.5044933866458915e-05,0.00010784295873814405,0.3297678231333315,0.3303820532030631,0.33,0.0017165230511639936,1.5776523826771992e-06,2.3062625907773138e-05,12.699877277880672,-14.331125611627176,0.000651247727593753,12.258353293213741,-13.792753918592975,0.0006459492842205096
6.681000000000566,0.07288237325781874,-0.00036165562416629965,5.843682366867692e-05,-0.00013985549225135766,-1.2389816596649788e-05,0.00014066853363584424,0.32977630646341877,0.33039032639825267,0.33,0.0017159762811393576,1.5618536750170025e-06,2.3059053372099665e-05,12.697793113364499,-14.328639773578834,0.0006301898191472963,12.25647154713555,-13.79049992947483,0.0006245096192025213
6.7010000000005725,0.07287470075215458,-0.0003892186695030163,5.574951622320384e-05,-0.00013223758137317806,-9.272861384284752e-06,0.00016008063097012833,0.32978427399102334,0.33039790952218023,0.33,0.0017149484639428316,1.5561979259489196e-06,2.3056030028260353e-05,12.696030760764778,-14.326513515252875,0.0006038125667269258,12.25497517348116,-13.788684770415898,0.0005976000488111101
6.721000000000579,0.07286681410636738,-0.00039375103281689066,5.321919237185474e-05,-0.00012432363491336995,-5.955929799664104e-06,0.0001666176524968324,0.3297912838549622,0.3304043880746179,0.33,0.0017135158506836785,1.5623260491267542e-06,2.305367960507787e-05,12.694662090350986,-14.324837445370456,0.000573921862723596,12.253907577231596,-13.787364644777309,0.0005670728764600434
6.741000000000586,0.07285913940923058,-0.00037776703322609884,5.084883411470009e-05,-0.00011631674477642405,-2.6788562902121444e-06,0.00016157462133452303,0.3297970144805132,0.330409473992143,0.33,0.001711771537822659,1.5808469692193112e-06,2.3052066699181425e-05,12.693724441305841,-14.323661577496,0.0005423349081864143,12.253278473308646,-13.786556033619396,0.0005347927631393057
6.7610000000005925,0.07285203755490896,-0.00034476879099104406,4.863739097914904e-05,-0.00010841632530968372,3.5304545803081113e-07,0.0001468189176096992,0.3298012690713286,0.3304130074400236,0.33,0.001709817988770218,1.611427538172881e-06,2.30512005680761e-05,12.693222853971715,-14.322997562735303,0.0005107618704785798,12.25306773600941,-13.786239908146209,0.0005025154240690677
6.781000000000599,0.07284578964353014,-0.0002988900142392269,4.658004854757314e-05,-0.00010080496471236974,2.977588286278518e-06,0.0001245937733136205,0.32980397151701213,0.3304149500836733,0.33,0.0017077597463787911,1.6529277589938024e-06,2.305104192518675e-05,12.693134054276701,-14.32282306004766,0.0004807103813124924,12.253230676513764,-13.786367691399485,0.00047178963453283645
6.801000000000606,0.07284058944359875,-0.0002445468124761031,4.466871964307201e-05,-9.363810535104476e-05,5.080394641077535e-06,9.732381244432956e-05,0.3298051551250413,0.33041537140812677,0.33,0.001705696776231481,1.7035678332830138e-06,2.305151190902906e-05,12.693411704065197,-14.32308768192557,0.0004534157677557804,12.253704215365028,-13.7868683486247,0.0004438855294788146
6.821000000000613,0.07283654245576135,-0.00018611708860628916,4.289269684734642e-05,-8.703685185660712e-05,6.59587924555107e-06,6.743487614858324e-05,0.329804945856954,0.330414429894074,0.33,0.0017037187936989398,1.7611132917467453e-06,2.305250236439624e-05,12.693992415539581,-14.323719928227728,0.0004297978826222837,12.254413429952349,-13.787655995275,0.00041975010926062717
6.841000000000619,0.07283367075520529,-0.0001276652472404468,4.1239402570482364e-05,-8.108396503371532e-05,7.50496200210501e-06,3.7197814536546444e-05,0.3298035418762464,0.3304123509504197,0.33,0.0017019008275577703,1.8230650810310146e-06,2.3053886609474244e-05,12.694802046410892,-14.32463453648867,0.00041044363748698955,12.255278001927246,-13.788637459457092,0.00039998905826750726
6.861000000000626,0.07283192253034285,-7.272375446751346e-05,3.9695174895430785e-05,-7.58228851965608e-05,7.830094544984847e-06,8.603090477147198e-06,0.3298011912102313,0.33040940346001424,0.33,0.0017003001674346313,1.8868427988928431e-06,2.305552994136409e-05,12.695761838883218,-14.325739726644908,0.0003956128923063473,12.256218159028364,-13.789719313491757,0.0003848724979535663
6.881000000000633,0.07283118508043128,-2.4137883957781477e-05,3.824603318929726e-05,-7.125945121278147e-05,7.628278713648775e-06,-1.6729854590601703e-05,0.3297981692081091,0.3304058766376688,0.33,0.0016989547388202946,1.949951110013122e-06,2.3057299248150585e-05,12.69679403353721,-14.326943894280914,0.0003852642454836624,12.257159792467226,-13.790813988184023,0.0003743611561951632
6.901000000000639,0.07283129997963574,1.602489754101643e-05,3.6878376147034264e-05,-6.736584888167306e-05,6.982793816099231e-06,-3.7607283910163656e-05,0.3297947572658171,0.33040205865336003,0.33,0.0016978828543049718,2.0101215573168236e-06,2.3059071238496e-05,12.697826671525515,-14.32816140075585,0.00037909651074085574,12.258038526783892,-13.791844694238673,0.0003681486559736132
6.921000000000646,0.07283207914942705,4.650374984589543e-05,3.5579575564589905e-05,-6.408623821941003e-05,5.99433694156443e-06,-5.3281177090721706e-05,0.32979122401053174,0.33039821816615395,0.33,0.0016970842081958446,2.0654243404711036e-06,2.3060738949520635e-05,12.69879738806814,-14.32931721264425,0.00037660124041056413,12.258802616686605,-13.792748989266004,0.000365715185187772
6.941000000000653,0.07283332069085029,6.681787132060689e-05,3.43384407642186e-05,-6.134347158594201e-05,4.77222440643264e-06,-6.343790666364513e-05,0.3297878098207029,0.33039458957399137,0.33,0.0016965419175275253,2.114347011737789e-06,2.3062216349819015e-05,12.699656090501165,-14.330350248923155,0.0003771215665270011,12.2594146382141,-13.793480938247388,0.00036638771369131983
6.961000000000659,0.07283482349611017,7.719355654716682e-05,3.314554031857986e-05,-5.9046322154202935e-05,3.426212088349812e-06,-6.816048471887597e-05,0.3297847152266691,0.33039136243730516,0.33,0.0016962253678837963,2.15583931239879e-06,2.306344100004802e-05,12.700366499228098,-14.331215395285891,0.0003799128228479781,12.259852024253684,-13.794011913656579,0.0003694021145555846
6.981000000000666,0.07283639986686857,7.845570127392074e-05,3.199337874522368e-05,-5.7096686331232756e-05,2.0593782612792553e-06,-6.787033024747951e-05,0.3297820934154377,0.3303886752039997,0.33,0.0016960935981258684,2.1893254309363014e-06,2.3064374859279622e-05,12.70090660509994,-14.331884235115536,0.0003842008657927472,12.260106562943607,-13.794330163717275,0.0003739630059627439
7.001000000000673,0.07283788559632069,7.189539506669709e-05,3.0876435547902426e-05,-5.539629712118846e-05,7.623850859103261e-07,-6.325503194933446e-05,0.32978004677032824,0.33038661306856687,0.33,0.0016960989533985435,2.2146867185294088e-06,2.30650034350203e-05,12.701268158672416,-14.332344621709797,0.00038923466792244204,12.260183029182906,-13.79443934038485,0.00037929779584615033
7.021000000000679,0.07283914720618175,5.912523730657725e-05,2.9791081897684313e-05,-5.3852579909421216e-05,-3.9069590790538367e-07,-5.518861985103259e-05,0.329778627126957,0.33038520955346595,0.33,0.001696190748791307,2.232219285227776e-06,2.306533355068191e-05,12.701455352966086,-14.332599273533685,0.00039433054881623684,12.260097153313959,-13.794356220807753,0.0003847022163920321
7.041000000000686,0.07284008625279292,4.1933270844941764e-05,2.8735396109529077e-05,-5.238338692287925e-05,-1.344934331008692e-06,-4.465047370367111e-05,0.32977783923155973,0.3303844512154166,0.33,0.0016963187139581028,2.2425718830782693e-06,2.306539005666443e-05,12.701482891251004,-14.33266361223775,0.00039890628367334304,12.25987314699562,-13.794107877474845,0.00038957552806970447
7.061000000000693,0.07284064081584694,2.2145085129249098e-05,2.7708902774301047e-05,-5.092045477501896e-05,-2.065519916458743e-06,-3.264826783252897e-05,0.32977764675127946,0.3303842847570559,0.33,0.0016964360283858472,2.246670039488387e-06,2.3065211837262843e-05,12.701373645046022,-14.33256308211718,0.0004025042076932363,12.259541005856839,-13.793728554244161,0.00039344446948236424
7.081000000000699,0.07284078444908063,1.501862737343048e-06,2.6712262010876453e-05,-4.9411532564513016e-05,-2.537316585569289e-06,-2.0149373021307656e-05,0.3297779801096177,0.33038462576493915,0.33,0.0016965018040323962,2.2456325479343817e-06,2.306484745832752e-05,12.701156106087144,-14.332330190902884,0.00040480326757063033,12.259133793932703,-13.793256490306447,0.00039597588222047296
7.101000000000706,0.07284052299835433,-1.8439905645166253e-05,2.574693498907238e-05,-4.782122047825369e-05,-2.763210364894509e-06,-8.024002545742974e-06,0.3297787454006231,0.33038536829360465,0.33,0.001696482922855332,2.24068618662858e-06,2.3064350784223498e-05,12.70086182214661,-14.332001497421148,0.00040562070046849753,12.258685088659673,-13.792730905495562,0.0003969786877490608
7.121000000000713,0.07283988977586772,-3.638346517192101e-05,2.4814849925350324e-05,-4.613063640586662e-05,-2.761518371860423e-06,2.9978048780608886e-06,0.3297798336662562,0.3303863945646857,0.33,0.0016963551876470679,2.233083966476284e-06,2.306377684386622e-05,12.700522981948012,-14.331614744980634,0.0004049046077887056,12.258226731194167,-13.792189321351538,0.00039639649761801383
7.141000000000719,0.07283893962007025,-5.134012695266955e-05,2.3918089513561003e-05,-4.4336087064262365e-05,-2.5627508713830004e-06,1.2354442522530817e-05,0.3297811298939411,0.3303875841399282,0.33,0.0016961037923244585,2.2240313856323796e-06,2.3063178179047894e-05,12.7001702830585,-14.331206303395474,0.00040271912250868864,12.257786987562525,-13.791665347496979,0.00039429258421884314
7.161000000000726,0.07283774237202245,-6.265133270690439e-05,2.3058616606091986e-05,-4.244696053722636e-05,-2.206021080921379e-06,1.9666384297013555e-05,0.3297825211953835,0.33038882204623116,0.33,0.001695723159716079,2.214624160592643e-06,2.3062601838547294e-05,12.699831180442171,-14.330809041131138,0.0003992241223109957,12.257389185586433,-13.791187015307973,0.00039082920352215663
7.181000000000733,0.07283637626572287,-6.998653950012442e-05,2.2238050289558053e-05,-4.048307796008431e-05,-1.7353807444485632e-06,2.4736296004202837e-05,0.3297839037524042,0.3303900054678944,0.33,0.0016952162289590176,2.2057998003495424e-06,2.3062087126607375e-05,12.699528576209948,-14.330450705371504,0.00039465153274227996,12.257050852915237,-13.790775694544442,0.0003862433610098458
7.2010000000007395,0.07283492166898042,-7.332029242911507e-05,2.1457499673298297e-05,-3.8471745075477096e-05,-1.1963271609753245e-06,2.753740921201413e-05,0.32978518825004904,0.33039104876487135,0.33,0.001694593299604692,2.1983042706953715e-06,2.306166414554394e-05,12.699279974736655,-14.330152845052373,0.00038928021011002236,12.256783345694314,-13.790445585941155,0.00038082106055480503
7.221000000000746,0.07283345553041135,-7.289274808191294e-05,2.071745805296704e-05,-3.644473166700939e-05,-6.326835180342685e-07,2.8192473032733582e-05,0.32978630365168654,0.33039188671593595,0.33,0.001693870554912053,2.192673934450939e-06,2.3061353119365818e-05,12.699097094536752,-14.329930272612216,0.0003834112129792374,12.25659192690198,-13.790203746370562,0.000374871895180441
7.241000000000753,0.07283204679505967,-6.915840717294634e-05,2.001775590463467e-05,-3.443538140535198e-05,-8.40034059082358e-08,2.6945896388846674e-05,0.3297871992965043,0.3303924760135763,0.33,0.0016930683927217141,2.1892320059633374e-06,2.306116443652476e-05,12.698985900326457,-14.32979102647927,0.00037734499930616055,12.256476229681821,-13.790050574376814,0.0003687055635308772
7.2610000000007595,0.07283075295360553,-6.272793592942764e-05,1.93575676103383e-05,-3.247601943148768e-05,4.164034887511025e-07,2.413178263685321e-05,0.32978784540997996,0.33039279514666525,0.33,0.0016922096894837848,2.1880979756373426e-06,2.3061099312359163e-05,12.698946996821086,-14.329736769557892,0.0003713617534552565,12.256431024668986,-13.789980663585457,0.0003626115573962719
7.281000000000766,0.07282961779506425,-5.4307747381647923e-05,1.873546406044868e-05,-3.059578369925634e-05,8.427804327087764e-07,2.0140461781366506e-05,0.32978823220745895,0.3303928428928207,0.33,0.0016913181126522214,2.189207866506757e-06,2.3061150945499198e-05,12.698976310688584,-14.329763539842542,0.00036570568139402,12.256447201253334,-13.78998391993118,0.00035684289188388544
7.301000000000773,0.07282867034610299,-4.464152707776271e-05,1.814950138853688e-05,-2.881896263286783e-05,1.1775720507243949e-06,1.5385874191710827e-05,0.329788367837017,0.33039263570254657,0.33,0.001690416580289612,2.192342795522511e-06,2.3061306030087104e-05,12.699065978606857,-14.32986275814762,0.00036057374440667903,12.256512870836838,-13.790046835341018,0.00035160437335864293
7.3210000000007796,0.07282792490607103,-3.4457202748097424e-05,1.759733508086697e-05,-2.716387770243857e-05,1.4114585823290988e-06,1.0275790404263208e-05,0.32978827544918193,0.33039220429120725,0.33,0.0016895259460802715,2.1971631220248233e-06,2.3061546476377193e-05,12.699205357141976,-14.330022394336185,0.0003561089562102753,12.256614504473792,-13.790153814516994,0.00034704554589300054
7.341000000000786,0.07282738202859876,-2.442203572792269e-05,1.7076348516067985e-05,-2.5642309853257895e-05,1.542855789304176e-06,5.186404126531251e-06,0.3297879896984795,0.33039158976392907,0.33,0.0016886639648216871,2.2032454665539777e-06,2.3061851205713552e-05,12.699382073901543,-14.330228196497892,0.0003523980586113954,12.25673802651859,-13.790288461818427,0.0003432581379824074
7.361000000000793,0.07282703025979023,-1.510763138072489e-05,1.6583785529426798e-05,-2.4259433601150962e-05,1.5769840303840712e-06,4.4234887116724096e-07,0.3297875529773207,0.3303908395854319,0.33,0.0016878445695971932,2.21012004310699e-06,2.3062197893820885e-05,12.69958304743796,-14.330464896403381,0.00034947313846307867,12.256869799268026,-13.790434750054493,0.00034027757108416156
7.3810000000008,0.07282684841986667,-6.965788456493112e-06,1.611687773558912e-05,-2.301419486493387e-05,1.5246239126796892e-06,-3.6973004723350894e-06,0.3297870116595801,0.33039000367529814,0.33,0.0016870774688099736,2.217306044099378e-06,2.3062564558109108e-05,12.699795415166705,-14.330717317655047,0.0003473165546419509,12.256997449170335,-13.7905780110298,0.0003380878903785814
7.401000000000806,0.07282680820874562,-3.152872304031407e-07,1.567295892645343e-05,-2.1900048554375944e-05,1.400680414248627e-06,-7.0469397523385155e-06,0.32978641259340125,0.3303891308637909,0.33,0.0016863680504250417,2.2243432102277242e-06,2.3062930910666027e-05,12.700007322580063,-14.330971329023459,0.00034586841817617765,12.257110501983465,-13.790705707209836,0.0003366293468207018
7.421000000000813,0.07282687692459344,4.660997223655598e-06,1.5249560728680667e-05,-2.090595979872905e-05,1.2226734180138243e-06,-9.496565001708165e-06,0.329785800034646,0.3303882658888335,0.33,0.0016857175631710675,2.230818175142658e-06,2.3063279420422986e-05,12.700208542080267,-14.331214603076903,0.0003450358058983429,12.257200811022818,-13.790807963392435,0.00033580779275602763
7.44100000000082,0.07282702010534288,7.909851978364978e-06,1.484448569723934e-05,-2.0017568835861378e-05,1.0092615847595194e-06,-1.1008754267772981e-05,0.329785213158464,0.3303874470558404,0.33,0.001685123530819868,2.2363846587927546e-06,2.306359605706981e-05,12.700390904958239,-14.331437157896541,0.00034470288493132164,12.257262778026798,-13.790877855668231,0.0003355050476588683
7.461000000000826,0.07282720393349594,9.493973881055063e-06,1.4455855996485523e-05,-1.921842207849582e-05,7.788900727882651e-07,-1.1611383223068465e-05,0.329784684230918,0.33038670462315295,0.33,0.0016845803463746175,2.2407770650458888e-06,2.3063870712072026e-05,12.700548544075453,-14.331631676553602,0.00034474117718394804,12.25729337979216,-13.790911470995574,0.0003355894414460794
7.481000000000833,0.0728273972810849,9.57259453131583e-06,1.4082137644984283e-05,-1.8491180860367833e-05,5.486325605405127e-07,-1.1387112784717195e-05,0.3297842374693115,0.33038605992075043,0.33,0.0016840799881278155,2.2438174878942208e-06,2.306409731253095e-05,12.700677957242116,-14.331793613841821,0.00034501928511523785,12.257292024483505,-13.790907763829548,0.00033592583534820645
7.50100000000084,0.07282757331121598,8.378479099337673e-06,1.3722141890125383e-05,-1.7818732493814106e-05,3.332761228370827e-07,-1.046075593982677e-05,0.3297838885717758,0.3303855251615331,0.33,0.0016836127988772444,2.2454165250629712e-06,2.3064273663252763e-05,12.70077791138885,-14.331921112084572,0.000345411525670677,12.257260269442673,-13.790868245918674,0.0003363845474353115
7.521000000000846,0.07282771059228416,6.193260467822701e-06,1.3375006544830148e-05,-1.7185145056349242e-05,1.4467540478322315e-07,-8.985619730870957e-06,0.32978364485644457,0.33038510386533465,0.33,0.0016831682726562204,2.2455686204471002e-06,2.3064401064025247e-05,12.70084921506472,-14.332014757040536,0.00034580505814871515,12.257201437041617,-13.790796551392718,0.0003368487515143518
7.541000000000853,0.07282779371814817,3.3229179391680013e-06,1.304016104210215e-05,-1.6576424455662016e-05,-8.618318815119969e-09,-7.1298379484297065e-06,0.3297835059193709,0.33038479178685426,0.33,0.001682735799506204,2.2443428961162197e-06,2.3064483753121214e-05,12.700894391442713,-14.332077211009084,0.00034610525170572086,12.257120166969457,-13.790697921757653,0.00033722008123128277
7.56100000000086,0.07282781346020836,7.495765654947824e-08,1.2717279514649904e-05,-1.5981051543423126e-05,-1.214660420181667e-07,-5.0635750694910176e-06,0.32978346469930514,0.33038457822072964,0.33,0.0016823053273366038,2.24187058837939e-06,2.3064528242023157e-05,12.700917286143843,-14.332112763028556,0.00034623917637195386,12.257021942288127,-13.790578654760678,0.0003374223133740408
7.581000000000866,0.0728277665039831,-3.2614648189200676e-06,1.2406226409952814e-05,-1.539029344146849e-05,-1.9201587264445393e-07,-2.9478084270242266e-06,0.3297835088263523,0.33038444754950286,0.33,0.0016818679099646085,2.238330269363148e-06,2.3064542592059805e-05,12.700922643616918,-14.332126836023553,0.0003461572442281943,12.256912623436376,-13.79044555755228,0.00033740315066561557
7.601000000000873,0.07282765484248574,-6.431592874920955e-06,1.2106999034450228e-05,-1.4798299226185523e-05,-2.213831334240282e-07,-9.251995994300055e-07,0.3297836221298603,0.3303843809024549,0.33,0.0016814161211950085,2.2339320223860795e-06,2.3064535692267053e-05,12.7009156833704,-14.332125488104184,0.00034583313892627894,12.25679801925012,-13.790305438997306,0.0003371342401927884
7.62100000000088,0.0728274849111343,-9.226767860164856e-06,1.1819671040053104e-05,-1.4202001762160339e-05,-2.1318230970268365e-07,8.866366276255551e-07,0.3297837861873642,0.3303843578036398,0.33,0.0016809443255256147,2.228901658025813e-06,2.3064516580420426e-05,12.700901703054297,-14.332114940648335,0.0003452622689407335,12.256683517938123,-13.790164668806389,0.000336609663838112
7.641000000000886,0.07282726655423853,-1.1491605947755967e-05,1.1544340273401954e-05,-1.3600858130956834e-05,-1.7296074397335436e-07,2.3993528758250055e-06,0.32978398180970603,0.33038435770438546,0.33,0.0016804488060821084,2.223465920321532e-06,2.3064493847308182e-05,12.700885730146126,-14.332101159616174,0.0003444590370051331,12.256573793903932,-13.790028823219197,0.0003358431975224619
7.661000000000893,0.07282701191192358,-1.3126795691203085e-05,1.1281083678489623e-05,-1.299646626815306e-05,-1.0758363460880746e-07,3.5556430870793454e-06,0.3297841903755948,0.33038436131685184,0.33,0.0016799277591569041,2.2178394539093848e-06,2.3064475148778865e-05,12.700872237869012,-14.332089509651421,0.00034345326107726557,12.256472599406186,-13.789902428721339,0.0003348646809707978
7.6810000000009,0.07282673430960117,-1.4087920549909384e-05,1.1029921134324272e-05,-1.2392098881755217e-05,-2.4616409813339235e-08,4.3287824219928095e-06,0.3297843949502126,0.3303843516891778,0.33,0.0016793811718530747,2.212214099495428e-06,2.306446684497101e-05,12.70086493484266,-14.332084493215405,0.0003422860893298648,12.25638264331387,-13.789788807460647,0.0003337158489042874
7.7010000000009065,0.07282644722096579,-1.4380913470191318e-05,1.0790789290122949e-05,-1.1792195357553227e-05,6.82554372496272e-08,4.720261165960319e-06,0.3297845811451068,0.33038431498727866,0.33,0.0016788106045712483,2.206750874169916e-06,2.3064473769763097e-05,12.700866631888054,-14.33208957994667,0.00034100573931625315,12.256305553339535,-13.78969002090958,0.00033244596287092953
7.721000000000913,0.07282616336127909,-1.4054886116574995e-05,1.0563525678200514e-05,-1.1201849772741931e-05,1.6373673153344082e-07,4.7559194944199685e-06,0.329784737698957,0.3303842409719302,0.33,0.0016782189033268762,2.201574783869211e-06,2.3064499129016613e-05,12.700879184138795,-14.332107124929179,0.00033966335760329775,12.256241913108143,-13.789606902484714,0.00033110754950005844
7.74100000000092,0.07282589395174419,-1.3193144465533705e-05,1.0347862691925669e-05,-1.0626328261936343e-05,2.5533970418848007e-07,4.481032059610223e-06,0.3297848567794825,0.33038412318089305,0.33,0.0016776098681876156,2.196772426739239e-06,2.3064544516415357e-05,12.700903501936443,-14.332138369129957,0.0003383092497834915,12.2561913618642,-13.789539165258057,0.00032975250421657864
7.7610000000009265,0.07282564817931886,-1.1903210374452628e-05,1.0143430439063517e-05,-1.0070642635661974e-05,3.376934163908076e-07,3.954798959849187e-06,0.32978493402460285,0.33038395884355737,0.33,0.001676987903631225,2.192392181641693e-06,2.3064610030789265e-05,12.700939620571813,-14.332183510860352,0.0003369896740699112,12.256152742050896,-13.789485567908242,0.00032842876188891586
7.781000000000933,0.07282543286048726,-1.030662488697523e-05,9.949767045470959e-06,-9.53920015831111e-06,4.0673999625343314e-07,3.244676838938293e-06,0.3297849683552847,0.3303837485691519,0.33,0.0016763576745925546,2.188446644680338e-06,2.3064694471290484e-05,12.70098681642317,-14.332241834131773,0.00033574432622609477,12.256124278953427,-13.789444120475467,0.00032717766917379743
7.80100000000094,0.07282525230327411,-8.529216253214564e-06,9.76633469876309e-06,-9.035541524644768e-06,4.59820186635735e-07,2.4209362189347223e-06,0.32978496160278387,0.3303834958586933,0.33,0.0016757237887094,2.1849168846532334e-06,2.306479559104908e-05,12.70104375587894,-14.332311878012828,0.0003346045877096331,12.256103776520293,-13.789412311414305,0.00032603213593801635
7.8210000000009465,0.07282510834979342,-6.69239733921857e-06,9.592539581021464e-06,-8.562172151702397e-06,4.956574892135471e-07,1.5517649942414446e-06,0.32978491799920223,0.3303832064955473,0.33,0.0016750905211435345,2.181758030807888e-06,2.306491038165045e-05,12.701108663029263,-14.332391630659265,0.00033359254471112675,12.256088814628383,-13.789387338414508,0.0003250155773227621
7.841000000000953,0.07282500057240049,-4.905913173886935e-06,9.42775384076694e-06,-8.120485054351882e-06,5.142554738868321e-07,6.99160162913875e-07,0.32978484358244436,0.330382887869979,0.33,0.0016744615937105997,2.1789056882482555e-06,2.306503536891243e-05,12.701179492955447,-14.332478732276217,0.00033272073886044407,12.25607693481357,-13.789366327628006,0.00032414160926073476
7.86100000000096,0.07282492659024034,-3.262311233378226e-06,9.271337870798979e-06,-7.710767816350826e-06,5.167264626275046e-07,-8.423321896208091e-08,0.3297847455653132,0.33038254828997643,0.33,0.001673840015251469,2.1762826896120135e-06,2.306516689743862e-05,12.701254098722869,-14.332570672858878,0.00033199256805081724,12.256065804026633,-13.789346528620937,0.00032341441664803785
7.881000000000967,0.07282488246969314,-1.8332591990185147e-06,9.12266137337997e-06,-7.332282067626233e-06,5.050717793588481e-07,-7.572590291110029e-07,0.3297846317140701,0.33038219632453886,0.33,0.0016732279855367965,2.1738057337951532e-06,2.3065301388643535e-05,12.701330382331456,-14.332664972771855,0.00033140322337583787,12.256053348699886,-13.789325475705597,0.00032282967913062517
7.901000000000973,0.07282486317170855,-6.676995694939593e-07,8.981121974706296e-06,-6.983400508844136e-06,4.819341754654283e-07,-1.2913623748741343e-06,0.32978450977512724,0.3303818402174326,0.33,0.0016726268607844628,2.1713915260606383e-06,2.306543555913461e-05,12.701406422072694,-14.332759336964994,0.0003309410309940048,12.25603785442093,-13.789301109616156,0.00032237592127457216
7.92100000000098,0.07282486301096211,2.0828611927870187e-07,8.846160478713505e-06,-6.661784753812045e-06,4.503420769246844e-07,-1.67074254010031e-06,0.3297843869801819,0.33038148739976114,0.33,0.0016720371752968722,2.168962113257745e-06,2.3065566589914644e-05,12.701480571409206,-14.332851776534062,0.00033058905954277723,12.25601802929026,-13.7892718569427,0.0003220361448806174
7.941000000000987,0.07282487609569242,7.901231449768342e-07,8.717272185321256e-06,-6.364587342477368e-06,4.134632004106573e-07,-1.891664922406689e-06,0.32978426965106505,0.33038114411964004,0.33,0.0016714587109333677,2.1664491950625775e-06,2.3065692244087336e-05,12.70155152687973,-14.332940694255825,0.0003303268515123825,12.25599303164942,-13.789236667736986,0.0003217895980881826
7.961000000000993,0.07282489672249816,1.0921864262731834e-06,8.594014033261321e-06,-6.0886613101946925e-06,3.7438213764229806e-07,-1.961088639385677e-06,0.3297841629162442,0.3303808151972321,0.33,0.0016708906042013313,2.1637972824630395e-06,2.3065810929994562e-05,12.701618364860574,-14.333024933532911,0.00033013215342147183,12.25596246512987,-13.789195014373682,0.00032161355227385143
7.981000000001,0.07282491970670421,1.1443657694142076e-06,8.476007628668847e-06,-5.830762893248897e-06,3.3591301484886817e-07,-1.8947895124349448e-06,0.32978407054217185,0.33038050390425333,0.33,0.0016703314796902428,2.1609656606511173e-06,2.3065921715954442e-05,12.701680549099747,-14.333103792533642,0.00032998253257810785,12.255926345591126,-13.789146856872982,0.00032148497050399555
8.001000000001005,0.07282494063564694,9.88091424327265e-07,8.36293847771008e-06,-5.58773517942794e-06,3.00454592750553e-07,-1.7151666641307007e-06,0.32978399487486504,0.33038021195917017,0.32998500000000003,0.0016697795983445709,2.1579291911780457e-06,2.306602429982654e-05,12.698053754414639,-14.329498741769976,0.0003298567910384168,12.252205914210474,-13.785419335903534,0.00032138197442307964
8.021000000000994,0.07282144300445734,-0.00033115391687766694,8.10114148123292e-06,-1.999614751105077e-05,2.353009813115865e-06,0.0001979531191969707,0.3297800483469155,0.33037601187149307,0.3296850000000003,0.0016691325745612144,2.1429025867180007e-06,2.2971684506736473e-05,12.631502029207724,-14.261615261771137,0.00017543471513164466,12.185817000092747,-13.717740715687789,0.00016856349744167343
8.041000000000983,0.07280341009911281,-0.0011263393853842161,7.1229607086845115e-06,-6.160796150008565e-05,1.4404935237304689e-05,0.0007817229970750689,0.32975550153448097,0.33035101955455015,0.32938500000000054,0.0016679428616519208,2.0840372784438654e-06,2.2876066282561988e-05,12.579473794796746,-14.205023401325292,-0.00025883460634906655,12.134290912753045,-13.661796577678755,-0.0002632419863316301
8.061000000000972,0.07277158227641822,-0.0017203189340835785,5.210889039312938e-06,-0.00010808180453852755,3.9629077272341096e-05,0.001435706174433123,0.32969550024555627,0.3302902551645457,0.3290850000000008,0.0016658071127981624,1.994636706186669e-06,2.2807838527631913e-05,12.54317400055943,-14.162691696606538,-0.0007416525164742942,12.098811212418575,-13.62052413855064,-0.0007449631395620697
8.08100000000096,0.07273497946327082,-0.0018060818627307126,2.475119362035927e-06,-0.00014633503857873996,7.59999950972224e-05,0.0019380748800399907,0.3295896347048559,0.3301832337488176,0.32878500000000105,0.001662521094199675,1.9091563633728225e-06,2.2767505351359663e-05,12.522908818381815,-14.136457157073213,-0.0011864279720678668,12.079599432910792,-13.595655761440145,-0.0011903842268118755
8.10100000000095,0.07270496114488192,-0.00132213903357602,-8.434233149112735e-07,-0.00017185721387126993,0.00011873746071449724,0.0021793137843096524,0.32943162742144366,0.3300236739023386,0.3284850000000013,0.0016581135558269558,1.8562436005060305e-06,2.2754017132925076e-05,12.518133620815497,-14.126816934585145,-0.00154449591937212,12.07597726753179,-13.587519215694163,-0.0015503149922585602
8.121000000000938,0.07269203947172286,-0.00033903446950212624,-4.492816941314981e-06,-0.00018525506203893364,0.00016209657946077938,0.002131051213231065,0.3292192611820311,0.3298094321762751,0.32818500000000156,0.0016528245448071833,1.8485906360320872e-06,2.2764968137167227e-05,12.527493153688134,-14.133023286657796,-0.001811255853713206,12.08643673347465,-13.595171128661795,-0.0018193457068409113
8.141000000000927,0.0727043957956537,0.0010148738239447914,-8.274724878555573e-06,-0.0001897698766718962,0.0002005945396579934,0.0018193975511651222,0.3289540578140273,0.3295421665505283,0.3278850000000018,0.0016470515217229822,1.88264727046586e-06,2.2796873556101627e-05,12.548982912378476,-14.153329645619692,-0.0019863640050245875,12.108824749188475,-13.616674406435882,-0.0019963812858330996
8.161000000000916,0.07274729183490905,0.0025900422870978315,-1.207267473632423e-05,-0.00018966792674283308,0.00022978202666639803,0.001303525943830044,0.3286407122372523,0.32922674567074606,0.32758500000000207,0.0016412840104903432,1.9425929640141663e-06,2.2845500687136383e-05,12.580145852876777,-14.185261345270465,-0.0020683914652547208,12.140555953306462,-13.649390403028287,-0.0020794365387961336
8.181000000000905,0.07282297940002036,0.004237580637458778,-1.5856207599779237e-05,-0.00018916455010777608,0.0002466500674198038,0.0006586071917422807,0.3282863756379885,0.32887050641137144,0.3272850000000023,0.0016360377658323126,2.0054981849209843e-06,2.2906202597284158e-05,12.618271678682216,-14.225887383373806,-0.0020553464299095238,12.178823259410999,-13.690264978897215,-0.0020661942061189517
8.201000000000894,0.0729309240542926,0.005823044873200213,-1.9669479329083306e-05,-0.00019174896713375705,0.0002497548458140684,-3.720070709759808e-05,0.32789987142841576,0.32848244702699875,0.3269850000000026,0.0016317946196526488,2.0461971267750554e-06,2.2974235404359543e-05,12.660586948397878,-14.272078683946729,-0.001946580748289889,12.220795361112161,-13.736095643443242,-0.001955896365666409
8.221000000000883,0.07306822408038842,0.007234896922530802,-2.3611063602817228e-05,-0.00019982480978172388,0.00023913665229423486,-0.0007120630494559816,0.32749090863164787,0.32807242185774677,0.32668500000000283,0.001628952150816856,2.04123286445508e-06,2.3045045099527154e-05,12.704427271657917,-14.3207411837307,-0.0017446654758556794,12.2637925434947,-13.78376865143658,-0.001751182194199927
8.241000000000872,0.07323014128755043,0.008389141462725666,-2.7810207814914223e-05,-0.00021459397085079777,0.0002161004223205411,-0.0013065392380658244,0.32706934389017367,0.3276503894882669,0.3263850000000031,0.0016277860938856716,1.9716801580118685e-06,2.3114511364924657e-05,12.74738363423797,-14.369013917645342,-0.00145665716014575,12.305432822404406,-13.830456426446839,-0.001459308846775623
8.26100000000086,0.07341068146411361,0.009231077307538972,-3.240344676584683e-05,-0.00023611816101312992,0.00018291528530336797,-0.00177692542329104,0.3266445323565616,0.3272257550744118,0.32608500000000334,0.0016284272312734505,1.8248749850961066e-06,2.3179138584999887e-05,12.787416598181725,-14.414424906944765,-0.001094557161754705,12.343742372243602,-13.873768466988663,-0.0010925657023422657
8.28100000000085,0.07360317637969654,0.009734802202359233,-3.7514257898246806e-05,-0.0002634989351313911,0.000142480125929436,-0.002096389703604498,0.32622479683018607,0.32680683634620417,0.3257850000000036,0.0016308532936221865,1.5951873838542133e-06,2.3236188028702284e-05,12.8229345940169,-14.455000841824504,-0.0006749690877091552,12.377226968775757,-13.911852374514249,-0.0006678911460574606
8.301000000000839,0.07380082961728361,0.009900956434292136,-4.323736553109303e-05,-0.00029512460863476234,9.799196904304067e-05,-0.0022544027285205147,0.325817033265633,0.3264004711712297,0.32548500000000385,0.0016348951981073362,1.2840170990469402e-06,2.328374928063607e-05,12.852835236437189,-14.489329816715443,-0.0002180799608943021,12.404904134076007,-13.94344517728393,-0.00020581931510635506
8.321000000000828,0.07399719707692544,0.00975311844909851,-4.962839969906152e-05,-0.00032894156917813043,5.264442895746708e-05,-0.0022549314383316916,0.3254264597512743,0.3260117731537728,0.3251850000000041,0.0016402558813846872,8.99197091554812e-07,2.3320752967162674e-05,12.876511180867933,-14.516579381828622,0.00025383567910746346,12.42629841954107,-13.967878313007207,0.0002710435716497686
8.341000000000816,0.07418658080756382,0.009333238283565417,-5.669890800361066e-05,-0.00036271737280490606,9.374761611748108e-06,-0.0021138177268669647,0.3250565059533851,0.3256440313271224,0.32488500000000436,0.0016465391172641173,4.5397561134604415e-07,2.3346930351104857e-05,12.893824260822884,-14.536474706747956,0.0007181527508514457,12.441404553546066,-13.985042244436992,0.0007397776105118578
8.361000000000805,0.07436432242270719,0.008696487757404512,-6.441620978003826e-05,-0.0003942728256044443,-2.932962311179905e-05,-0.0018557111834716223,0.3247088314236198,0.3252987411834335,0.3245850000000046,0.0016532851114759346,-3.427465310438726e-08,2.3362728236333772e-05,12.905053356794662,-14.549243578900377,0.0011536352144284696,12.450624862589184,-13.995318579615832,0.0011789044350632306
8.381000000000794,0.07452698987539783,0.007905901647024208,-7.270725754663504e-05,-0.0004216691929356898,-6.156089906918133e-05,-0.001510868487764865,0.32438345445951255,0.3249757474737928,0.3242850000000049,0.001660009373054777,-5.454942309695704e-07,2.3369189664445048e-05,12.910822566576867,-14.555536213046736,0.0015419683925763535,12.454688377720553,-13.999488690102826,0.0015699299436078876
8.401000000000783,0.07467245864478955,0.007027167835128073,-8.14655051595281e-05,-0.0004433441905793774,-8.605792562568033e-05,-0.001112073448321749,0.32407896857954954,0.3246734745910108,0.32398500000000513,0.001666241380371897,-1.058414274221323e-06,2.3367812005518097e-05,12.912016758779565,-14.55632841830405,0.0018689267637123019,12.454559363888844,-13.998628174970213,0.0018985176959500619
8.421000000000772,0.07479989506187035,0.006123888494349828,-9.055974241551495e-05,-0.00045819622900366154,-0.00010221605250510909,-0.0006918727750381749,0.32379282114448377,0.32438921792718783,0.3236850000000054,0.0016715598668711586,-1.551982012163522e-06,2.3360394233916887e-05,12.909691536520564,-14.552816602000467,0.0021250861788931984,12.451342724409455,-13.99399617754051,0.002155202264199113
8.441000000000761,0.07490965514001417,0.005253576567381938,-9.984390776195812e-05,-0.0004656205056896868,-0.00011004803069810396,-0.00028026515488120994,0.3235216280990326,0.32411946923364227,0.32338500000000564,0.0016756220986169248,-2.0066557653449484e-06,2.334888451623706e-05,12.904984101011523,-14.546312473348706,0.0023060576594550793,12.446192947141904,-13.986927646290779,0.002335620023717958
8.46100000000075,0.07500311648187483,0.0044645756289721835,-0.00010916700307829486,-0.00046550317261380794,-0.00011010638893775008,9.707315044357417e-05,0.3232614999852801,0.32386025044125744,0.3230850000000059,0.0016781852351082046,-2.405504281305868e-06,2.3335237865693396e-05,12.899030595073484,-14.538144262515681,0.002412279697393868,12.440232110747694,-13.978735290772612,0.0024402947399985477
8.481000000000739,0.0750824633453546,0.0037940042726902204,-0.0001183823816820681,-0.00045818125084732804,-0.00010337857363878026,0.0004199923696385208,0.323008356975851,0.32360743328296376,0.32278500000000615,0.0016791186777725634,-2.735060217040538e-06,2.3321291726528384e-05,12.89289434630144,-14.529569923208228,0.0024484500094773725,12.434481101043305,-13.970626378171028,0.0024740595140870488
8.501000000000728,0.07515044569098253,0.0032667381029398207,-0.00012735584385305948,-0.0004443765524394058,-9.116619296845677e-05,0.0006745119966201003,0.3227582143320309,0.32335702601045935,0.3224850000000064,0.0016784071366446477,-2.985895198109712e-06,2.330866515732187e-05,12.887508136928508,-14.52170627278299,0.0024227026669210124,12.429806735009691,-13.963637799866213,0.0024452218156701317
8.521000000000717,0.07521013211712446,0.0028953626373666138,-0.00013597214027155635,-0.0004251118790163769,-7.495900227888074e-05,0.0008529464116348766,0.32250742403539795,0.32310541311502083,0.32218500000000666,0.001676144911498515,-3.1529035190356593e-06,2.329868499123539e-05,12.883632311038625,-14.515476465980743,0.0023456430166695474,12.426886068438565,-13.958591146232381,0.002364584977845652
8.541000000000706,0.07526467429617317,0.002680966387696676,-0.00014413964435021354,-0.0004016174002003137,-5.631298555800852e-05,0.0009535840613514134,0.32225286300752487,0.3228495388625545,0.3218850000000069,0.0016725225298968678,-3.2353017148205613e-06,2.329234014226134e-05,12.881829279790837,-14.511576704570201,0.002229344328624719,12.426187865462701,-13.956067971680442,0.002244431107232517
8.561000000000694,0.07531709723834157,0.002614599492273804,-0.00015179310378816285,-0.00037523448849843306,-3.674019993481776e-05,0.0009800087725573684,0.32199206298680905,0.32258703028671293,0.32158500000000717,0.0016678073707501685,-3.2363699166847603e-06,2.3290263250037094e-05,12.882453873257314,-14.510461741596515,0.002086391743212085,12.427970099869825,-13.956404092129393,0.002097551954973537
8.581000000000683,0.07537012585493044,0.0026792006934808097,-0.00015889451546766825,-0.0003473234552870312,-1.7616128047087428e-05,0.000940161242792525,0.3217232814856316,0.3223162597536303,0.3212850000000074,0.0016623202076931102,-3.1629761608294294e-06,2.3292737212562216e-05,12.885658063366158,-14.512347609183715,0.001929036169406906,12.432291481068248,-13.959700686164728,0.0019363912201994485
8.601000000000672,0.07542605427629656,0.002851792531227925,-0.000165432282227089,-0.00031918061363933614,-1.0828367540749529e-07,0.0008452405916994619,0.32144551707141805,0.3220363510824329,0.3209850000000077,0.0016564097302250887,-3.0249352562096644e-06,2.329972290750707e-05,12.891407876673536,-14.517229122973951,0.001768497763758505,12.439034371459421,-13.965849195560825,0.0017723385177004197
8.621000000000661,0.07548666054477542,0.003105757774853753,-0.00017141890162049311,-0.00029196890764480803,1.4872123446340409e-05,0.0007085411675640541,0.3211584753312953,0.32174713631056107,0.32068500000000794,0.0016504270557218092,-2.8342588582974227e-06,2.331090356207129e-05,12.899509840349204,-14.524909112563455,0.0016144385181814983,12.447936088437695,-13.974566544621391,0.0016151948895373014
8.64100000000065,0.07555316590587087,0.0034130347953293125,-0.00017688750262075809,-0.00026666502931608176,2.6695425469208365e-05,0.0005443098948810229,0.32086249418607643,0.3214490724344371,0.3203850000000082,0.001644702056669336,-2.6043533238140476e-06,2.332574080261959e-05,12.909644056760099,-14.53503599450554,0.0014746077570979498,12.458625449940183,-13.985437006962206,0.0014728137745376737
8.661000000000639,0.07562623512547462,0.0037461011903101213,-0.0001818875845955789,-0.00024402455825561003,3.5017110644394593e-05,0.00036669572640519847,0.32055843867377576,0.32114312880372,0.32008500000000845,0.0016395230261163276,-2.3492176639463837e-06,2.3343537347802322e-05,12.921400965213897,-14.547146225709232,0.001354653111227274,12.470661503226003,-13.997957114588933,0.0013509099194704175
8.681000000000628,0.07570601214581932,0.004079649502461611,-0.00018648032364314282,-0.00022456529111704397,3.976248783694766e-05,0.00018884662828687484,0.32024757594296155,0.3208306563310118,0.3197850000000087,0.0016351208249292292,-2.0826867615389774e-06,2.3363501560675174e-05,12.934318998405475,-14.560708320838543,0.0012580820841842175,12.483571639173638,-14.011580288919934,0.0012530211230708044
8.701000000000617,0.07579218396996582,0.004391893210770613,-0.00019073379626136783,-0.00020856767377940428,4.109593480705494e-05,2.2192298437421545e-05,0.319931441050066,0.32051324937948533,0.31948500000000896,0.001631658232032007,-1.8177562832465157e-06,2.338480958583564e-05,12.947920643220089,-14.575165449453149,0.0011863545851745559,12.496886700061282,-14.025758330888976,0.0011806028758523997
8.721000000000606,0.07588406834573594,0.004666062758172408,-0.0001947183977009173,-0.000196084173425318,3.937866156115337e-05,-0.00012408623723416035,0.3196117034323611,0.32019261031062557,0.3191850000000092,0.0016292247869907023,-1.5660103129324383e-06,2.3406658300867962e-05,12.961742249333794,-14.589961953065373,0.0011136654173045562,12.510168617696197,-14.039965353138404,0.0011078115368172133
8.741000000000595,0.07598105902285504,0.004917596683445921,-0.00019849924025183013,-0.00018669559553573858,3.510929592517566e-05,-0.0002440879530959286,0.3192900497478764,0.31987043228458234,0.31888500000000947,0.0016278369845957761,-1.336707633775557e-06,2.3428276993381777e-05,12.975346863357515,-14.60458587230891,0.001037053366595597,12.523020323150957,-14.053736520653082,0.0010315837278467219
8.761000000000584,0.07608266773597744,0.005136375599261559,-0.00020213297498382354,-0.00018009728255503156,2.8883830631292295e-05,-0.00033295778818374477,0.31896806914292897,0.3195482862682918,0.3185850000000097,0.0016274432599204306,-1.1371580384499426e-06,2.3449067256011218e-05,12.988389920079618,-14.618643212370252,0.0010238862180595967,12.535147697841463,-14.066737413730634,0.0010192651093593017
8.781000000000573,0.07618780019380596,0.005294460697337579,-0.00020567163298353813,-0.0001759888120604869,2.1368744359514493e-05,-0.0003881073128690426,0.318647146955991,0.319227518173805,0.31828500000001,0.001627933201818493,-9.73301073994357e-07,2.3468568155365758e-05,13.000611815901085,-14.631798168043382,0.0010509971495428455,12.546347284124973,-14.078699706141084,0.001047608264891197
8.801000000000561,0.0762950924987388,0.0053832813244693144,-0.0002091569883629213,-0.00017379707316512446,1.3231615753240684e-05,-0.00041033392799694673,0.3183284103219189,0.31890919891185215,0.31798500000001023,0.0016291499989735513,-8.484459861636715e-07,2.3486454247224676e-05,13.011831774874707,-14.643816158093829,0.0011027047253423423,12.556496038451556,-14.089459005399569,0.001100799672057776
8.82100000000055,0.07640318744474182,0.005405690863164691,-0.00021261777750285205,-0.0001728574720407558,5.088466507994297e-06,-0.00040278138693377967,0.31801269502997254,0.3185940964010081,0.3176850000000105,0.0016309048567815694,-7.630116653487976e-07,2.3502541923505073e-05,13.021951358164113,-14.65456440375184,0.0011682899325536921,12.565551054901052,-14.098950465608864,0.0011679826756146369
8.84100000000054,0.0765108768974248,0.0053704462290632875,-0.00021606958489278627,-0.00017252379109602747,-2.531040677684151e-06,-0.0003701352324169602,0.31770053257556086,0.31828266809162037,0.31738500000001074,0.0016329922091631063,-7.148621966569791e-07,2.3516785382787163e-05,13.030951424843801,-14.66400606785637,0.0012396596946136465,12.573543156769942,-14.107198662245006,0.0012409398206906666
8.861000000000528,0.07661717489588471,0.005289301945400471,-0.00021951608159118813,-0.00017222399670493727,-9.205437163306166e-06,-0.00031801736560719933,0.31739215727194603,0.31797507345816217,0.317085000000011,0.0016352046182551562,-6.998398877897403e-07,2.3529262890817054e-05,13.038883598251852,-14.672189624325283,0.0013104348504547599,12.580565647685898,-14.114303577202207,0.0013131878286628156
8.881000000000517,0.0767213512578697,0.005175280024769836,-0.00022295095336694049,-0.00017148864202309338,-1.463272611614006e-05,-0.0002524810462319842,0.31708753094286246,0.31767120361900064,0.31678500000001125,0.0016373463925592184,-7.123377732340117e-07,2.3540156254025328e-05,13.045857981285065,-14.679234472764474,0.0013756369638606846,12.586760106086837,-14.120423822755788,0.0013796667877863124
8.901000000000506,0.07682293914052696,0.005041487179932915,-0.0002263601606340357,-0.00016996384525520757,-1.8632575376338778e-05,-0.00017957454452355708,0.3167863815495154,0.3173707241490309,0.3164850000000115,0.0016392451368221425,-7.458520596537113e-07,2.354972607406817e-05,13.052028599397957,-14.68531404073579,0.0014315804359466423,12.59230076282086,-14.125758399467198,0.001436632741331405
8.921000000000495,0.07692172361665692,0.004900238571189377,-0.00022972430558806933,-0.0001674141686551532,-2.114073593808894e-05,-0.00010497099186971815,0.3164882515602536,0.3170731266861459,0.31618500000001176,0.0016407606619701235,-7.93490329820684e-07,2.3558285070335722e-05,13.057577883353755,-14.69063770229201,0.0014758074152034111,12.597378765880798,-14.130528301195683,0.0014815920666841043
8.941000000000484,0.07701771602093024,0.004762403671503929,-0.00023302094627947884,-0.00016371810151602674,-2.2197099368854895e-05,-3.3670954994374495e-05,0.3161925517401393,0.316777784885599,0.315885000000012,0.0016417909167688522,-8.48422662211315e-07,2.3566171492629702e-05,13.062701345619857,-14.695432786643117,0.001507003808021999,12.602187418760371,-14.134959159647625,0.0015132161972864168
8.961000000000473,0.07711111806490338,0.0046369471113206695,-0.00023622673591741639,-0.00015885789574144381,-2.192894808977318e-05,3.0215682346045133e-05,0.315898616231639,0.3164840105542683,0.3155850000000123,0.00164227483723555,-9.042663127942365e-07,2.3573724337568857e-05,13.067593419516093,-14.699927797613485,0.0015248787056498865,12.6069092464333,-14.139265911886502,0.0015312190727900933
8.981000000000462,0.07720227945072455,0.004530653369323264,-0.00023931929558294873,-0.00015290519348506903,-2.0531035451087995e-05,8.360554183790176e-05,0.3156057552460929,0.31619110632386777,0.3152850000000125,0.0016421922283472213,-9.553964692320159e-07,2.3581261726746887e-05,13.072435218717493,-14.704337748915034,0.0015300088932592825,12.611705497702431,-14.143640217309745,0.0015361990487582436
9.00100000000045,0.0772916525010475,0.004448023818022935,-0.00024227875582703146,-0.00014600379509284125,-1.8244124039628148e-05,0.00012449704006505953,0.315313302318091,0.3158984119228066,0.3149850000000128,0.0016415609812932242,-9.9717786513351e-07,2.3589063418171177e-05,13.077384748036904,-14.708852270345155,0.0015236583096139037,12.616708446136577,-14.148241076198074,0.001529455246460189
9.02100000000044,0.07737974701236129,0.004391328812422587,-0.0002450889288762928,-0.00013835086537937333,-1.5333507129245444e-05,0.00015195155832971536,0.3150206538222855,0.3156053419078054,0.31468500000001304,0.0016404320782321875,-1.026115096422467e-06,2.359735802562894e-05,13.08256986834693,-14.713626879359445,0.0015075851705261653,12.622016617959689,-14.153188833229095,0.0015127912153061135
9.041000000000428,0.07746708809792835,0.004360791057085355,-0.0002477380980948629,-0.00013017780031428808,-1.2068851776230385e-05,0.00016601080635405584,0.31472729924920617,0.31531141355089776,0.3143850000000133,0.0016388829391186844,-1.0399230441694247e-06,2.3606315147361458e-05,13.08808410256423,-14.71877756008932,0.0014838495511690958,12.62769286600899,-14.158562504215867,0.0014883188925780056
9.061000000000417,0.0775541792350843,0.0043548714645192475,-0.00025021943410472036,-0.00012173185421853173,-8.706452839713785e-06,0.00016756352261005413,0.3144328415251162,0.31501626438606817,0.31408500000001355,0.0016370097194955376,-1.0375224537587762e-06,2.3616042263792884e-05,13.0939851773908,-14.72437856317433,0.0014546327873338966,12.633765033705766,-14.164400156040733,0.0014582744180858078
9.081000000000406,0.07764147211172506,0.004370625943780885,-0.00025253106660914904,-0.0001132594599686133,-5.474698571862516e-06,0.00015817629431710408,0.3141370073912285,0.31471965965333293,0.3137850000000138,0.0016349191756379194,-1.0189690392269916e-06,2.362658598161859e-05,13.100296035409016,-14.730463146522704,0.0014220778379102313,12.640228818551863,-14.170701906892761,0.0014248551327994718
9.101000000000395,0.07772934422556496,0.00440410113197174,-0.00025467585671399423,-0.00010499197157111497,-2.563244083336704e-06,0.00013990374915648438,0.31383964849069956,0.3144214904990756,0.31348500000001406,0.001632720678577288,-9.85327178201885e-07,2.363793697785448e-05,13.107007930084869,-14.737026826739726,0.00138815716156631,12.647052353633224,-14.177435001073093,0.0013900844752272696
9.121000000000384,0.07781808457193815,0.004450738818315251,-0.0002566609258885938,-9.713433315474156e-05,-1.1609087848418591e-07,0.00011509278037773628,0.31354073432019813,0.3141217642748862,0.3131850000000143,0.0016305188882098738,-9.385011429633414e-07,2.3650037854014413e-05,13.114085134744077,-14.744032607549338,0.001354572038337125,12.654181978156375,-14.184540350403175,0.0013557088311940229
9.141000000000373,0.07790788719877548,0.004505762286704927,-0.0002584970044286969,-8.985694689694496e-05,1.771502502894616e-06,8.619399276207989e-05,0.31324033857039146,0.3138205886098522,0.31288500000001457,0.00162840750143573,-8.810378129242437e-07,2.366279302017008e-05,13.121470755240779,-14.751417595391288,0.0013226847872529184,12.661548661312965,-14.191939919769315,0.0013231278729815606
9.161000000000362,0.07799885193902031,0.004564522546947132,-0.00026019766446743614,-8.329078885078463e-05,3.05258727568275e-06,5.5591412080933934e-05,0.3129386206015522,0.31351815111181075,0.3125850000000148,0.0016264643734974302,-8.159149407591672e-07,2.3676079724836482e-05,13.12909313258279,-14.75910040089153,0.0012934831466595478,12.669074572643538,-14.199544362418848,0.0012933576972936772
9.18100000000035,0.078090991269198,0.004622787936592918,-0.00026177850058648616,-7.75256198094146e-05,3.725061069427619e-06,2.545891487351652e-05,0.31263580388153017,0.3132146965898049,0.3122850000000151,0.0016247481889742586,-7.463283822750469e-07,2.368975937946894e-05,13.13687235097959,-14.766988753067105,0.001267574266952796,12.676679350193618,-14.207260373455211,0.0012670242153997805
9.20100000000034,0.07818424199662313,0.004676966386872835,-0.0002632563155098369,-7.261096925733932e-05,3.825795611813381e-06,-2.3509642331760475e-06,0.3123321531669559,0.31291050359958233,0.31198500000001533,0.0016232967373276273,-6.754903669895704e-07,2.370368842508434e-05,13.144726423155973,-14.774986813908857,0.0012452043575096811,12.684285697186962,-14.214997319250273,0.0012443828050745312
9.221000000000329,0.07827848034670862,0.004724255343804948,-0.00026464835998541575,-6.855944175028702e-05,3.423048936500792e-06,-2.638299328515381e-05,0.31202795205438383,0.31260586191904605,0.3116850000000156,0.0016221267355359965,-6.06449025154918e-07,2.3717728109566342e-05,13.152576800748838,-14.783001766513328,0.0012262990412372024,12.691824031086606,-14.222672806580208,0.0012253592153032378
9.241000000000318,0.07837353899873198,0.0047627195819853335,-0.0002659716656418301,-6.535181028132299e-05,2.607874223824614e-06,-4.5619741545189014e-05,0.31172348229010144,0.3123010522874534,0.31138500000001584,0.0016212350437845606,-5.419371498868598e-07,2.3731752696212193e-05,13.160352946312074,-14.790949351432479,0.0012105189007189075,12.699236007542302,-14.23021696933277,0.0012096061212821536
9.261000000000307,0.07846922469022283,0.004791301680004667,-0.00026724249825689494,-6.294332198745876e-05,1.4852080137623294e-06,-5.948868441557804e-05,0.3114190059318345,0.3119963294189719,0.3110850000000161,0.0016206010442089548,-4.842557125011587e-07,2.3745655785587333e-05,13.167995797372074,-14.798758135046741,0.001197324516362935,12.706476838945239,-14.237575363970436,0.001196569526218386
9.281000000000295,0.07856533515982941,0.0048097735610665784,-0.00026847594734724645,-6.127064368141545e-05,1.6525129088481577e-07,-6.783985125860721e-05,0.31111475112894493,0.3116919089553759,0.31078500000001635,0.0016201899002564924,-4.351951172206528e-07,2.375935459028517e-05,13.175460045569015,-14.806372402575224,0.0011860454745633107,12.713516416875859,-14.244710470338926,0.0011855593737357313
9.301000000000284,0.07866167440653657,0.0048186401395645,-0.00026968565705159236,-6.02589140015136e-05,-1.2443425463673913e-06,-7.08993251730995e-05,0.3108109019549859,0.3113879586796552,0.3104850000000166,0.0016199563863412872,-3.959947155122523e-07,2.3772792157176106e-05,13.182715239559611,-14.813753669908655,0.001175948308870653,12.72033932467175,-14.251601886041207,0.0011758192163656635
9.321000000000273,0.07875806548879351,0.004819007711419613,-0.00027088369356216557,-5.9828436941452235e-05,-2.645078235285615e-06,-6.920475694406801e-05,0.3105075924097674,0.3110845939939307,0.31018500000001686,0.0016198489733716852,-3.673388355973623e-07,2.3785937656962898e-05,13.189745794217371,-14.82088089736186,0.0011662990695144443,12.726943887561532,-14.258245376182005,0.0011665905217911074
9.341000000000262,0.07885436035017845,0.0048124303257720226,-0.00027208053631504886,-5.990064051725846e-05,-3.952762199740159e-06,-6.352940155934152e-05,0.310204904425498,0.3107818773886513,0.3098850000000171,0.0016198138731232368,-3.4938562191037807e-07,2.379878497308813e-05,13.196550047939795,-14.827749560458201,0.0011564171319656904,12.733340450977114,-14.264650993582542,0.001157168123415347
9.361000000000251,0.07895044641972283,0.004800747053217135,-0.00027328517407345515,-6.040302497018967e-05,-5.101042772953189e-06,-5.480106845821866e-05,0.3099028694768567,0.3104798214080026,0.3095850000000174,0.0016197987798009714,-3.4182342074856753e-07,2.3811349898536773e-05,13.203138552175309,-14.834369785787487,0.0011457178709069736,12.739549102811127,-14.270840516544727,0.0011469443531960451
9.38100000000024,0.07904625709730094,0.004787069854881038,-0.0002745052133341641,-6.126169173821759e-05,-6.0435697583244075e-06,-4.406018481288588e-05,0.30960147338173916,0.31017839461999047,0.30928500000001763,0.0016197560959680518,-3.4393638293675846e-07,2.3823661235487516e-05,13.209528290878323,-14.840748141490753,0.0011024828996617296,12.74559356261451,-14.276828830403101,0.0011041756935030705
9.401000000000229,0.07914218180130345,0.004804629745792326,-0.00027574312689719604,-6.212176017396135e-05,-6.766050613211673e-06,-3.314783706566598e-05,0.30930067171962833,0.30987753788961786,0.3089850000000179,0.0016196454549159379,-3.5418010011570857e-07,2.3835722796145217e-05,13.215726537680805,-14.846906274400485,0.0010391377845733565,12.751485198850329,-14.282642384555414,0.0010412321612517574
9.421000000000218,0.0792388822351055,0.004847641357133085,-0.0002769978065676887,-6.297533557306228e-05,-7.2682689185021004e-06,-2.1991901157502295e-05,0.30900038929545093,0.30957716445704425,0.30868500000001814,0.0016194353911602175,-3.711406778268278e-07,2.384761667111484e-05,13.221776615931327,-14.852912337319298,0.0010187556370333264,12.757268828569195,-14.288350466550014,0.0010212383200741545
9.441000000000207,0.07933648077542241,0.0048915436405472575,-0.0002782705883372094,-6.389368844407527e-05,-7.5398489140766476e-06,-1.0365620088946189e-05,0.308700512516835,0.30927715283841467,0.3083850000000184,0.001619104379765222,-3.9417322506772954e-07,2.3859430208270232e-05,13.227728316385404,-14.858806478918424,0.001020980902278301,12.762992740139602,-14.293991470027816,0.0010238401615359073
9.461000000000196,0.07943485098683853,0.004927695153904417,-0.00027956125351136923,-6.476085275294197e-05,-7.581225472337297e-06,9.922700057750825e-07,0.30840091005525644,0.3089773675951852,0.30808500000001865,0.0016186411994548032,-4.22247005835793e-07,2.387123783038736e-05,13.233623293567316,-14.864630908246365,0.0010346465409844547,12.768694626341416,-14.299603317959471,0.0010378357803509537
9.481000000000185,0.07953381349113503,0.004954901513644852,-0.00028086650185460416,-6.542061437451663e-05,-7.411472027751238e-06,1.114311816806755e-05,0.30810144844735315,0.3086776747681866,0.3077850000000189,0.0016180445673138126,-4.537314304662406e-07,2.38831018241059e-05,13.239496199246734,-14.870425567148235,0.001053997848034055,12.77440338028384,-14.305219575320208,0.0010574378956509077
9.501000000000174,0.07963320688705061,0.004974508223663698,-0.0002821802527486067,-6.574459099059561e-05,-7.06617887269442e-06,1.9328252840029348e-05,0.307802002856328,0.30837795226603254,0.30748500000001916,0.0016173221345548339,-4.866287428341647e-07,2.3895072796313422e-05,13.245374932534038,-14.876224822250196,0.0010758372952830732,12.780139978017052,-14.31086675991136,0.0010794299991506782
9.521000000000162,0.07973290654442869,0.004988406513823353,-0.000283494525319547,-6.565105605673908e-05,-6.591850759225895e-06,2.5087702211986416e-05,0.307502464729402,0.3080780969783519,0.3071850000000194,0.0016164889780270109,-5.18876278551536e-07,2.390718917250052e-05,13.251280372840933,-14.882055555058296,0.001098260940592958,12.785917819543135,-14.316563122366837,0.0011019031427410772
9.541000000000151,0.07983282348206344,0.0049982915292825295,-0.00028480037611339215,-6.51039485377197e-05,-6.039765975461506e-06,2.8263452462536544e-05,0.30720274691798416,0.3077780292293533,0.30688500000001967,0.0016155657526418505,-5.485909939223894e-07,2.3919476806848184e-05,13.257226217001072,-14.887936275058799,0.0011200902600362508,12.791743128671142,-14.32231843495586,0.0011236847451316604
9.56100000000014,0.07993289665894615,0.00500543737769618,-0.0002860887030397552,-6.41049368226439e-05,-5.46053746926937e-06,2.8954797756305894e-05,0.30690278653022485,0.30747769490085713,0.3065850000000199,0.0016145766754537545,-5.742290037936236e-07,2.3931949136999618e-05,13.26321913915002,-14.893877007784692,0.0011405929365639804,12.797615605380551,-14.32813448516961,0.0011440558003105786
9.58100000000013,0.08003308413185437,0.005010682538534633,-0.0002873508618362608,-6.268387301386439e-05,-4.899850675616996e-06,2.7456444633251044e-05,0.30660254575384005,0.3071770655212411,0.3062850000000202,0.0016135475011282295,-5.946675910243634e-07,2.3944607983135774e-05,13.269259312984891,-14.89987978708595,0.0011593271708586082,12.803529349044124,-14.334006067648952,0.0011625920152659455
9.601000000000118,0.08013335523926679,0.00501449695281604,-0.00028857909743856824,-6.088979502375555e-05,-4.395495549868571e-06,2.419385984417583e-05,0.3063020109213425,0.306876136643628,0.30598500000002044,0.0016125036282059089,-6.092265760536212e-07,2.395744493689339e-05,13.275341256306833,-14.905939609253046,0.0011760430892767775,12.8094739976739,-14.339922310628664,0.0011790626952864907
9.621000000000107,0.08023368456904179,0.0050170755581597296,-0.00028976681428418555,-5.878328016198658e-05,-3.9756362438921815e-06,1.9663004246183393e-05,0.3060011901349293,0.30657492487174404,0.3056850000000207,0.001611468449279111,-6.176463030371502e-07,2.3970443208693635e-05,13.281454919922373,-14.912045715002977,0.0011906145978077024,12.815435998413745,-14.345868193003685,0.0011933607174689565
9.641000000000096,0.08033404785081752,0.0050184337102318404,-0.0002909087163445734,-5.6430366947107465e-05,-3.658174547990278e-06,1.4378041430118578e-05,0.3057001098038444,0.3062734639163341,0.30538500000002095,0.0016104620280437884,-6.200370962837936e-07,2.3983579773098515e-05,13.287586927222495,-14.918183069733526,0.0012029906885435851,12.821399916355187,-14.351826123055117,0.0012054525162672005
9.661000000000085,0.08043441963199038,0.00501849312824663,-0.00029200084791255326,-5.3898002687298387e-05,-3.4510205109552195e-06,8.828729970961315e-06,0.30539881046385914,0.3059718000703042,0.3050850000000212,0.0016095001542534375,-6.168121523239074e-07,2.3996827641309794e-05,13.293721868244955,-14.924333920010177,0.0012131611582488395,12.8273496938187,-14.357777466366514,0.0012153429470373792
9.681000000000074,0.08053477246392848,0.005017153056978417,-0.0002930405634873831,-5.1250858675711575e-05,-3.353066417960351e-06,3.4480989100042827e-06,0.3050973422432394,0.3056699874741152,0.30478500000002146,0.0016085937960428525,-6.08613177667613e-07,2.4010158101392352e-05,13.29984355886152,-14.93047931659398,0.0012211338337610267,12.833269784929263,-14.363703930318279,0.0012230520358951478
9.701000000000063,0.08063507726719786,0.005014344458171059,-0.00029402645116690523,-4.8549306803631544e-05,-3.3556593232621773e-06,-1.4097220371648881e-06,0.3047957603133435,0.30536808350621536,0.3044850000000217,0.001607748939923228,-5.962358201607803e-07,2.402354278621776e-05,13.305936188501159,-14.936600511310077,0.0012269211006828008,12.839146107682181,-14.369588734868023,0.001228601336599845
9.721000000000052,0.08073530452910757,0.005010066899414959,-0.00029495822958395396,-4.5848337110837006e-05,-3.444377648588757e-06,-5.4821610482208045e-06,0.3044941206182118,0.3050661445804267,0.30418500000002197,0.0016069667836578413,-5.805600472502199e-07,2.4036955458044376e-05,13.311985296577573,-14.942680155326121,0.0012305337488009048,12.844966775021039,-14.375417522909624,0.0012320078416118022
9.74100000000004,0.08083542599915924,0.005004409062522989,-0.0002958366340353527,-4.31971988893669e-05,-3.600935851125781e-06,-8.602368939561386e-06,0.3041924761207058,0.30476422256820435,0.3038850000000222,0.0016062442274388442,-5.624890353956053e-07,2.4050373429629397e-05,13.317978536426939,-14.94870324852668,0.0012319802674955224,12.850722586033168,-14.381178986739215,0.0012332835216594938
9.76100000000003,0.08093541657967554,0.004997554672692075,-0.00029666330332125956,-4.0639563774899406e-05,-3.805065500270401e-06,-1.0696170765809508e-05,0.3038908737383723,0.30446236199430704,0.3035850000000225,0.0016055745950246906,-5.428987957915879e-07,2.4063778578672477e-05,13.323906204627955,-14.954657812068064,0.0012312698385890607,12.856407276680251,-14.386865208739898,0.0012324386886015466
9.781000000000018,0.08103525615428836,0.004989776266294353,-0.0002974406750857195,-3.821403102329718e-05,-4.036249278085432e-06,-1.1773250973424435e-05,0.30358935207513643,0.3041605980845695,0.30328500000002273,0.0016049485089985967,-5.225996342394703e-07,2.4077157938255058e-05,13.32976153157957,-14.960535277395914,0.0012284174611846992,12.86201754537333,-14.392471733128684,0.0012294875686027292
9.801000000000007,0.08113493115094864,0.004981419578016057,-0.0002981718942292044,-3.59548213648323e-05,-4.275214599606785e-06,-1.1914094878397766e-05,0.30328793998987874,0.30385895567885923,0.302985000000023,0.0016043548428475566,-5.023096032857904e-07,2.4090503881806375e-05,13.335540745226364,-14.966330603988366,0.0012234498666260619,12.867552881545025,-14.397997400758182,0.0012244547019006906
9.820999999999996,0.0812344356942572,0.004972881477110344,-0.00029886073630450843,-3.389253450493183e-05,-4.505124034929674e-06,-1.1254202269240453e-05,0.3029866559837686,0.30355744896452636,0.30268500000002324,0.0016037816765272154,-4.826393451606209e-07,2.4103813941669198e-05,13.341242933021336,-14.972042153733222,0.0012164111443870964,12.873015234505997,-14.4034439900114,0.0012173810534461072
9.840999999999985,0.08133377226005478,0.004964584329938597,-0.0002995115457284647,-3.2054874175296436e-05,-4.712428966577922e-06,-9.967007561467426e-06,0.302685508338036,0.303256081938486,0.3023850000000235,0.0016032171906588029,-4.640871354222759e-07,2.4117090317854032e-05,13.346869736904482,-14.977671361828028,0.0012073672769616188,12.878408565525985,-14.408815713502614,0.0012083290026679127
9.860999999999974,0.08143295179982346,0.0049569494464816784,-0.000300129187129107,-3.046727277101201e-05,-4.887379601058139e-06,-8.246796285659405e-06,0.302384495894582,0.30295484947108914,0.30208500000002375,0.0016026504463876894,-4.4704251522391366e-07,2.413033914966743e-05,13.352424922557276,-14.983222251858368,0.0011964090574337189,12.883738327884545,-14.414118623022038,0.0011973856620344574
9.880999999999963,0.08153199335064062,0.004950371913128722,-0.0003007190071676602,-2.9153373367480125e-05,-5.0242075031065516e-06,-6.292713456048332e-06,0.30208360934465145,0.30265373882282764,0.301785000000024,0.0016020720120036487,-4.3179664108958436e-07,2.4143569626945485e-05,13.357913866872108,-14.988700846545859,0.0011836531207168985,12.889010918487228,-14.419359973950566,0.0011846642388334792
9.900999999999952,0.08163092318607362,0.004945198663591728,-0.00030128680366985766,-2.8135349958535465e-05,-5.121015461985317e-06,-4.294730842570453e-06,0.3017828328758123,0.3023527314553813,0.30148500000002426,0.0016014744124596043,-4.1855736988841675e-07,2.41567930171627e-05,13.363343007252476,-14.994114525631021,0.0011692410441476167,12.894233140624968,-14.424547596105535,0.0011703033856658948
9.92099999999994,0.08172977359319375,0.004941711136706422,-0.0003018387988018359,-2.7434065872923793e-05,-5.179423278356548e-06,-2.4221933881952674e-06,0.3014821460241039,0.3020518049805134,0.3011850000000245,0.001600852392787028,-4.0746712105611495e-07,2.41700216836566e-05,13.368719293177797,-14.999471379107822,0.001153336662269411,12.899411711483554,-14.429689311197569,0.001154464680810822
9.94099999999993,0.08182858138028445,0.004940113346933963,-0.00030238161325175233,-2.7069085507486987e-05,-5.2040268430313476e-06,-8.153157861091923e-07,0.30118152558509886,0.30175093510216666,0.30088500000002477,0.0016002030000986346,-3.9862169912457893e-07,2.4183268156961773e-05,13.374049675125693,-15.00477959804815,0.0011361218804037648,12.90455284054619,-14.434792428617035,0.0011373285251719265
9.960999999999919,0.08192738622902868,0.004940525693879505,-0.00030292223884581526,-2.7058565352638203e-05,-5.201731827092056e-06,4.20237077701453e-07,0.30088094745302474,0.301450097426768,0.300585000000025,0.0015995255005979044,-3.9208848910816466e-07,2.419654431447186e-05,13.37934065900329,-15.010046937376746,0.0011177913701475152,12.909661896913281,-14.439863341880377,0.0011190888459306476
9.980999999999908,0.0820262290047999,0.004942984382959243,-0.00030346800765570364,-2.74190573804605e-05,-5.181022839132324e-06,1.2157651351716346e-06,0.3005803882788611,0.30114926904187556,0.3002850000000253,0.0015988211572152762,-3.8792273668439523e-07,2.4209860704975307e-05,13.384597946370501,-15.015280275902759,0.001098546577364312,12.914743175369056,-14.444907238488845,0.0010999470483701859
10.000999999999896,0.08212515013048463,0.004947445949333205,-0.0003040265563605121,-2.8165260516005797e-05,-5.151224657637848e-06,1.5392021450742957e-06,0.30027982686427174,0.30084842979155113,0.29998500000002554,0.0015980928998395774,-3.861809603011311e-07,2.4223226045422487e-05,13.389826172634182,-15.020485289358238,0.0010785894875501303,12.919799763212646,-14.449927926868208,0.00108010567427645
10.020999999999885,0.08222418811466192,0.004953796081687438,-0.0003046057853474185,-2.9309756044007412e-05,-5.121804890192578e-06,1.3924361892451371e-06,0.2999792452361154,0.30054756320598913,0.2996850000000258,0.0015973449235197107,-3.869308945045867e-07,2.423664689771445e-05,13.395028747430878,-15.02566624292371,0.0010581165642070288,12.924833503097746,-14.45492777589682,0.001059762197741764
10.040999999999874,0.082323378402254,0.004961881023797349,-0.0003052138118065026,-3.086257911181829e-05,-5.101761228850002e-06,8.061298137737367e-07,0.29967862937631096,0.30024665707317605,0.29938500000002605,0.00159658225059639,-3.902575404551723e-07,2.4250127323597073e-05,13.4002068236864,-15.030819962217203,0.0010250928502183745,12.92984407314212,-14.45990182048631,0.0010268828010271858
10.060999999999863,0.0824230420518722,0.0049976625811948205,-0.00030585623805882284,-3.258929278695053e-05,-5.107683210080762e-06,-9.15238402684927e-07,0.2993779757246612,0.2999457097324644,0.2990850000000263,0.0015958102663962566,-3.9588579361002214e-07,2.4263621482285676e-05,13.405338514715224,-15.035911717884813,0.000934447410244215,12.934808515708731,-14.464813811783397,0.0009363537977386794
10.080999999999852,0.08252403871315596,0.005071675094349455,-0.00030653352478762774,-3.436996970446572e-05,-5.1607916376400645e-06,-3.2594961015656825e-06,0.29907729206865746,0.29964473070852976,0.29878500000002656,0.0015950341688106707,-4.034069521117155e-07,2.4277140683148773e-05,13.410427130992831,-15.040989750216342,0.0008989411941008679,12.939729714710964,-14.469710488950817,0.0009009867189988827
10.100999999999841,0.08262661853317575,0.005150033489567772,-0.00030724954391832954,-3.636691040487526e-05,-5.24776046334248e-06,-4.61524678944743e-06,0.2987765705293311,0.29934371374552776,0.2984850000000268,0.00159425862244029,-4.1359912888033115e-07,2.429071838041669e-05,13.415491017645554,-15.046052758307374,0.0008949823582814158,12.944625493478457,-14.474589541226393,0.0008972218170489465
10.12099999999983,0.08273062521374927,0.005217849653957891,-0.0003080075920693856,-3.8489307843892146e-05,-5.3441430918376545e-06,-4.776724298451292e-06,0.29847579706180954,0.2990426462574252,0.29818500000002707,0.0015934876261383625,-4.2705379786965043e-07,2.4304370823659014e-05,13.420538689311567,-15.051100675970249,0.0009079235065742568,12.949503777800688,-14.479450427234989,0.0009103826345268467
10.140999999999819,0.0828357814357665,0.005271294063200869,-0.0003088075996448836,-4.055671965125434e-05,-5.431232940486016e-06,-4.129035108018279e-06,0.29817495997194454,0.2987415177659013,0.2978850000000273,0.001592724436241241,-4.436260285596538e-07,2.431810249733633e-05,13.425572267413749,-15.056133780392466,0.0009302703848093549,12.954366231796556,-14.48429328203892,0.0009329376175010789
10.160999999999808,0.08294180100449491,0.005310714954347896,-0.0003096459311914615,-4.2398039986472205e-05,-5.499559066580751e-06,-3.128452247411058e-06,0.29787405298638886,0.2984403229322903,0.2975850000000276,0.0015919715196595573,-4.6255177884442865e-07,2.433191137156556e-05,13.43059042139278,-15.061151218114206,0.0009577881324248807,12.95921127714446,-14.489117348292119,0.0009606241202260082
10.180999999999797,0.08304842706390703,0.0053378125624232,-0.0003105161064651807,-4.388354634716243e-05,-5.547344370884954e-06,-2.123010728113377e-06,0.2975730759799011,0.2981390622715267,0.29728500000002783,0.001591230526526945,-4.827178724903658e-07,2.434579162391832e-05,13.435589820594485,-15.066150593914958,0.0009877961792658671,12.96403556169121,-14.493920528522418,0.000990745937219161
10.200999999999786,0.08315544180260898,0.005354564616423217,-0.0003114097231668514,-4.492965553726294e-05,-5.577696803334837e-06,-1.3178899271986052e-06,0.29727203456819107,0.29783774174399086,0.2969850000000281,0.0015905022885040567,-5.029034842465307e-07,2.4359735192746585e-05,13.440565971414467,-15.071128118657791,0.0010184498219886079,12.968834781262604,-14.49869950833624,0.0010214527471946466
10.220999999999774,0.08326266582038724,0.005362847251128443,-0.00031231731580562416,-4.549393362736965e-05,-5.595984704183255e-06,-7.94763258761622e-07,0.29697093910221817,0.2975363717600645,0.29668500000002834,0.001589786851115929,-5.219496717295011e-07,2.437373284073441e-05,13.445513796464093,-15.076078997216309,0.0010484201826962928,12.973604225059978,-14.503450113905345,0.0010514170434775267
10.240999999999763,0.0833699542437763,0.0053643251950872255,-0.0003132290683276681,-4.5567382206090534e-05,-5.607867523825371e-06,-5.469606648562312e-07,0.29666980336674903,0.2972349659017564,0.2963850000000286,0.0015890835427588544,-5.388606089486045e-07,2.4387774978317632e-05,13.450428083722993,-15.08099789406584,0.0010767358328292996,12.978339181324237,-14.508167738575512,0.0010796730983330394
10.260999999999752,0.08347719225730293,0.005360441466242646,-0.00031413536964867983,-4.516670769059348e-05,-5.618047214087187e-06,-5.147531849493253e-07,0.29636864317950734,0.29693353955744567,0.29608500000002885,0.0015883910771515746,-5.528526674454705e-07,2.4401852335963336e-05,13.455303849683911,-15.08587939270052,0.0011026924848982942,12.983035253007193,-14.51284775740707,0.0011055246548111808
10.280999999999741,0.08358429096643283,0.005352439606868137,-0.00031502722732184435,-4.432752490428179e-05,-5.629645551472312e-06,-6.147661749382215e-07,0.2960674750268889,0.29663210860339967,0.2957850000000291,0.0015877076822010242,-5.633678551967794e-07,2.4415956506625938e-05,13.460136628778523,-15.090718402990223,0.001125793743268579,12.987688599891703,-14.51748588744708,0.001128484296953371
10.30099999999973,0.08369118382801559,0.0053413926843657415,-0.0003158965622072629,-4.309873399741832e-05,-5.64406060438315e-06,-7.618122736145111e-07,0.29576631483269217,0.2963306882251063,0.29548500000002936,0.0015870312462501596,-5.700649639502179e-07,2.443008036320859e-05,13.464922690575607,-15.09551049067351,0.0011457080727992257,12.992296111436952,-14.52207847157424,0.0011482295286195695
10.320999999999719,0.08379782363221895,0.005328229758203711,-0.00031673640726426894,-4.153802815554472e-05,-5.661151579758361e-06,-8.83341166937642e-07,0.2954651769267241,0.2960292919415511,0.2951850000000296,0.0015863594719040634,-5.727981819280483e-07,2.4444218344267375e-05,13.469659184029261,-15.100252115979881,0.0011622357146981958,12.996855512044243,-14.526622675908433,0.0011645691584412912
10.340999999999708,0.08390417993914684,0.005313757082857749,-0.00031754103108797005,-3.9708388604995866e-05,-5.6796182410006355e-06,-9.27517309548272e-07,0.2951640732552213,0.29572793087072513,0.2948850000000299,0.0015856900277327237,-5.715898569607841e-07,2.445836661255452e-05,13.474344209985432,-15.104940777673852,0.0011752825593730673,13.001365401587336,-14.531116599581573,0.0011774168908578215
10.360999999999697,0.08401023686003814,0.005298673887608076,-0.00031830600348477234,-3.767539738108938e-05,-5.697466096462265e-06,-8.662255040266563e-07,0.29486301285271693,0.29542661325271774,0.29458500000003013,0.0015850206889286183,-5.666017375638448e-07,2.4472523087918472e-05,13.478976826277357,-15.109575066092956,0.0011848392483597358,13.005825236668143,-14.535559302229293,0.00118677031091157
10.380999999999686,0.08411599108553038,0.005283583548116389,-0.00031902821707455176,-3.55052063391986e-05,-5.712475238984873e-06,-6.943305085018953e-07,0.2945620015752775,0.2951253442275073,0.2942850000000304,0.0015843494593157695,-5.581073063390288e-07,2.4486687370939836e-05,13.483556993019814,-15.114154634460808,0.0011909643031217834,13.010235260904048,-14.539950759487253,0.0011926939988198822
10.400999999999675,0.08422145008467194,0.005269001256703181,-0.00031970587592980437,-3.326301925770706e-05,-5.722615853895595e-06,-4.2641085240383215e-07,0.294261042078033,0.29482412584823425,0.29398500000003064,0.0015836746688303728,-5.46466625779748e-07,2.4500860570397955e-05,13.488085468456642,-15.118680101762147,0.0011937703518058377,13.014596394631205,-14.54429176007814,0.0011953058018221471
10.420999999999664,0.08432663042106833,0.005255359315380049,-0.00032033845975748543,-3.101196856259639e-05,-5.7263754274840554e-06,-9.201774248622136e-08,0.29396013400647825,0.29452295729799866,0.2936850000000309,0.001582995042574592,-5.321043157664182e-07,2.4515045060636356e-05,13.492563667692703,-15.123152903061843,0.0011934127076656598,13.018910095785973,-14.54858376001706,0.001194765486897137
10.440999999999653,0.084431556153518,0.005243011061709998,-0.00032092667009023246,-2.8812291074615834e-05,-5.722980918519621e-06,2.696835517959135e-07,0.29365927436118117,0.2942218352691487,0.29338500000003115,0.0015823097396343788,-5.15490768569156e-07,2.452924418713254e-05,13.496993497461792,-15.127575104360721,0.0011900797147681183,13.02317820426977,-14.552828709963253,0.00119126517037767
10.460999999999641,0.08453625730631664,0.005232234270187043,-0.0003214723633650843,-2.67207289690185e-05,-5.712513462380366e-06,6.152275928288382e-07,0.2933584579896807,0.2939207544589073,0.2930850000000314,0.0015816183618990141,-4.971264029191717e-07,2.454346194937191e-05,13.5013771801921,-15.131949198972837,0.0011839844192090918,13.027402781644557,-14.557028871259154,0.001185021070386985
10.48099999999963,0.08464076840847747,0.00522323467807193,-0.00032197847456035683,-2.4790100371890078e-05,-5.695923733450466e-06,9.016393281727077e-07,0.2930576781571839,0.2936197081336994,0.29278500000003166,0.001580920934992563,-4.775285972606205e-07,2.4557702680071446e-05,13.50571707967993,-15.13627790129694,0.0011753572517512398,13.031585956939342,-14.561186634652884,0.001176266261503123
10.50099999999962,0.0847451271112473,0.005216150088866946,-0.00032244893417592013,-2.306899939142218e-05,-5.674963241382098e-06,1.090387273911545e-06,0.2927569271488725,0.29331868871630423,0.2924850000000319,0.00158021786501241,-4.572208841134443e-07,2.4571970742629176e-05,13.510015539174832,-15.140563951837773,0.001164439514642772,13.035729787607734,-14.565304353559803,0.0011652442212387642
10.520999999999608,0.08484937289964914,0.005211055320514272,-0.0003228885807164891,-2.16015969980307e-05,-5.6520510226141405e-06,1.150327023575323e-06,0.29245619686075874,0.29301768835454584,0.29218500000003217,0.001579509875984289,-4.367239883187079e-07,2.4586270263802675e-05,13.514274740584957,-15.14480994475383,0.001151477555661593,13.039836142596988,-14.56938420107036,0.0011522030511694592
10.540999999999597,0.08495354591663515,0.005207968097571662,-0.00032330307040761425,-2.0427523952452252e-05,-5.630096891739153e-06,1.059580138708142e-06,0.29215547934235886,0.29271669943683193,0.2918850000000324,0.0015787979337358188,-4.1654834051045686e-07,2.4600604913264575e-05,13.518496591067947,-15.149018186248174,0.001136717571333613,13.043906612225642,-14.573428057023966,0.001137390316125978
10.560999999999586,0.08505768591830656,0.005206855843129378,-0.0003236987855875992,-1.9581822765755653e-05,-5.6123021307664474e-06,8.063862785651686e-07,0.2918547672623132,0.2924157150278606,0.2915850000000327,0.001578083162243648,-3.9718775830835355e-07,2.4614977739241297e-05,13.522682640855402,-15.153190588991407,0.0011204010299690973,13.047942447165719,-14.577437428656324,0.0011210484941744944
10.580999999999575,0.08516183137607161,0.005207643212959809,-0.0003240827430321877,-1.9094960495701966e-05,-5.601956694069122e-06,3.8903570720432906e-07,0.29155405427680303,0.2921147292065033,0.29128500000003293,0.001577366758436328,-3.7911406320566366e-07,2.4629391062620235e-05,13.52683403358853,-15.157328604790285,0.0011027607255604803,13.051944526734953,-14.581413405563163,0.0011034110514040448
10.600999999999564,0.08526601873725115,0.005210220134057914,-0.000324462503343656,-1.899289673633044e-05,-5.602249142786962e-06,-1.849633147635294e-07,0.2912533352894809,0.2918137372965756,0.2909850000000332,0.0015766499109779255,-3.62772472370838e-07,2.4643846429855846e-05,13.53095148829783,-15.161433194928483,0.0010840174842542797,13.055913354722156,-14.585356647412913,0.0010846991658665275
10.620999999999553,0.08537028185009136,0.005214450059371932,-0.00032484608244372215,-1.929720247094456e-05,-5.616102002526639e-06,-9.003002496567052e-07,0.2909526066000921,0.2915127359893968,0.29068500000003344,0.0015759337277807888,-3.485776675227335e-07,2.4658344619819237e-05,13.53503531016768,-15.165504835272419,0.0010643775403432986,13.059849079464742,-14.589267400845609,0.0010651191202740182
10.640999999999542,0.08547465155306014,0.005220178131358006,-0.00032524186612679917,-2.00252256031163e-05,-5.646041423048505e-06,-1.735668872204813e-06,0.2906518659464644,0.29121172336416995,0.2903850000000337,0.0015752191759803112,-3.369104948532394e-07,2.467288569795289e-05,13.53908542584359,-15.169543551342487,0.0010440305880290415,13.063751533686395,-14.593145540618096,0.0010448603716630988
10.66099999999953,0.08557915542221967,0.005227238954157594,-0.00032565852854706673,-2.1190298849553176e-05,-5.6941062143205665e-06,-2.6657767756389585e-06,0.2903511124508426,0.29091069881808995,0.29008500000003395,0.0015745070369395798,-3.2811528899581435e-07,2.4687469108006708e-05,13.5431014378994,-15.173548977270885,0.0010231484958482854,13.067620288981187,-14.59699062907087,0.0010240942865418407
10.68099999999952,0.08568519642272462,0.005401556341727328,-0.0003260457329461036,-1.5647426174775403e-05,-6.409655044814393e-06,-8.204267201963936e-05,0.2900515568959241,0.2906108881773598,0.29,0.001573835061997729,-3.1612362290067047e-07,2.4763473896031696e-05,13.599892608415825,-15.230826627880106,0.0010847089374779754,13.124135823584288,-14.653942342525994,0.0010844983621965444
10.700999999999508,0.0858054732274445,0.006290181843484807,-0.0003257931961276883,2.6967947864910345e-05,-1.4597844920235388e-05,-0.0005731267548387945,0.2897667323464514,0.29032597704360563,0.29,0.0015736233066567446,-2.4426105774262006e-07,2.488985090369706e-05,13.664955426048964,-15.299669558110732,0.0015660720898438936,13.188476401984413,-14.721899688489062,0.0015614069787119314
10.720999999999497,0.0859440774229171,0.0071299175122842735,-0.0003243877122227068,8.74130988169332e-05,-3.5619139832863996e-05,-0.0012337437754220257,0.28951333819130914,0.2900728312414309,0.29,0.0015743942204900939,-9.091387791187372e-08,2.4987608886041958e-05,13.71401562605942,-15.354603567625666,0.0021308223850148482,13.236372664918738,-14.775398122516306,0.0021219282832904036
10.740999999999486,0.08609219051341735,0.007434450806598144,-0.00032176349613684263,0.00014707677560958735,-6.880159850289886e-05,-0.0017990977337257485,0.28930328149098544,0.28986345642130174,0.29,0.0015764419831813207,1.159491347137292e-07,2.505477737396326e-05,13.746639773523182,-15.39348149363803,0.002692584716832189,13.26748267045077,-14.812399300493487,0.0026811199831673926
10.760999999999475,0.08623640400853025,0.0070457057694790996,-0.00031807318113730165,0.00019742098810695714,-0.00010998937430298735,-0.0021262773870166438,0.28914424988784054,0.2897055561488742,0.29,0.0015797775539377922,3.372082409077796e-07,2.5091688095801083e-05,13.763220050724648,-15.415477241532198,0.003188438199493581,13.282365794398194,-14.83228216073167,0.0031762318256733165
10.780999999999464,0.08636322372523285,0.0060059495780522805,-0.00031354379849305586,0.0002361760611893127,-0.00015355082149169053,-0.002164179087170515,0.2890397590475951,0.28960256751525826,0.29,0.0015841412693313715,5.407154895617337e-07,2.5100320024334944e-05,13.764999523301327,-15.42107593302312,0.003583874014044432,13.282467395807302,-14.835783544710065,0.00357230252771739
10.800999999999453,0.08646161132887206,0.004459316483829802,-0.0003083942218597424,0.0002645021910859303,-0.00019378957745715117,-0.001924726853358738,0.2889893932013744,0.28955391699766925,0.29,0.0015890671006857275,7.079311360223053e-07,2.5084057381844528e-05,13.75392895578632,-15.411856554800682,0.003863088153398071,13.26993835751419,-14.82473296537443,0.003852881076475843
10.820999999999442,0.08652408273693465,0.0025911792864588565,-0.0003027946528934497,0.00028515123666146525,-0.00022585654257633152,-0.0014594362046210813,0.28898931353045254,0.2895555596829484,0.29,0.0015939690782988112,8.341826795860366e-07,2.5047333647139298e-05,13.732468444335979,-15.390214103518,0.004016014241005538,13.247410056380362,-14.801740346474636,0.004007272809608951
10.84099999999943,0.08654700134415294,0.0005935222031515162,-0.00029685239947966485,0.0003013138515656381,-0.00024626457386115234,-0.0008408153816710362,0.28903294846864336,0.2896007035226222,0.29,0.0015982310294469651,9.261301066496994e-07,2.4995242002434738e-05,13.703379275589255,-15.359076608337215,0.004036574699491511,13.217768389546894,-14.769890460955953,0.004028886994352965
10.86099999999942,0.08653038448666381,-0.001356403169899169,-0.00029061395563625275,0.0003159128790224633,-0.0002530936159915243,-0.00014802005255640628,0.28911177623918244,0.28968062254457266,0.29,0.0016012882542999368,9.982372319520048e-07,2.4933148059723014e-05,13.669522840581259,-15.3216334377765,0.003924178074067452,13.18394239791721,-14.732458487613432,0.003916772036937353
10.880999999999409,0.08647740397334949,-0.003109457728558797,-0.0002840765298707318,0.0003312075093040091,-0.00024596521779785387,0.0005436575271097926,0.2892161294697589,0.28978548602892695,0.29,0.0016026936861125755,1.0691211675552478e-06,2.4866329422877555e-05,13.63367694617331,-15.281087088514113,0.0036851852750496377,13.14871732886875,-14.692657902950279,0.0036770897767381375
10.900999999999398,0.08639370377583767,-0.004552324962429988,-0.00027720416397505193,0.00034861816951928373,-0.00022585684468441367,0.0011699031588983042,0.28933596636706027,0.2899051467605775,0.29,0.0016021638693177818,1.15821258607541e-06,2.47996624345182e-05,13.598378296480062,-15.24043921593311,0.0033332842989467803,13.114580296784759,-14.653430553814273,0.0033234814010126663
10.920999999999387,0.08628663010920959,-0.005610735227699982,-0.0002699450113601079,0.0003687064737768953,-0.00019481698274731053,0.0016815812771002522,0.28946156413288765,0.29002984347826233,0.29,0.0015996027015566384,1.2829590218306644e-06,2.4737371395909297e-05,13.565797920055736,-15.202319156027647,0.002888693167362519,13.083604232307835,-14.617285780586933,0.0028762506818432645
10.940999999999375,0.08616445114980514,-0.006249048093322061,-0.00026224741887374836,0.00039126034111058785,-0.00015563196892495894,0.002046529757415918,0.28958410109186794,0.29015078415569795,0.29,0.0015951033446004361,1.4567007871014908e-06,2.468284940452969e-05,13.537653659717664,-15.168859863408265,0.002376507202379704,13.057372756742586,-14.586191683268746,0.0023606841814088455
10.960999999999364,0.0860356277976712,-0.0064669813888678495,-0.00025407328612099545,0.0004154455465074518,-0.00011148525045487103,0.00224945894588364,0.28969610517719735,0.2902605886118726,0.29,0.0015889307882222961,1.6872786273637918e-06,2.463855373979561e-05,13.515161027919053,-15.141622710453644,0.0018246058084162044,13.036945627623142,-14.561517930295077,0.0018049265748354582
10.980999999999353,0.08590821708971116,-0.006290182277006562,-0.0002454075100502551,0.0004400292836165764,-6.564095762505392e-05,0.0022903193962038634,0.2897917583884849,0.2903535814558057,0.29,0.0015814890661967715,1.9764205938674578e-06,2.4605963856324824e-05,13.49901610011524,-15.121555987772432,0.0012394666755935406,13.022856840998395,-14.54401296748198,0.0012157532958419581
11.000999999999342,0.0857895528607236,-0.005762023293742875,-0.00023626213613090613,0.0004635953697024155,-2.1174775059592333e-05,0.0021819637474225283,0.28986705811564106,0.29042593796698774,0.29,0.0015732779803758021,2.3198845549366686e-06,2.4585626197985185e-05,13.489424109163442,-15.109051257642003,0.0006877107599892524,13.015157664319581,-14.533877918878412,0.0006601040460204221
11.020999999999331,0.08568547796724477,-0.004966376121361357,-0.00022668137084334156,0.0004845027814630037,1.9256302039364843e-05,0.0019478980093466948,0.2899198285504414,0.2904756781362679,0.29,0.0015648445835520254,2.7074475793086355e-06,2.4577261812565292e-05,13.48615905543338,-15.103954709214316,0.00019154746463159804,13.013488315821897,-14.530793111720877,0.00016050641741017867
11.04099999999932,0.08560007698706507,-0.0039900358928870875,-0.0002167396740105701,0.0005013163015345841,5.355958959672608e-05,0.0016177000653726868,0.2899496229176547,0.2905025512957917,0.29,0.0015567344049495714,3.1243016071045966e-06,2.4579862145939753e-05,13.48861866213282,-15.105652094104196,-0.00023840980798677812,13.017142366768768,-14.534014782097222,-0.0002721799287934064
11.060999999999309,0.08553575979605951,-0.0029154858499490085,-0.00020653587418324043,0.0005129037937661825,8.028330044391115e-05,0.0012240460705788174,0.2899575310598677,0.2905078274193178,0.29,0.0015494466611711876,3.5527115674583063e-06,2.4591848034659885e-05,13.495910723140288,-15.113171354426706,-0.0005923953849464827,13.025159415998033,-14.542485261297218,-0.0006280071786595561
11.080999999999298,0.08549336903141633,-0.001819237366721482,-0.00019618653587149398,0.0005184763839334973,9.864044650875754e-05,0.0008000984316017515,0.2899459106582217,0.2904940146997518,0.29,0.0015433968832390763,3.973459178201897e-06,2.4611245151890008e-05,13.506948151681863,-15.125290314717752,-0.0008638683427616512,13.036422968677469,-14.554944065246772,-0.0009003164827738384
11.100999999999287,0.08547233956769118,-0.0007690210681760583,-0.0001858185575902213,0.0005176234555505578,0.00010848346353712676,0.0003771251945847207,0.2899180706519777,0.29046453286151164,0.29,0.0015388893670904831,4.367220208302853e-06,2.4635860789918928e-05,13.520543756773955,-15.140647116854835,-0.0010504699619375349,13.049754684540485,-14.570037729193704,-0.0010866983704476093
11.120999999999276,0.08547091390309117,0.00017889147363249632,-0.00017556140824676741,0.0005103229313290448,0.00011023724290417762,-1.7448194073644484e-05,0.2898779340539671,0.2904233698998152,0.29,0.0015361007791556485,4.7158712866097505e-06,2.4663451347297418e-05,13.535499141740836,-15.157845763167732,-0.0011541450728256018,13.063999775252624,-14.58642118098906,-0.001189114479413109
11.140999999999265,0.08548640056010837,0.0009815974623292125,-0.00016553959812975333,0.0004969211570155885,0.00010480085196487953,-0.00036145251437583696,0.2898297048276435,0.2903747470271278,0.29,0.001535075201447017,5.003662053554617e-06,2.4691871623913085e-05,13.550682956975008,-15.175550450007746,-0.001180807452277411,13.07809934925526,-14.602844998786864,-0.0012135591642007469
11.160999999999254,0.08551545677294668,0.0016105053032175473,-0.00015586596102062922,0.00047808521061280714,9.342913887722404e-05,-0.0006388258882995816,0.289777559929421,0.29032281269874294,0.29,0.0015357299530862959,5.218181799609911e-06,2.471919898843434e-05,13.565094880497801,-15.192563972831296,-0.0011397251823358427,13.091146769873092,-14.618224655833078,-0.0011694369349951465
11.180999999999242,0.08555437591629601,0.0020513111513880125,-0.00014663620448707865,0.00045473443616308936,7.76052223076979e-05,-0.0008399243499739292,0.2897253832115411,0.2902713818912142,0.29,0.0015378707368028778,5.351063564430081e-06,2.4743827764070094e-05,13.577912978648543,-15.20788685712849,-0.0010433101129192547,13.10242643401577,-14.631689306167058,-0.0010693405650191918
11.200999999999231,0.08559940399034185,0.002307156953098347,-0.00013792465221263567,0.0004279950794409132,5.891265001947203e-05,-0.0009614653085692173,0.2896765538627684,0.29022373256562656,0.29,0.0015412140661562293,5.398443336844786e-06,2.4764523736175622e-05,13.588519677636468,-15.220748755113451,-0.0009170124653401164,13.1114309917762,-14.642602564111641,-0.0009389387960659382
11.22099999999922,0.0856470488268121,0.0023915761642640003,-0.00012978146266622026,0.0003990708685033148,3.891800861608565e-05,-0.0010056701824889614,0.2896337949766014,0.290182464026737,0.29,0.0015454145500124587,5.361046486902513e-06,2.4780471179904182e-05,13.596522932438248,-15.230654067811908,-0.0007506141525132091,13.117874253886187,-14.65059798929178,-0.0007682333739310582
11.24099999999921,0.08569405499816028,0.0023176913922574416,-0.00012223379196673462,0.0003691033286657302,1.9077739813766455e-05,-0.00097928533229941,0.2895990785643142,0.2901494126434826,0.29,0.0015500945429386117,5.243708109417546e-06,2.4791271116688965e-05,13.601752223595332,-15.237352108621634,-0.0005630998240569224,13.121679814007084,-14.655540489193008,-0.0005764289898748745
11.260999999999198,0.08573759185875446,0.0021097478946885866,-0.00011528615255630009,0.00033921264577731707,6.534452097724413e-07,-0.0008930522365395429,0.28957359774563884,0.29012563468964164,0.29,0.001554873680902316,5.0551394371881225e-06,2.4796904139797954e-05,13.604235909668368,-15.240831151068685,-0.0003710824468106684,13.122952694448337,-14.657513361478564,-0.0003803566873868121
11.280999999999187,0.08577542605983825,0.0017991900224532367,-0.00010892213628013736,0.0003104070623802486,-1.5348724403765983e-05,-0.000760354844053404,0.28955779327998793,0.290111442672324,0.29,0.0015593960502630233,4.807331968900298e-06,2.479768385629896e-05,13.60417415519991,-15.241288358699444,-0.00018798131594470303,13.121948417013739,-14.656783312524,-0.00019362793454753165
11.300999999999176,0.08580600314015119,0.001420504210160474,-0.00010310765766112506,0.00028351784809518734,-2.8211537035012856e-05,-0.0005958984492687464,0.28955142428201,0.29010648435256037,0.29,0.0015633531691897635,4.5146520761214226e-06,2.47941947595214e-05,13.601904352344405,-15.23908985119343,-2.4252921141019487e-05,13.119036462401409,-14.653757941175304,-2.6851392265251667e-05
11.320999999999165,0.08582846199440819,0.0010081163380237222,-9.779502399518553e-05,0.0002591657018900279,-3.7515820887782326e-05,-0.0004145356852894634,0.28955367329826065,0.2901098541566873,0.29,0.001566501464230078,4.192806284557002e-06,2.4787220079861336e-05,13.597861900275166,-15.23472520344979,0.00011260667330396175,13.114660947819827,-14.648939937711408,0.00011237221435747525
11.340999999999154,0.08584259791604212,0.0005939972750948483,-9.292734006580844e-05,0.0002377496352487552,-4.312856537615203e-05,-0.00023026397415282115,0.28956327465224263,0.29012022560535206,0.29,0.0015686734772286802,3.857791667317573e-06,2.477766583132867e-05,13.592539636846716,-15.228759955112286,0.00021803902628861788,13.109301641941162,-14.642881360402676,0.00021943010673572768
11.360999999999143,0.08584878632925295,0.00020585398740035956,-8.844288113304954e-05,0.00021945287025250274,-4.517381475272807e-05,-5.542200124368091e-05,0.289578654799518,0.29013599342062574,0.29,0.0015697825874285414,3.5249129336139394e-06,2.4766486621383014e-05,13.586448778836953,-15.221789399407195,0.00029027319923849405,13.103437887903235,-14.63614091646999,0.0002925463135821975
11.380999999999132,0.08584787845253253,-0.0001341215830049113,-8.42791525642872e-05,0.00020426179967651466,-4.399064253321202e-05,9.989491438368792e-05,0.2895980741020251,0.2901554148213167,0.29,0.001569821539132869,3.2079282972693843e-06,2.4754617875258767e-05,13.580083713369943,-15.21439644051422,0.0003300326452482144,13.09751741748416,-14.62924660512222,0.0003324843193425809
11.40099999999912,0.08584107983544503,-0.00040996163683169304,-8.03764253539882e-05,0.00019199455999635215,-4.0082702537466854e-05,0.00022819407302221553,0.28961976071602547,0.290176740955911,0.29,0.0015688554943440647,2.9183696978102327e-06,2.4742918068245816e-05,13.57389241460726,-15.207115697610883,0.0003401235384245889,13.091931432769153,-14.622665420750367,0.00034212856703915687
11.42099999999911,0.08582982216191556,-0.0006121231593562099,-7.668060238984892e-05,0.00018233598931192144,-3.4063775030018464e-05,0.00032472698189819676,0.28964202901041824,0.29019833126324174,0.29,0.0015670106585596864,2.665066352547359e-06,2.4732123420078153e-05,13.568253662119377,-15.200405354871709,0.0003249448011737707,13.086996730033764,-14.616781127739095,0.0003259857965515288
11.440999999999098,0.08581563769050941,-0.0007372379155668239,-7.314533203318929e-05,0.000174875943260812,-2.6603385541456046e-05,0.0003874335982131723,0.2896633769185692,0.290218745615497,0.29,0.0015644597426869749,2.4538838582767058e-06,2.4722816362382413e-05,13.563461646410095,-15.194627566569157,0.0002899636268856385,13.082945075750263,-14.611880457741155,0.0002896507957857559
11.460999999999087,0.08580004423095468,-0.0007874906449891795,-6.973334242967033e-05,0.00016914820504759773,-1.8376019080739814e-05,0.0004167194369056001,0.2896825587133078,0.2902368112211748,0.29,0.001561405621491855,2.2876750872892817e-06,2.471540801792067e-05,13.559717997071386,-15.190037572702282,0.0002411971268056266,13.079919545559514,-14.608147486591502,0.00023927797079377383
11.480999999999076,0.08578444676548255,-0.0007697181189058456,-6.64170204525763e-05,0.00016466756498725166,-1.0016745783360432e-05,0.0004151024424171091,0.28969863173408145,0.29025166330169355,0.29,0.0015580645352481807,2.1664250484313646e-06,2.47101339903202e-05,13.557130788632962,-15.186781100918825,0.00018473393852547153,13.077977125193684,-14.605665450883983,0.00018109328703258724
11.500999999999065,0.08577005987511158,-0.0006943273564252305,-6.317830183020373e-05,0.00016096305514769587,-2.0852810902012084e-06,0.00038676994697101324,0.28971097746292074,0.29026276038471466,0.29,0.0015546500702128291,2.0875606076012084e-06,2.4707061993070503e-05,13.555719689055628,-15.18489915270418,0.00012632120742652985,13.077096561701962,-14.60442488225629,0.00012097259700791509
11.520999999999054,0.08575785318275436,-0.0005741292643201605,-6.0007972613004834e-05,0.00015760579116050737,4.960312974463085e-06,0.0003370864014606112,0.2897192989448229,0.2902698765895587,0.29,0.0015513589648054207,2.0463880224664996e-06,2.4706109285207955e-05,13.555426129341761,-15.184338913217273,7.103366367518022e-05,13.077190249377518,-14.604336679608057,6.410353886855407e-05
11.540999999999043,0.08574852021149545,-0.0004231756260801811,-5.690450584968504e-05,0.00015423037580610335,1.0779863249308453e-05,0.00027209026449522927,0.289723597810917,0.2902730744559685,0.29,0.0015483595448945286,2.0366167969863907e-06,2.4707067510347592e-05,13.55612719407395,-15.184969292668645,2.3033415029455892e-05,13.078118836771093,-14.605248605155623,1.473993317706139e-05
11.560999999999032,0.08574246947980982,-0.0002556743883834434,-5.387257078454111e-05,0.0001505493334256241,1.5157541727622185e-05,0.00019801398572781226,0.289724135051864,0.290272662658109,0.29,0.0015457833175596188,2.050927252617477e-06,2.4709632387390185e-05,13.557651860517634,-15.186599500973324,-1.4577944649698313e-05,13.079707240465703,-14.606963671935345,-2.394957043001885e-05
11.58099999999902,0.08573983538335347,-8.504231101627474e-05,-5.09213552403881e-05,0.0001463605419328921,1.7999420368239704e-05,0.00012085500002334547,0.28972138019556465,0.2902691433507643,0.29,0.0015437199715301058,2.0815410481156443e-06,2.4713435716050153e-05,13.559798238462504,-15.188999067763584,-3.98190755709797e-05,13.081760835982886,-14.60925897331469,-4.994275202316884e-05
11.60099999999901,0.08574050548027383,7.686317240066973e-05,-4.806283586415716e-05,0.00014154808095267143,1.9323460140472713e-05,4.601865426829777e-05,0.28971595368408654,0.29026315393859337,0.29,0.0015422157652727787,2.1207581396849477e-06,2.4718077345906728e-05,13.562350571298442,-15.19191783094272,-5.180914727379572e-05,13.084080749006509,-14.61190367087907,-6.234376745612093e-05
11.620999999998999,0.08574416021081979,0.00022030826657426988,-4.531011690508263e-05,0.00013607729364822956,1.924358140542803e-05,-2.1953409052438468e-05,0.2897085670578991,0.29025540778669745,0.29,0.0015412750479311113,2.1614297590737302e-06,2.472315506270782e-05,13.565094933078845,-15.195104609034264,-5.0680602883872134e-05,13.086477372625414,-14.614675083855795,-6.129399224199424e-05
11.640999999998987,0.08575032082710468,0.0003380348880593327,-4.267593794179264e-05,0.00012998514486112429,1.794962705347566e-05,-7.956316856136815e-05,0.28969996509542467,0.29024663786089266,0.29,0.0015408644672007536,2.197344305953446e-06,2.4728290743886612e-05,13.567832777251137,-15.198323522841582,-3.7438681290261575e-05,13.088781468609012,-14.617372088384844,-4.7828306011516484e-05
11.660999999998976,0.08575840135295021,0.0004254064885097551,-4.017142654763606e-05,0.00012336713696708282,1.568505596258181e-05,-0.00012444491951395638,0.28969087338765565,0.2902375465672837,0.29,0.0015409192802031495,2.223511015200103e-06,2.4733151581304365e-05,13.570391739915655,-15.20136721705985,-1.3783218009549066e-05,13.090852454161922,-14.619825316045109,-2.3692682634102527e-05
11.680999999998965,0.08576776069265823,0.0004803656794373706,-3.7805145466675294e-05,0.00011636211451436818,1.272410876743314e-05,-0.00015536903699565267,0.28968195402143593,0.2902287642246594,0.29,0.0015413511021704065,2.2363343341519292e-06,2.4737465644592533e-05,13.572633354980491,-15.204066529291424,1.8091414451770788e-05,13.092583712227306,-14.621903917872128,8.860682802057365e-06
11.700999999998954,0.0857777515091808,0.0005032310850628431,-3.5582457561765535e-05,0.00010913625634668283,9.349992659457747e-06,-0.0001721717444944129,0.2896737711711642,0.2902208177198515,0.29,0.0015420564024816695,2.233679641237228e-06,2.4741031510681433e-05,13.574457582456079,-15.206296441978823,5.570289823614627e-05,13.093904979185847,-14.623518914976632,4.728501015920195e-05
11.720999999998943,0.08578776314012344,0.0004963673754735944,-3.35052074261627e-05,0.00010186743439636513,5.835362501542207e-06,-0.00017562516621652177,0.28966676752261844,0.2902141100292687,0.29,0.0015429250835984258,2.2148378241223835e-06,2.474372210342952e-05,13.57580427014772,-15.207978414325794,9.648011484929579e-05,13.094782046985129,-14.624623376214315,8.894300525074192e-05
11.740999999998932,0.08579725655656709,0.00046376607245596734,-3.157169757112693e-05,9.473093235948329e-05,2.4260589300962596e-06,-0.00016726392798959694,0.2896612516314561,0.29020891049363573,0.29,0.0015438485479300473,2.180401968557983e-06,2.4745483242270304e-05,13.576651851924328,-15.209079412779559,0.00013794291399679343,13.09521415981486,-14.625209837553562,0.00013129112888966032
11.760999999998921,0.08580579013884874,0.00041057560894271975,-2.9776920510531102e-05,8.788728818729667e-05,-6.712731018714069e-07,-0.00014918524940601258,0.2896573955988459,0.29020535504999867,0.29,0.001544726760637336,2.1320737195899927e-06,2.4746327676613745e-05,13.577013725266319,-15.209608130875687,0.00017785318762686617,13.095229584442166,-14.6253055015011,0.00017203449594387627
11.78099999999891,0.08581303579336541,0.0003426174967609749,-2.8112996380211253e-05,8.147277530862193e-05,-3.297395222044713e-06,-0.0001238389629987461,0.28965524186099284,0.29020345508460516,0.29,0.0015454739416706326,2.0724196167911286e-06,2.474632557344282e-05,13.576932843444508,-15.209609007334164,0.00021433088915953803,13.094879887696113,-14.62496582691273,0.00020924586453996598
11.800999999998899,0.08581878562026114,0.00026592169877095366,-2.6569759046767005e-05,7.559278948834189e-05,-5.344534214451408e-06,-9.382238990621846e-05,0.28965471745842103,0.29020311318855607,0.29,0.0015460226565131802,2.0045988263187982e-06,2.4745592532879178e-05,13.57647510359634,-15.209154714602505,0.0002459317256353074,13.094233466806639,-14.624267142057088,0.00024144533930321475
11.820999999998888,0.08582294992736558,0.0001863088703446644,-2.5135431692323296e-05,7.03181786453448e-05,-6.7565731393302496e-06,-6.16927227274148e-05,0.28965565388222914,0.29020414387869836,0.29,0.0015463262113410568,1.9320832698376337e-06,2.4744276226158868e-05,13.575722114142234,-15.208337801592121,0.00027168622614662013,13.09336885338863,-14.623298892085836,0.0002676404632843939
11.840999999998877,0.08582554784527971,0.00010904056971416011,-2.3797335045906698e-05,6.568435508155975e-05,-7.525872905197269e-06,-2.9806764129273205e-05,0.2896578104841859,0.29020629728169817,0.29,0.0015463593851073104,1.8583893600729154e-06,2.4742542698687646e-05,13.574763889151908,-15.20726214015028,0.00029110254784310953,13.092368256426388,-14.622156073572999,0.00028732910152805876
11.860999999998866,0.0858266921174389,3.855139595226609e-05,-2.254257701805179e-05,6.169287067122277e-05,-7.687374846578566e-06,-1.9479568222219244e-07,0.28966089947175677,0.2902092838531075,0.29,0.0015461176407200884,1.7868376523502223e-06,2.47405632683006e-05,13.573691950679386,-15.206034753003687,0.00030413754417382086,13.091311731424984,-14.62093232227763,0.0003004697420644716
11.880999999998854,0.0858265698138296,-2.1730156319585338e-05,-2.1358680620087167e-05,5.831502077828886e-05,-7.31072514099098e-06,2.5527757863916305e-05,0.28966461066661386,0.29021279839219183,0.29,0.0015456150444611396,1.7203530341623133e-06,2.4738502786761138e-05,13.572593231074595,-15.204758501141928,0.00031114218952890265,13.090272270199934,-14.619714015170322,0.0003074254559998543
11.900999999998843,0.08582542075440955,-6.947204427580733e-05,-2.023411683754056e-05,5.549697174360404e-05,-6.491192184008933e-06,4.621014007006998e-05,0.28966863445959073,0.290216541889837,0.29,0.0015448811837885097,1.6613139400504495e-06,2.4736509847699803e-05,13.571545064638713,-15.203525990926671,0.00031278838285173647,13.089312006465086,-14.618575633450975,0.00030888871716734515
11.920999999998832,0.08582351534339672,-0.00010344599396540737,-1.9158719716035055e-05,5.316587773839541e-05,-5.340124309015233e-06,6.117941594809005e-05,0.289672681717077,0.29022024008127784,0.29,0.0015439574076004292,1.611454842066409e-06,2.473470931922976e-05,13.570611450029377,-15.202414935571666,0.0003099844567195094,13.08847963380893,-14.617576518347265,0.00030579460030806033
11.940999999998821,0.08582113333005811,-0.00012346225027402852,-1.812397154006551e-05,5.123646112418832e-05,-3.975626197806893e-06,7.022096163128811e-05,0.28967649975398907,0.2902236579385305,0.29,0.0015428927208224245,1.5718222324775132e-06,2.473319738007212e-05,13.569840659196808,-15.201485081251498,0.0003037864697733567,13.087809041166008,-14.616759043468214,0.0002992296273378774
11.96099999999881,0.0858185447511525,-0.00013024559836815344,-1.7123155964603176e-05,4.961757073295715e-05,-2.51402848015127e-06,7.353187236657187e-05,0.28967988385835364,0.2902266097017684,0.29,0.0015417396494278274,1.5427807430711472e-06,2.4732039055123068e-05,13.569264172016574,-15.200776692707107,0.00029531166146233974,13.087319091229967,-14.616148132532302,0.0002903428185271879
11.980999999998799,0.08581599400208323,-0.00012526849901079665,-1.6151385765883486e-05,4.821829746596325e-05,-1.0625977261642452e-06,7.165388464441274e-05,0.2896826842071803,0.29022896439092377,0.29,0.0015405503566220853,1.5240631253845433e-06,2.4731268081858877e-05,13.568896832880352,-15.200310493233003,0.00028565941617316034,13.087014403266132,-14.6157519735891,0.00028026444919195296
12.000999999998788,0.08581368765495484,-0.00011055786436328107,-1.5205519106262222e-05,4.69533097566644e-05,2.8620534150853964e-07,6.53928603350348e-05,0.28968480833174154,0.2902306470392111,0.29,0.0015393732406947373,1.514855665937484e-06,2.4730888812624746e-05,13.568738060213104,-15.200088873712035,0.00027584384902967703,13.08688695523884,-14.615563723298077,0.00027003674614179443
12.020999999998777,0.08581178631659213,-8.84915031372842e-05,-1.4283983614346574e-05,4.574716497764527e-05,1.4587524223465708e-06,5.573181670824628e-05,0.28968621955693874,0.2902316361352899,0.29,0.0015382501851848073,1.51390928112316e-06,2.473087976578939e-05,13.568773893931654,-15.200098127496199,0.0002667408022583303,13.086918291822283,-14.615563958340774,0.0002605593984371735
12.040999999998766,0.08581040051897043,-6.159878767022133e-05,-1.3386531050124661e-05,4.453744999821215e-05,2.4025249964842508e-06,4.374397920208711e-05,0.2896869320435956,0.290231957941797,0.29,0.0015372145677569422,1.5196660143983695e-06,2.4731198380128355e-05,13.568979639671426,-15.200311433351207,0.0002590507262404011,13.087082114189059,-14.615723615105907,0.00025255140601541275
12.060999999998755,0.08580959037469471,-3.2377869828855595e-05,-1.2513946883105365e-05,4.327669853256012e-05,3.086726059696345e-06,3.0511475693452544e-05,0.28968700319940494,0.2902316784718067,0.29,0.0015362900704474344,1.5303908729197703e-06,2.4731786509173013e-05,13.569322861453166,-15.200692296469965,0.00025327770498500586,13.08734703266451,-14.616007161814442,0.0002465295388615611
12.080999999998744,0.08580936852243248,-3.139053723179749e-06,-1.1667738898366031e-05,4.1933118546717886e-05,3.5014064742795213e-06,1.705418378120593e-05,0.289686524293745,0.2902308939529472,0.29,0.0015354902749846293,1.544299793677421e-06,2.473257620573334e-05,13.569766484237437,-15.20119816570131,0.00024972382145761925,13.087679282034763,-14.616375766396652,0.0002428025836236495
12.100999999998733,0.08580970573787114,2.4119035622952976e-05,-1.0849827199052586e-05,4.0490235784852756e-05,3.6553584084738824e-06,4.271990703572982e-06,0.2896856101180612,0.29022972059696317,0.29,0.0015348189761409433,1.5596758763306086e-06,2.4733495384380325e-05,13.570271791709201,-15.201783970412823,0.00024849719169322117,13.088045228462873,-14.61679025534243,0.00024147966100323875
12.120999999998721,0.08581053849657162,4.7796844774826976e-05,-1.0062254998305376e-05,3.894561654565037e-05,3.573074721367951e-06,-7.097571344168135e-06,0.2896843884847473,0.2902282844291874,0.29,0.0015342711059834237,1.574967720707753e-06,2.473447301273243e-05,13.570801139314733,-15.202405358995525,0.00024953135589548555,13.08841353333025,-14.61721369966437,0.000242490235782498
12.14099999999871,0.08581177774361706,6.67440282350821e-05,-9.306935742602052e-06,3.73088712016147e-05,3.291094106066421e-06,-1.650560403895479e-05,0.2896829902638966,0.29022671182861154,0.29,0.0015338341338787987,1.588865604426573e-06,2.47354435583215e-05,13.571320244418766,-15.203021468655589,0.00025261329438538977,13.088756879515152,-14.617613510188471,0.00024561300710256826
12.1609999999987,0.08581331814554953,8.027401414029959e-05,-8.585447745498853e-06,3.55991609965886e-05,2.854049331655137e-06,-2.360245852969633e-05,0.2896815405308108,0.2902251212970713,0.29,0.0015334897916039723,1.6003531843973838e-06,2.4736350500179978e-05,13.571799960685293,-15.203597108647468,0.00025741714843499056,13.089053206661857,-14.617962971877027,0.000250510671901188
12.180999999998688,0.08581504716449076,8.814674608293441e-05,-7.898882983720101e-06,3.3842433841159645e-05,2.310713271931997e-06,-2.823406690528483e-05,0.28968015125019875,0.2902236168277781,0.29,0.0015332159694366183,1.6087342749301493e-06,2.4737148801497363e-05,13.572217489332196,-15.204104292323255,0.0002635407383319138,13.089286440867431,-14.618242192691467,0.00025676756571760495
12.200999999998677,0.08581685339269862,9.052490192729669e-05,-7.24775234525743e-06,3.206860296222283e-05,1.7102986952664484e-06,-3.0426110163836484e-05,0.28967891576785515,0.2902222830908671,0.29,0.0015329886364139381,1.6136359308096942e-06,2.4737806317399697e-05,13.572557022362092,-15.204523103943234,0.0002705421693228733,13.089446739026007,-14.618438483635224,0.0002639273890440832
12.220999999998666,0.08581863370735265,8.79098984496919e-05,-6.631945674281936e-06,3.030885789010856e-05,1.0992176313953023e-06,-3.0358650145218457e-05,0.28967790522825737,0.2902211825071249,0.29,0.0015327836542323697,1.6149904625932112e-06,2.4738304187197823e-05,13.57280985035405,-15.204841930989542,0.0002779741577447788,13.08953029672514,-14.618546221313036,0.0002715285785648764
12.240999999998655,0.08582029893929857,8.106446626778338e-05,-6.050741647202484e-06,2.8593263505161043e-05,5.184492751034903e-07,-2.8334123275713663e-05,0.289677166896565,0.29022035414939806,0.29,0.0015325783773116753,1.613000069934412e-06,2.473863631738815e-05,13.57297399767487,-15.205057129778465,0.00028541416070271627,13.089538790423791,-14.61856627095875,0.00027913534760002425
12.260999999998644,0.08582177788561497,7.09285563407111e-05,-5.5028599609679985e-06,2.694876365047834e-05,1.6063901212088149e-09,-2.4741641356670442e-05,0.28967672424328866,0.2902198143008705,0.29,0.001532352958973917,1.6080884748066337e-06,2.473880810752819e-05,13.573053470398003,-15.205172219933882,0.00029248891123690845,13.089478538819147,-14.618505065978962,0.0002863629542330012
12.280999999998633,0.0858230196251482,5.8534884232771664e-05,-4.98654659017439e-06,2.5397663905114824e-05,-4.262668619542831e-07,-2.0020395278259395e-05,0.28967657855463114,0.29021955841474956,0.29,0.0015320913131012112,1.6008442591258862e-06,2.47388345999248e-05,13.573057216060725,-15.205196721301014,0.000298892501518567,13.08935947522527,-14.618373449448807,0.00029289631327403335
12.300999999998622,0.08582399421118538,4.4929618549474596e-05,-4.499681973003933e-06,2.3956627434313712e-05,-7.491843927858347e-07,-1.4624646983901425e-05,0.2896767117640648,0.2902195641630196,0.29,0.0015317817098094305,1.5919605865820337e-06,2.4738738248421155e-05,13.572997900145037,-15.20514475513972,0.0003043976909962906,13.089194022698162,-14.618185384370962,0.00029850161906774065
12.32099999999861,0.085824691910586,3.1102664025104496e-05,-4.039901867182449e-06,2.2636179621568594e-05,-9.600573108258718e-07,-8.992364517686433e-06,0.28967709016182747,0.29021979523280406,0.29,0.0015314170106769933,1.582175662313976e-06,2.473854649965994e-05,13.572890602250355,-15.205033530807746,0.00030886059317717756,13.088995957771749,-14.617956633709332,0.0003030311382715227
12.3409999999986,0.08582512123044912,1.793078786604558e-05,-3.6047211729034467e-06,2.1440685545702947e-05,-1.0599788896355955e-06,-3.5190482751550506e-06,0.2896776686273767,0.290220205525677,0.29,0.0015309945723555823,1.5722177046987651e-06,2.4738289367823583e-05,13.572751526719216,-15.204881830666402,0.0003122193131950841,13.08877933786421,-14.617703499713585,0.00030642176330961503
12.360999999998588,0.08582530602011103,6.135578820933321e-06,-3.1916521342351123e-06,2.0368737946817462e-05,-1.0570747254439904e-06,1.462243520111023e-06,0.2896783950427357,0.29022074343485404,0.29,0.001530515865863724,1.5627574522133097e-06,2.4737997160494113e-05,13.572596809114136,-15.20470859138335,0.00031448742131771516,13.088557553365272,-14.617441696245077,0.00030868824043092175
12.380999999998577,0.0858252819582133,-3.742994051606292e-06,-2.7983098427192266e-06,1.9413875764195733e-05,-9.650498050125984e-07,5.69419615716069e-06,0.28967921457787454,0.29022135591314496,0.29,0.0015299858718885078,1.5543703632448445e-06,2.47376984831559e-05,13.57244148316774,-15.204531660690686,0.00031574337193784153,13.088342549113028,-14.617185409398783,0.00030991221780868376
12.400999999998566,0.08582509273356911,-1.1357767035029062e-05,-2.4224997415417393e-06,1.8565542212524627e-05,-8.015664266159646e-07,9.001886875334233e-06,0.28968007358816084,0.2902219920961347,0.29,0.001529412319803742,1.5475097705156975e-06,2.4737418614192586e-05,13.572298653944205,-15.204366787037763,0.00031611709258675037,13.088144243136778,-14.61694658212051,0.00031022837800565056
12.420999999998555,0.08582478620765863,-1.655160030653509e-05,-2.062283703412049e-06,1.781018828070397e-05,-5.865801817252189e-07,1.1293228333683465e-05,0.289680922923104,0.29022260630498453,0.29,0.001528804840067871,1.5424913778604123e-06,2.473717830744592e-05,13.572178903702769,-15.204226876969186,0.0003157749902461686,13.087970153982518,-14.616734439293143,0.0003098089425811292
12.440999999998544,0.08582441080978997,-1.9342653101443073e-05,-1.7160231031987383e-06,1.713243068665708e-05,-3.407471305639885e-07,1.2553997252237134e-05,0.28968172051001484,0.2902231603166151,0.29,0.001528174096740354,1.539488700206674e-06,2.473699304393025e-05,13.572089938436005,-15.204121533230905,0.0003149045595930867,13.08782523297728,-14.616555252004902,0.000308847771739647
12.460999999998533,0.08582401236775024,-1.9900245769631093e-05,-1.3823990135455877e-06,1.6516181577917713e-05,-8.39957722684822e-08,1.2838484208331911e-05,0.2896824331409907,0.2902236248513103,0.29,0.0015275309598571252,1.5385383800073072e-06,2.4736872721768362e-05,13.572036466427322,-15.204056866752634,0.0003136996435270682,13.087711885018598,-14.61641232438665,0.00030754514370018456
12.480999999998522,0.0858236315217989,-1.851411462342675e-05,-1.0604111204681743e-06,1.5945680471993915e-05,1.656655965046113e-07,1.2256946986527217e-05,0.2896830374524677,0.29022398028498736,0.29,0.0015268857673135098,1.539553802374842e-06,2.4736821747373237e-05,13.572020286367186,-15.20403555883313,0.000312347217270755,13.087630151420932,-14.616306174252133,0.0003060941129003766
12.50099999999851,0.0858233018125654,-1.5559921692974135e-05,-7.493581298465002e-07,1.540637405156811e-05,3.930600750727218e-07,1.0961100452449802e-05,0.2896835201401731,0.2902242166425943,0.29,0.0015262477137754744,1.5423450847420613e-06,2.4736839470089266e-05,13.572040551925411,-15.204057136796127,0.00031101634987664394,13.087578021436972,-14.616234870055731,0.0003046691218847802
12.5209999999985,0.08582304847784114,-1.1463746606460394e-05,-4.48803274759324e-07,1.4885606698643873e-05,5.864501182780385e-07,9.12884011579259e-06,0.2896838774960728,0.29022433296812544,0.29,0.0015256243910420693,1.5466433413236508e-06,2.4736920885860648e-05,13.572094172581169,-15.20411841738175,0.00030984976988111124,13.087551835182287,-14.61619448154279,0.00030341730690572045
12.540999999998489,0.08582288794277404,-6.6679914990474255e-06,-1.585290278563467e-07,1.4373101714962236e-05,7.378429544815793e-07,6.949288090610973e-06,0.2896841143863133,0.29022433619443183,0.29,0.0015250214912068062,1.552127105766778e-06,2.4737057530067513e-05,13.572176307009897,-15.20421406726138,0.00030895823740526376,13.087546739711374,-14.616179599823159,0.0003024527053052796
12.560999999998478,0.08582282794516508,-1.600718034990729e-06,1.2151471209809195e-07,1.3861229282413271e-05,8.430136214004095e-07,4.6090856453601575e-06,0.2896842428096673,0.2902242396520932,0.29,0.0015244426717802857,1.5584489190295529e-06,2.4737238478139556e-05,13.572280905036607,-15.204337229137819,0.0003084177154159368,13.0875571616802,-14.61618388398465,0.00030185335621106454
12.580999999998467,0.08582286820419238,3.3500536660106173e-06,3.9126482617724e-07,1.3345071744251287e-05,9.01281374377738e-07,2.2806540102020083e-06,0.2896842801847206,0.2902240613615136,0.29,0.00152388957133935,1.5652603279637438e-06,2.473745137257145e-05,13.572401256752128,-15.204480164366057,0.0003082691549669266,13.087577263801455,-14.616200595339745,0.00030166110215164424
12.600999999998455,0.08582300151784374,7.856077442084477e-06,6.505978242740684e-07,1.282230838292616e-05,9.15086448422564e-07,1.129226803808884e-07,0.28968424751211735,0.29022382224739013,0.29,0.00152336195576283,1.572233863997218e-06,2.4737683409556522e-05,13.572530512388328,-15.20463486840643,0.00030852056420840136,13.08760135771953,-14.616223086401632,0.00030188374952065097
12.620999999998444,0.08582321516174915,1.1662154913108836e-05,8.993781652893995e-07,1.229295074143069e-05,8.894208643079832e-07,-1.7752008772849464e-06,0.28968416754700155,0.29022354440130693,0.29,0.0015228579690017522,1.5790809469169627e-06,2.4737922224002758e-05,13.57266214316,-15.204793622879931,0.0003091509263694941,13.087624252393626,-14.616245218969208,0.00030249913759055155
12.640999999998433,0.08582349245941698,1.4592946514205353e-05,1.1374995834353974e-06,1.1758965104270206e-05,8.311693226153148e-07,-3.298559561713136e-06,0.28968406309838535,0.2902232494984754,0.29,0.001522374458716094,1.5855650561417226e-06,2.4738156631233583e-05,13.572790321033219,-15.204949456827878,0.0003101154730792393,13.087641523998412,-14.616261693707864,0.00030346060521910896
12.660999999998422,0.08582381439989613,1.6553727223373177e-05,1.3649177310198768e-06,1.1223821308468637e-05,7.484146507771997e-07,-4.40680150649917e-06,0.2896839555486234,0.29022295745064064,0.29,0.0015219073459146032,1.5915099049259534e-06,2.4738377194740895e-05,13.572910203472226,-15.205096499263153,0.00031135179139186493,13.087649700345668,-14.616268281671193,0.00030470331567397283
12.680999999998411,0.0858241611921898,1.7525839415936617e-05,1.5816732272105893e-06,1.069200661596214e-05,6.497573764066267e-07,-5.083045896262239e-06,0.2896838636597182,0.2902226853510845,0.29,0.0015214520087317317,1.5968027095812676e-06,2.4738576607084636e-05,13.573018117198703,-15.205230214454165,0.00031278626437527136,13.08764635924691,-14.616261955815865,0.0003061509221212972
12.7009999999984,0.0858245136643655,1.7557831485880238e-05,1.7879049439006867e-06,1.0168540619224299e-05,5.436915498882084e-07,-5.340560992613367e-06,0.2896838027058465,0.2902224467413208,0.29,0.001521003653321875,1.601392956098509e-06,2.4738749882665165e-05,13.573111642330518,-15.205347520075794,0.00031434038268292075,13.087630145866816,-14.616240927303362,0.00030772209574124416
12.720999999998389,0.08582485443748697,1.6753425224215367e-05,1.983854007701902e-06,9.65852227732655e-06,4.3806974822182415e-07,-5.217931273424206e-06,0.2896837839452883,0.2902222512044214,0.29,0.0015205576491218462,1.605287308674402e-06,2.4738894375890926e-05,13.573189604485592,-15.205446795952263,0.00031593653890879894,13.087600718742573,-14.61620459688521,0.000309336515035013
12.740999999998378,0.08582516882821906,1.5257504775260947e-05,2.169859535862406e-06,9.166734111236427e-06,3.396800842474157e-07,-4.773225314613114e-06,0.2896838144212191,0.2902221042680735,0.29,0.001520109810964688,1.608541475607848e-06,2.4739009645331427e-05,13.57325198743416,-15.205527797150573,0.00031750299690704985,13.08755863741436,-14.61615343579939,0.0003109199987150705
12.760999999998367,0.08582544545757417,1.3241294139069429e-05,2.346347518507319e-06,8.697321276948227e-06,2.539477954557889e-07,-4.077673207997209e-06,0.2896838970610254,0.2902220075827332,0.29,0.001519656616251088,1.6112499441262173e-06,2.4739097193291418e-05,13.573299782351144,-15.205591489567752,0.00031897782314719837,13.087505206684941,-14.616088813242374,0.0003124085623484974
12.780999999998356,0.08582567656521693,1.0887787310051097e-05,2.5138145187397765e-06,8.253556734355639e-06,1.8476427489885288e-07,-3.2093268963404853e-06,0.2896840310284341,0.29022195932696276,0.29,0.0015191953511593025,1.6135345194638584e-06,2.4739160114166007e-05,13.57333479171912,-15.205639828814837,0.00032031166539018267,13.087442293358396,-14.616012788671942,0.00031375128086436115
12.800999999998345,0.08582585804784298,8.378339144538089e-06,2.6728079695059748e-06,7.837695730791823e-06,1.3443779127830968e-07,-2.247115500303733e-06,0.28968421227250357,0.2902219547837614,0.29,0.0015187241853096116,1.6155325634528224e-06,2.4739202685325844e-05,13.57335940648857,-15.205675504113488,0.0003214693470948326,13.087372130957494,-14.615927887028219,0.00031491192497232407
12.820999999998334,0.08582598925554821,5.8811307596002895e-06,2.823904834602098e-06,7.450917507849501e-06,1.0375303738629867e-07,-1.265627817154303e-06,0.28968443421207973,0.29022198702798807,0.29,0.0015182421790819135,1.6173857352951853e-06,2.4739229936155407e-05,13.573376374448493,-15.205701668340527,0.0003224303334430269,13.087297126614942,-14.615836873700966,0.0003158694300383419
12.840999999998322,0.08582607259126912,3.542008092707111e-06,2.9676902683073436e-06,7.093346167718038e-06,9.212130746303084e-08,-3.3086336741687973e-07,0.2896846884937046,0.2902220476657694,0.29,0.0015177492316788175,1.6192299019108622e-06,2.4739247224266495e-05,13.573388575871178,-15.205721673507231,0.0003231881860570785,13.087219682385694,-14.61574254379378,0.00031661731922652964
12.860999999998311,0.0858261129651644,1.4779725480146535e-06,3.1047376927301196e-06,6.764138992387689e-06,9.779964552001336e-08,5.029010746752522e-07,0.2896849657643381,0.29022212757120514,0.29,0.0015172459808911786,1.6211867247164736e-06,2.4739259846017873e-05,13.573398820027375,-15.205738828046382,0.0003237491759440369,13.08714204057801,-14.615647537433743,0.00031716225686866226
12.8809999999983,0.0858261171583536,-2.2660427022903872e-07,3.2355914302076294e-06,6.461627356567617e-06,1.1815570472687767e-07,1.1950740408350318e-06,0.28968525640702514,0.2902222175730947,0.29,0.0015167336672991675,1.6233572574811237e-06,2.473927270271856e-05,13.573409672975057,-15.205756188742352,0.00032413025500743216,13.087066159930657,-14.615554189606668,0.00031752193986129136
12.90099999999829,0.08582609314910508,-1.5211569548408723e-06,3.3607527122961334e-06,6.18349424865016e-06,1.4995517046911303e-07,1.7195685589364835e-06,0.2896855511968464,0.2902223090538871,0.29,0.0015162139763522722,1.6258177136352387e-06,2.47392900354232e-05,13.573423323641139,-15.205776396219843,0.00032435660229828805,13.086993626557101,-14.615464419633222,0.0003177225510756691
12.920999999998278,0.08582604945000497,-2.387761147726617e-06,3.4806695574859936e-06,5.9269719197781425e-06,1.8965019387631852e-07,2.06457581150878e-06,0.28968584184526935,0.2902223944337292,0.29,0.0015156888715066508,1.6286174027819342e-06,2.4739315237830544e-05,13.573441491850824,-15.20580155890092,0.000324458959764037,13.08692560078067,-14.615379662183882,0.0003177959972687846
12.940999999998267,0.08582599449752103,-2.838011257186012e-06,3.5957306946041157e-06,5.689044210746465e-06,2.3365005964186485e-07,2.231445776900723e-06,0.28968612141239364,0.29022246752349345,0.29,0.0015151604304994206,1.6317786931151549e-06,2.473935074779374e-05,13.57346537873853,-15.205833186590702,0.00032447095768990057,13.086862798555526,-14.615300838773528,0.00031777713864561104
12.960999999998256,0.0858259361265319,-2.9084006520271277e-06,3.70626342347663e-06,5.466639873901885e-06,2.785589363000534e-07,2.2328649627211367e-06,0.2896863845778288,0.2902225237412456,0.29,0.0015146306950869289,1.6352987430535545e-06,2.473939801550699e-05,13.573495657176883,-15.205872171469423,0.0003244266050156431,13.086805504088513,-14.61522836620789,0.00031770119128927737
12.980999999998245,0.08582588115260019,-2.6547009659596826e-06,3.8125350582188244e-06,5.256805243894219e-06,3.2136968278740546e-07,2.090541694785901e-06,0.2896866277713278,0.2902225601962484,0.29,0.0015141015423667404,1.639152663170558e-06,2.4739457539298086e-05,13.573532497625273,-15.205918811487079,0.0003243580827461539,13.086753608674671,-14.61516219654429,0.0003176014452924018
13.000999999998234,0.08582583507481155,-2.1458348250863185e-06,3.914757419606896e-06,5.056848125703019e-06,3.59606979202866e-07,1.8326135177772957e-06,0.2896868491731474,0.2902225756525085,0.29,0.0015135745833465262,1.6432977197650076e-06,2.4739528958338368e-05,13.573575623040526,-15.205972869114799,0.00032429394668615386,13.086706669811807,-14.615101881790196,0.0003175074083919077
13.020999999998223,0.08582580190249872,-1.457706328644804e-06,4.013093709100135e-06,4.864447061969495e-06,3.9141721295226757e-07,1.4909809107462394e-06,0.28968704860127376,0.2902225703901744,0.29,0.001513051091907921,1.6476781721120022e-06,2.4739611188539078e-05,13.57362438550767,-15.206033656994483,0.00032425779859195526,13.08666398405549,-14.615046655887197,0.0003174434355114944
13.040999999998212,0.08582578410074204,-6.673919868453443e-07,4.107667033279028e-06,4.67772360074785e-06,4.1560633120902357e-07,1.098749356470006e-06,0.289687227307668,0.2902225459872073,0.29,0.0015125319649163585,1.6522303490086841e-06,2.4739702588141788e-05,13.573677856815317,-15.206100141413152,0.0003242674524702183,13.086624667057912,-14.614995526401636,0.0003174278719026105
13.0609999999982,0.08582578264251883,1.519783982533458e-07,4.198569833753496e-06,4.495277425701725e-06,4.316300740020127e-07,6.879307886153134e-07,0.28968738770868685,0.2902225050459996,0.29,0.0015120177120883289,1.6568876003937027e-06,2.4739801136402712e-05,13.573734925209068,-15.206171054603594,0.0003243345812455416,13.086587734741531,-14.614947368670165,0.00031747269392134775
13.08099999999819,0.08582579715009733,9.354120968795639e-07,4.2858735194648e-06,4.316187424322262e-06,4.395434975275616e-07,2.8751878129879764e-07,0.2896875330757252,0.2902224508898497,0.29,0.0015115084724559625,1.6615848209600543e-06,2.4739904614090702e-05,13.573794391359268,-15.206245007418703,0.00032446480812149827,13.086552180121048,-14.614901016041431,0.00031758361010211913
13.100999999998178,0.08582582610477545,1.6291660203096951e-06,4.369637674070392e-06,4.139982592270445e-06,4.399184178100459e-07,-7.79874039314788e-08,0.289687667211325,0.2902223872529149,0.29,0.0015110040529314073,1.6662623034802403e-06,2.4740010773212333e-05,13.573855057369249,-15.206320595068416,0.00032465817390092325,13.086517041451389,-14.61485534086532,0.00031776055102380796
13.120999999998167,0.08582586710242113,2.1927226996912387e-06,4.4499183203330905e-06,3.96658878093291e-06,4.3373833950420624e-07,-3.895737183065025e-07,0.28968779413359613,0.29022231798455533,0.29,0.001510503983604711,1.6708687578995244e-06,2.474011748600711e-05,13.573915804000885,-15.20639648998738,0.0003249099023997162,13.08648145842341,-14.614809322224593,0.00031799846719166925
13.140999999998156,0.08582591713227265,2.599651844324755e-06,4.526774855594107e-06,3.7962579476933172e-06,4.2228062900238567e-07,-6.342170767548774e-07,0.2896879177882107,0.2902222467852408,0.29,0.0015100075840039232,1.675363406001435e-06,2.474022286646929e-05,13.573975652699966,-15.206471517511604,0.00032521137576050805,13.086444714344774,-14.614762097810479,0.00031828834314908446
13.160999999998145,0.08582597285792429,2.837448114277869e-06,4.600275402368015e-06,3.6294865581736035e-06,4.0699522852138444e-07,-8.049372468717087e-07,0.2896880418030025,0.2902221769869775,0.29,0.0015095140345717372,1.679717134458993e-06,2.474032536050689e-05,13.57403381036073,-15.206544711739491,0.0003255512272983262,13.086406263468094,-14.61471299866219,0.0003186183321946802
13.180999999998134,0.08582603088206399,2.9064912262039153e-06,4.670500459949545e-06,3.4669300219583608e-06,3.893882057469767e-07,-9.004513526058221e-07,0.28968816929537117,0.29022211138651743,0.29,0.0015090224480128216,1.6839127508239612e-06,2.4740423803180392e-05,13.574089696240435,-15.20661535056182,0.0003259164678270806,13.08636574364241,-14.614661566817556,0.0003189749246130745
13.200999999998123,0.0858260879800023,2.8183106477497706e-06,4.737544860841658e-06,3.3093189734892173e-06,3.7091702736135426e-07,-9.245057337905857e-07,0.2896883027380333,0.2902220521352075,0.29,0.0015085319358640638,1.6879444417610893e-06,2.4740517442522054e-05,13.57414295160666,-15.206682970327268,0.0003262935664695353,13.086322975422677,-14.614607556986273,0.0003193440675386285
13.220999999998112,0.08582614129102574,2.593359030003569e-06,4.801518150056305e-06,3.1573826874921533e-06,3.529027790876403e-07,-8.84970846889743e-07,0.28968844388407566,0.2902220006850807,0.29,0.0015080416665531726,1.6918165698377786e-06,2.4740605934089806e-05,13.574193433770592,-15.206747361880794,0.0003266694234845154,13.086277949495118,-14.614550924261295,0.00031971217192156725
13.2409999999981,0.0858261884607724,2.2585028091656127e-06,4.862543585913703e-06,3.011783527120214e-06,3.3646277103624637e-07,-7.927889791174889e-07,0.28968859374838163,0.29022195778727816,0.29,0.0015075509122503567,1.6955419731947725e-06,2.474068930949351e-05,13.574241196934013,-15.206808550663396,0.00032703218584839705,13.086230804765314,-14.614491800502478,0.0003200669557133896
13.26099999999809,0.08582622773189173,1.8444292115445772e-06,4.920756026129125e-06,2.8730651389472467e-06,3.224651964449153e-07,-6.608621537839593e-07,0.2896887526392,0.29022192353598547,0.29,0.00150705908289957,1.6991399407145657e-06,2.4740767925267172e-05,13.574286462826088,-15.20686676426713,0.0003273718731616801,13.086181799776693,-14.614430462426101,0.00032039808991702956
13.280999999998079,0.08582625798395785,1.3831488183332795e-06,4.9762989996274265e-06,2.7416160323861753e-06,3.1150586652892115e-07,-5.029600010995108e-07,0.2896889202312085,0.2902218974490229,0.29,0.0015065657468635847,1.702634037332168e-06,2.474084239702586e-05,13.574329584378221,-15.206922391171569,0.00032768080007877326,13.086131280161606,-14.614367294561815,0.00032069763321906274
13.300999999998067,0.0858262787267439,9.057418546138503e-07,5.029321274385712e-06,2.6176486459203334e-06,3.0390561499866926e-07,-3.3271552670997497e-07,0.2896890956699102,0.2902218785750652,0.29,0.001506070638565359,1.7060499384884716e-06,2.4740913525437276e-05,13.574371005667064,-15.206975934515949,0.00032795379264171666,13.086079644800426,-14.614302750134742,0.00032096025308161644
13.320999999998056,0.08582629005345466,4.404621760300853e-07,5.079973225845247e-06,2.501193367324368e-06,2.9972581474795175e-07,-1.6276210844912994e-07,0.28968927769647623,0.2902218656170265,0.29,0.0015055736543093973,1.7094134135650751e-06,2.4740982220268417e-05,13.57441122124246,-15.20702796452546,0.00032818821374388,13.086027313004962,-14.614237312694414,0.0003211832488716937
13.340999999998045,0.08582629256221821,1.1273913000002033e-08,5.128403279604232e-06,2.392105713534892e-06,2.987986164966415e-07,-4.0488513867287e-09,0.2896894647822902,0.2902218570615145,0.29,0.0015050748380863576,1.7127485702232365e-06,2.4741049427819486e-05,13.574450737551741,-15.207079072833974,0.0003283838194484214,13.085974694697514,-14.61417146086719,0.00032136639998080267
13.360999999998034,0.08582628725510329,-3.631412398757235e-07,5.17475466355749e-06,2.290084649159001e-06,3.0076801449331e-07,1.3464495912547113e-07,0.28968965526320734,0.29022185130517236,0.29,0.0015045743595849268,1.7160764388258326e-06,2.4741116063976852e-05,13.57449003862577,-15.20712983145768,0.00032854247967196195,13.085922165196674,-14.61410563807492,0.00032151167383205945
13.380999999998023,0.085826275424156,-6.699043601239318e-07,5.219162649387765e-06,2.1946990884106983e-06,3.051376580630108e-07,2.469911696536569e-07,0.2896898474649143,0.2902218467701756,0.29,0.0015040724868562727,1.7194139452761426e-06,2.4741182959703752e-05,13.574529557749782,-15.207180758397282,0.0003286677969780432,13.08587004552981,-14.614040228546054,0.0003216228286416433
13.400999999998012,0.08582625853354178,-9.020151989470282e-07,5.261752411410414e-06,2.105420058607941e-06,3.1132143012804344e-07,3.291985907242196e-07,0.28969003981243596,0.29022184200282536,0.29,0.0015035695561084223,1.7227732884727546e-06,2.4741250818406442e-05,13.574569656130294,-15.207232291267111,0.0003287646642835532,13.085818588877911,-14.613975540324214,0.0003217049534961599
13.420999999998001,0.08582623810592269,-1.0580388834811846e-06,5.3026375703701945e-06,2.0216554471324543e-06,3.186931593495628e-07,3.799235756324567e-07,0.2896902309188156,0.29022183575111626,0.29,0.0015030659409740702,1.72616171026874e-06,2.4741320187125934e-05,13.574610609028198,-15.20728476957597,0.00032883879511826336,13.085767973183636,-14.613911795445468,0.0003217639805814219
13.44099999999799,0.08582621561986942,-1.1414726508634867e-06,5.341919437330811e-06,1.942784830159705e-06,3.266323677350904e-07,4.0003421068408836e-07,0.28969041964997555,0.2902218270190328,0.29,0.0015025620233253692,1.7295816215417094e-06,2.474139144149838e-05,13.574652599249344,-15.207338425694827,0.0003288962633572907,13.085718299626901,-14.613849126964718,0.00032180620777056974
13.460999999997979,0.08582619242348338,-1.1598778676900256e-06,5.379686925086058e-06,1.868192020057802e-06,3.3456361987964234e-07,3.922626768373634e-07,0.28969060516470346,0.2902218150971408,0.29,0.0015020581673390297,1.733031030140338e-06,2.4741464784732788e-05,13.574695717502689,-15.207393383913775,0.00032894307846996956,13.085669596219264,-14.613787582139492,0.00032183785857366497
13.480999999997968,0.08582616966768454,-1.1238632500804241e-06,5.41601705572603e-06,1.7972936582402128e-06,3.4198777457207047e-07,3.6078296993185594e-07,0.28969078693044265,0.2902217995706108,0.29,0.0015015546980813822,1.7365042033776178e-06,2.474154025628571e-05,13.574739968632878,-15.207449666628081,0.0003289848211627589,13.085621825684187,-14.613727130720818,0.00032186470511904247
13.500999999997957,0.08582614826088919,-1.046004630948905e-06,5.450975960760718e-06,1.7295622743410975e-06,3.485041867657279e-07,3.1075111671004885e-07,0.28969096471707806,0.2902217803071629,0.29,0.0015010518854227824,1.7399924917072522e-06,2.4741617751495722e-05,13.57478528259466,-15.207507206293275,0.0003290263534014154,13.085574896505209,-14.613667677160556,0.00032189176864073357
13.520999999997946,0.08582612884519485,-9.397800146278962e-07,5.484620256047956e-06,1.6645432427857277e-06,3.5382361791135956e-07,2.4784253879436616e-07,0.28969113857198203,0.29022175742832507,0.29,0.001500549933638036,1.7434852384450643e-06,2.4741697046928802e-05,13.574831528832599,-15.207565861615853,0.0003290716127793014,13.085528676004602,-14.613609075424657,0.00032192310759166854
13.540999999997934,0.08582611179278189,-8.185860225019813e-07,5.516998660484718e-06,1.6018652200695932e-06,3.577722454479302e-07,1.7781684190009825e-07,0.28969130878042565,0.2902217312680909,0.29,0.0015000489766313248,1.7469707055573486e-06,2.474177783058063e-05,13.57487853267275,-15.207625436390542,0.00032912349336065264,13.085483004366365,-14.61355114510659,0.00032196169555186486
13.560999999997923,0.08582609722010431,-6.948893973316677e-07,5.548153730265681e-06,1.5412441826218905e-06,3.602876854167546e-07,1.0613452316918514e-07,0.28969147581583193,0.29022170232330785,0.29,0.0014995490783655684,1.7504369528706489e-06,2.4741859733595993e-05,13.574926092416296,-15.207685699403456,0.0003291838081630519,13.085437708546339,-14.613493687630008,0.0003220093838586027
13.580999999997912,0.08582608501661722,-5.795496550924696e-07,5.5781235908103355e-06,1.4824817631080255e-06,3.614083381504415e-07,3.76435391409778e-08,0.28969164028441174,0.2902216712000737,0.29,0.0014990502377910469,1.753872619515083e-06,2.474194236183118e-05,13.574973995928449,-15.207746403993319,0.00032925332687586465,13.085392615215644,-14.613436501485056,0.00032206694209631283
13.600999999997901,0.08582607488427323,-4.813347416992388e-07,5.606943561213551e-06,1.4254586888924822e-06,3.6125762552274046e-07,-2.3653232389846985e-08,0.28969180286851437,0.29022163856015404,0.29,0.0014985523973663705,1.7572675692607456e-06,2.4742025324332574e-05,13.575022035724764,-15.20780730602753,0.0003293318756766097,13.08534756199296,-14.613379395637644,0.00032213416284563066
13.62099999999789,0.08582606638381694,-4.0663585099644943e-07,5.6346475878696345e-06,1.3701241498245811e-06,3.6002481174427806e-07,-7.474527567447233e-08,0.2896919642725218,0.2902216050708765,0.29,0.0014980554541486786,1.7606133755382317e-06,2.4742108258286207e-05,13.575070021772794,-15.207868179350529,0.00032941848248349684,13.085302406487124,-14.613322200489312,0.00032221001334927277
13.640999999997879,0.08582605898400347,-3.593723882613662e-07,5.6612694280394615e-06,1.3164827395521469e-06,3.5794409738273875e-07,-1.1367817463830721e-07,0.2896921251744322,0.2902215713612658,0.29,0.0014975592723958122,1.7639036351620282e-06,2.4742190849044496e-05,13.57511779148283,-15.207928828049928,0.0003295115567491183,13.085257032864323,-14.613264776006638,0.0003222928227205822
13.660999999997868,0.08582605211017028,-3.410697669971518e-07,5.686843545175957e-06,1.2645796946595705e-06,3.552735650505586e-07,-1.395407094975998e-07,0.28969228618553045,0.29022153798645134,0.29,0.0014970636966622486,1.7671341123759232e-06,2.4742272843678624e-05,13.575165216612282,-15.207989095140807,0.0003296090829701868,13.085211355815341,-14.613207016862997,0.00032238048309652
13.680999999997857,0.08582604518912279,-3.510807080041381e-07,5.7114057037677135e-06,1.2144858660314975e-06,3.52275356880467e-07,-1.523862454995637e-07,0.28969244781967585,0.2902215054015354,0.29,0.0014965685644712998,1.770302725963935e-06,2.4742354059601815e-05,13.575212207021263,-15.208048867610861,0.0003297088170784108,13.08516532205888,-14.61314885465193,0.00032247065350327406
13.700999999997846,0.08582603768791564,-3.8691803875019877e-07,5.734993270264943e-06,1.1662832730455767e-06,3.4919820223961696e-07,-1.5310215483652131e-07,0.2896926104729288,0.2902214739453851,0.29,0.0014960737177933253,1.77340940063694e-06,2.4742434386797316e-05,13.57525871152303,-15.208108077927676,0.0003298084704761694,13.085118909516135,-14.61309025744527,0.00032256095069338
13.720999999997835,0.08582602914483559,-4.446623515798829e-07,5.757645245657583e-06,1.1200521702917698e-06,3.4626311498735984e-07,-1.4324255323309058e-07,0.28969277441347524,0.2902214438340615,0.29,0.0014955790127381282,1.7764558096774645e-06,2.4742513785888103e-05,13.575304716043828,-15.208166702440797,0.00032990587258061423,13.085072124645592,-14.613031227025532,0.00032264911739287065
13.740999999997824,0.08582601919161656,-5.194078088084447e-07,5.7794020684176495e-06,1.0758601407392092e-06,3.43652766694794e-07,-1.248400043177306e-07,0.28969293978113864,0.2902214151630648,0.29,0.0014950843270631082,1.7794450392734899e-06,2.47425922806171e-05,13.575350239658585,-15.20822475713934,0.0003299991037943863,13.085024998249152,-14.612971794320364,0.0003227331598299746
13.760999999997813,0.08582600756660788,-6.057132896549695e-07,5.800305236912384e-06,1.0337538345046965e-06,3.415047379678155e-07,-1.0021112591768227e-07,0.2896931065952468,0.290221387917059,0.29,0.0014945895652934366,1.782381207325905e-06,2.4742669948760504e-05,13.575395329006499,-15.208282291406881,0.00033008659483140245,13.084977580264198,-14.612912013561496,0.0003228114500856346
13.780999999997801,0.08582599411924266,-6.980281486523681e-07,5.820396803121741e-06,9.937532585524272e-07,3.399085728376691e-07,-7.176946038458656e-08,0.28969327476925955,0.290221361985492,0.29,0.0014940946614324956,1.7852690660972276e-06,2.4742746909703423e-05,13.575440051647385,-15.208339380440238,0.0003301671891995564,13.084929934012038,-14.612851955700396,0.0003228827902617745
13.80099999999779,0.08582597880666509,-7.910690571809425e-07,5.839718794316273e-06,9.558489295491253e-07,3.389063252684101e-07,-4.185675065187961e-08,0.2896934441302975,0.29022133718229326,0.29,0.0014935995794008315,1.7881136175502593e-06,2.4742823310922548e-05,13.575484488940994,-15.208396117000405,0.00033024017118769573,13.084882130345628,-14.612791701616791,0.0003229464408484843
13.82099999999778,0.08582596168377354,-8.801296100571878e-07,5.858312612010141e-06,9.200013854602487e-07,3.384961022293343e-07,-1.2601087118237515e-08,0.289693614441695,0.29022131326786976,0.29,0.001493104311471623,1.7909197639528042e-06,2.4742899315812494e-05,13.575528728986983,-15.208452603104774,0.00033030526043814076,13.084834242068935,-14.612731335590615,0.0003230021144026224
13.840999999997768,0.08582594288819276,-9.613115751782324e-07,5.876218456754567e-06,8.861430643587066e-07,3.386379794013789e-07,1.4192433069618686e-08,0.2896937854266899,0.2902212899716424,0.29,0.0014926088750663305,1.79369201184999e-06,2.4742975089326124e-05,13.575572860024394,-15.208508942220863,0.00033036257989575496,13.08478633898741,-14.612670939398585,0.00032304994165925616
13.860999999997757,0.0858259226218175,-1.0316733603143387e-06,5.8934748149372385e-06,8.541819026677378e-07,3.3926159459624994e-07,3.711577643386887e-08,0.28969395679159365,0.29022126701362394,0.29,0.0014921133083333604,1.7964342419271742e-06,2.474305078871743e-05,13.575616964731967,-15.208565232391308,0.0003304126011521632,13.084738483788426,-14.612610587376174,0.00032309041436685804
13.880999999997746,0.08582590113057238,-1.089297431043319e-06,5.910118037570633e-06,8.240061654188076e-07,3.402747071142445e-07,5.51966193906408e-08,0.2896941282470088,0.29022124412376005,0.29,0.0014916176649564163,1.7991495501092537e-06,2.474312655371254e-05,13.575661115603149,-15.208621560611972,0.0003304560731493796,13.084690728937057,-14.612550342591058,0.00032312431095319943
13.900999999997735,0.08582587868393937,-1.1332816084289328e-06,5.926182030401017e-06,7.954902747003731e-07,3.4157204262581907e-07,6.790374780282884e-08,0.28969429952596243,0.2902212210580674,0.29,0.0014911220086312516,1.8018401622621652e-06,2.4743202499644447e-05,13.575705371609649,-15.20867799866345,0.0003304939442262266,13.084643114632671,-14.612490254264554,0.0003231526152963446
13.920999999997724,0.08582585555560274,-1.1636666641962965e-06,5.941698063123557e-06,7.685007584822424e-07,3.430438145311036e-07,7.51232436130954e-08,0.2896944703982196,0.2902211976109736,0.29,0.0014906264076134446,1.8045074169054647e-06,2.47432787136283e-05,13.575749776162125,-15.208734600478888,0.0003305272790377538,13.084595667838999,-14.612430356415967,0.0003231764305147506
13.940999999997713,0.08582583200632096,-1.181311885608073e-06,5.956694699819909e-06,7.429023198809923e-07,3.445834136894177e-07,7.71108456720407e-08,0.28969464068031936,0.2902211736235304,0.29,0.0014901309296826246,1.8071518087757078e-06,2.4743355252142557e-05,13.57579435635733,-15.208791401007016,0.0003305571807876557,13.084548402287723,-14.612370667678485,0.0003231968981357415
13.960999999997702,0.08582580826984093,-1.1877342421031813e-06,5.971197840078102e-06,7.185631003208143e-07,3.46093879412185e-07,7.442670630114806e-08,0.28969481024128935,0.2902211489875531,0.29,0.0014896356377963164,1.8097730826602105e-06,2.474343214184496e-05,13.575839123373077,-15.208848416452614,0.0003305847185959719,13.084501319338504,-14.612311192125592,0.00032321512297398556
13.98099999999769,0.08582578454236517,-1.1849259950856402e-06,5.985230859380242e-06,6.953595288070611e-07,3.4749289408910073e-07,6.78590731477635e-08,0.2896949790041951,0.2902211236459122,0.29,0.0014891405866257975,1.8123703641735967e-06,2.4743509381655305e-05,13.575884073842754,-15.208905645698563,0.00033061086913845777,13.084454409525877,-14.612251920934268,0.000323232112602224
14.00099999999768,0.08582576097578695,-1.1751656770822525e-06,5.998814827462562e-06,6.731798124843267e-07,3.487161733936349e-07,5.834329578123871e-08,0.2896951469440097,0.29022109758950515,0.29,0.0014886458200838485,1.8149423144548238e-06,2.4743586946450563e-05,13.575929191988006,-15.208963072658316,0.00033063646899250866,13.084407654598902,-14.61219283465721,0.0003232487283149424
14.020999999997668,0.085825737674636,-1.1608353110511212e-06,6.011968784642996e-06,6.51926617004839e-07,3.497192444240725e-07,4.688199816179831e-08,0.2896953140824038,0.29022107085151694,0.29,0.0014881513698753084,1.8174872955824228e-06,2.47436647917276e-05,13.575974452265154,-15.209020669290522,0.00033066218429144757,13.084361029867429,-14.612133905880059,0.0003232656537733522
14.040999999997657,0.08582571469644543,-1.1442548982192203e-06,6.024710053287308e-06,6.315184829654513e-07,3.5047770938297314e-07,3.4471429347318587e-08,0.2896954804801978,0.29022104349970085,0.29,0.0014876572550307913,1.8200035340496019e-06,2.4743742859232586e-05,13.5760198223116,-15.209078398984506,0.0003306884941818315,13.084314506640133,-14.612075102049204,0.0003232833782849853
14.060999999997646,0.08582569205506785,-1.1275425861713784e-06,6.037054561043587e-06,6.11890113791355e-07,3.5098617728411237e-07,2.2037926043408015e-08,0.2896956462282965,0.2902210156274582,0.29,0.0014871634823250492,1.8224892727814677e-06,2.4743821082207484e-05,13.576065265928548,-15.209136220054045,0.00033071568823550654,13.084268054607644,-14.612016388249303,0.00032330219429186355
14.080999999997635,0.08582566972633697,-1.1125063526543083e-06,6.04901715819256e-06,5.92991847341622e-07,3.512561083960049e-07,1.0387275144012542e-08,0.2896958114378512,0.29022098734441876,0.29,0.0014866700474369806,1.8249429024903754e-06,2.474389939156324e-05,13.57611074593694,-15.209194089107259,0.000330743876995739,13.084221644016846,-14.611957729779293,0.0003233222086654189
14.100999999997624,0.08582564765540521,-1.1005698819636654e-06,6.060611909233793e-06,5.747881340289889e-07,3.5131285377129614e-07,1.6852782780976024e-10,0.28969597623043225,0.2902209587672361,0.29,0.0014861769366786247,1.8273630665223046e-06,2.4743977719677054e-05,13.57615622669338,-15.20925196407249,0.00033077301141500254,13.08417524751938,-14.611899094353264,0.00032334336309638794
14.120999999997613,0.08582562576506131,-1.092732922024271e-06,6.071852348681073e-06,5.572556291569842e-07,3.511921874704533e-07,-8.147278757946402e-09,0.289696140728798,0.29022093001111754,0.29,0.0014856841291062597,1.8297487364414524e-06,2.4744056005352576e-05,13.576201676210605,-15.209309806747934,0.0003308029113708734,13.084128841617863,-14.61184045388117,0.0003233654638570127
14.140999999997602,0.08582560396436482,-1.0895639692800602e-06,6.082751688001042e-06,5.40380634752525e-07,3.5093662221955255e-07,-1.4274101588187507e-08,0.2896963050488273,0.2902209011825913,0.29,0.0014851915988261376,1.8320992566470403e-06,2.4744134196524734e-05,13.576247067733853,-15.20936758476102,0.0003308332973500333,13.084082407676272,-14.611781785721185,0.00032338821482073675
14.16099999999759,0.08582558215699573,-1.0912223436104048e-06,6.093322972050563e-06,5.241565371300132e-07,3.505917752314781e-07,-1.8104994048102287e-08,0.2896964692929408,0.29022087237376765,0.29,0.0014846993173196653,1.8344143592496607e-06,2.4744212252366547e-05,13.576292380779899,-15.209425272901848,0.00033086382489091505,13.084035932492053,-14.611723073424816,0.0003234112532791329
14.18099999999758,0.08582556024882615,-1.0975028061268763e-06,6.103579181251928e-06,5.08581119078529e-07,3.50203012211485e-07,-1.9695421670550778e-08,0.2896966335452712,0.2902208436583027,0.29,0.0014842072556343975,1.8366941523652494e-06,2.4744290144936223e-05,13.576337601647932,-15.209482853801033,0.00033089411866548616,13.083989408413725,-14.611664306986205,0.00032343418532227244
14.200999999997569,0.08582553815431834,-1.107898689688114e-06,6.113533283953754e-06,4.936540994633999e-07,3.4981254999868595e-07,-1.9238267240627898e-08,0.28969679786863806,0.2902208150890739,0.29,0.0014837153863159196,1.8389390858273272e-06,2.474436785879719e-05,13.576382723402853,-15.209540318031674,0.0003309238034657083,13.083942833119234,-14.611605482634971,0.00032345661798474694
14.220999999997558,0.08582551580150105,-1.121675453132231e-06,6.123198242322103e-06,4.793749338645035e-07,3.494571443647746e-07,-1.7033266820057065e-08,0.2896969623033101,0.29022078669751494,0.29,0.0014832236849889773,1.8411498991379028e-06,2.4744445390443526e-05,13.576427745439181,-15.209597663666159,0.0003309525314527582,13.083896209049849,-14.611546602258613,0.00032347818738864923
14.240999999997547,0.08582549313538515,-1.1379495978633675e-06,6.132586980268917e-06,4.657410138329291e-07,3.491664353855728e-07,-1.3453561273821608e-08,0.289697126867384,0.2902207584944205,0.29,0.001482732131531428,1.8433275581933435e-06,2.4744522747285677e-05,13.576472672685433,-15.209654895422286,0.00033098000351460026,13.083849542634464,-14.611487672534745,0.0003234985808813129
14.260999999997535,0.08582547011980746,-1.1557666731745057e-06,6.141712322084436e-06,4.5274633547290307e-07,3.489619705654087e-07,-8.911914573201366e-09,0.28969729155854174,0.29022073047197655,0.29,0.0014822407108179786,1.8454731852990297e-06,2.47445999452805e-05,13.576517514557972,-15.209712023481245,0.0003310059847588275,13.0838028433418,-14.611428703865885,0.0003235175529508404
14.280999999997524,0.08582544673779277,-1.1741731584811962e-06,6.15058691064152e-06,4.403805805035602e-07,3.4885687958145045e-07,-3.8288248282320866e-09,0.2896974563569059,0.290220702606731,0.29,0.0014817494130418658,1.8475879885746176e-06,2.474467700713631e-05,13.576562283758568,-15.20976906211338,0.00033103031359760855,13.083756122673522,-14.61136970921602,0.0003235349345247897
14.300999999997513,0.08582542299060349,-1.1922794788399622e-06,6.159223115871637e-06,4.28628819323176e-07,3.488561356904836e-07,1.395663287349493e-09,0.2896976212286388,0.2902206748631728,0.29,0.0014812582336491366,1.8496731953830094e-06,2.474475395967216e-05,13.576606995032964,-15.209826028215303,0.0003310529051951622,13.083709393142327,-14.61131070294079,0.0003235506363783035
14.320999999997502,0.08582539889571417,-1.2093099358139444e-06,6.1676329408330566e-06,4.174714474477195e-07,3.4895730979091977e-07,6.40511242197374e-09,0.28969778612998465,0.29022064719763124,0.29,0.0014807671729403296,1.8517299928363537e-06,2.474483083195248e-05,13.576651663939785,-15.209882939875943,0.0003310737486190226,13.08366266733865,-14.61125169967152,0.0003235646460889975
14.340999999997491,0.0858253744839863,-1.224638825139696e-06,6.175827934037925e-06,4.0688461580640476e-07,3.4915170327397795e-07,1.0903971024501788e-08,0.28969795101141094,0.2902206195621781,0.29,0.0014802762354093639,1.853759479218374e-06,2.4744907652622863e-05,13.576696305739201,-15.209939815052124,0.0003310929001916207,13.083615957107138,-14.611192713335049,0.0003235770210091189
14.36099999999748,0.08582534979632843,-1.237812264707814e-06,6.1838191140403675e-06,3.9684090491788407e-07,3.494257366947673e-07,1.4668648108600299e-08,0.2896981158215812,0.29022059190829547,0.29,0.0014797854288969318,1.8557626271185094e-06,2.474498444850772e-05,13.576740934448962,-15.209996670426182,0.00033111047279275256,13.083569272878316,-14.611133756347991,0.00032358787706979566
14.380999999997469,0.08582532488013123,-1.2485554993098292e-06,6.191616910448949e-06,3.8731022726079167e-07,3.497624707218736e-07,1.755247127965524e-08,0.28969828051092344,0.29022056419010106,0.29,0.0014792947636379297,1.8577402602516388e-06,2.474506124255949e-05,13.576785562099374,-15.210053520493416,0.00033112662347972895,13.08352262317857,-14.611074839011653,0.0003235973758571293
14.400999999997458,0.08582529978573154,-1.2567683107843354e-06,6.199231125283977e-06,3.7826081417218183e-07,3.501431438496296e-07,1.9485034558268725e-08,0.2896984450346061,0.2902205363669669,0.29,0.001478804251278458,1.8596930422041486e-06,2.4745138054033162e-05,13.576830198227425,-15.2101103769178,0.00033114153889203654,13.083476014332525,-14.611015969133275,0.00032360570942463614
14.420999999997447,0.08582527456313649,-1.2625091797916083e-06,6.206670914159218e-06,3.6966025882603937e-07,3.5054862509043354e-07,2.046668889298624e-08,0.28969860935482633,0.29022050840546676,0.29,0.001478313903930279,1.861621477560116e-06,2.4745214896290047e-05,13.576874849576487,-15.210167248150455,0.00033115542125845056,13.083429450346793,-14.610957151841662,0.0003236130857498382
14.440999999997436,0.08582524925918471,-1.2659713204115684e-06,6.213944788495407e-06,3.614765352103922e-07,3.5096069912323044e-07,2.055919874063867e-08,0.28969877344233486,0.29022048028059183,0.29,0.001477823733319255,1.863525922753146e-06,2.4745291777551574e-05,13.576919520030916,-15.210224139308641,0.0003311684752150983,13.083382932957743,-14.610898389611485,0.0003236197150530142
14.460999999997425,0.08582522391526942,-1.2674533017018515e-06,6.221060635358544e-06,3.536788367774846e-07,3.5136312292362986e-07,1.9873652684733257e-08,0.289698937277216,0.29022045197627233,0.29,0.0014773337500706746,1.865406605406609e-06,2.4745368701173953e-05,13.576964210756191,-15.210281052279813,0.00033118089543165665,13.083336461807608,-14.610839682461027,0.000323625796968927
14.480999999997413,0.08582519856569823,-1.2673268078491163e-06,6.2280257545205275e-06,3.4623840376525995e-07,3.517424156235168e-07,1.8556791697672516e-08,0.28969910084894923,0.2902204234852386,0.29,0.0014768439631600548,1.8672636493097604e-06,2.4745445665483017e-05,13.577008920463108,-15.21033798603176,0.0003311928572443667,13.083290034757479,-14.610781028264663,0.00032363151089387577
14.500999999997402,0.08582517323671383,-1.2660033189600528e-06,6.234846906413849e-06,3.3912901976394863e-07,3.5208836595069884e-07,1.6776825682381653e-08,0.2896992641558693,0.290220394808347,0.29,0.0014763543795429312,1.869097102433355e-06,2.474552266502619e-05,13.577053645824561,-15.210394937064242,0.0003312045092604331,13.083243648256815,-14.610722423179212,0.00032363700832668997
14.520999999997391,0.08582514794614782,-1.2639034269372746e-06,6.241530369759107e-06,3.3232743004199267e-07,3.5239426141505704e-07,1.4709735487857681e-08,0.2896994272041131,0.2902203659534588,0.29,0.0014758650039645002,1.87090696661943e-06,2.4745599691235666e-05,13.577098381961513,-15.210451899955457,0.00033121596853261397,13.083197297750129,-14.610663862117757,0.0003236424079381405
14.54099999999738,0.08582512270365511,-1.2614286415778896e-06,6.2480820031407536e-06,3.258134947426775e-07,3.5265686128068854e-07,1.2526879612157123e-08,0.2896995900062118,0.29022033693402,0.29,0.0014753758389375315,1.8726932257076526e-06,2.4745676733094883e-05,13.577143122951309,-15.210508867972262,0.00033122731882397516,13.083150978116471,-14.610605339237601,0.0003236477938007178
14.56099999999737,0.08582509751142897,-1.258938904134359e-06,6.254507307672241e-06,3.195701853302319e-07,3.528761487813096e-07,1.0384531215004091e-08,0.2896997525794481,0.290220307767467,0.29,0.0014748868848681674,1.8744558716204319e-06,2.474575377918221e-05,13.57718786237054,-15.210565833673165,0.0003312386105635405,13.083104684058112,-14.61054684842816,0.0003236532154325072
14.580999999997358,0.08582507236529408,-1.2567352729040573e-06,6.260811487149298e-06,3.13583429068978e-07,3.530549075952874e-07,8.415763532994707e-09,0.28969991494412556,0.29022027847358245,0.29,0.0014743981403017796,1.876194925677271e-06,2.4745830817060756e-05,13.577232593749622,-15.210622789490527,0.0003312498634044468,13.083058410485961,-14.610488383727203,0.0003236586904802069
14.600999999997347,0.08582504725605591,-1.2550487833712028e-06,6.266999502985149e-06,3.0784181121753907e-07,3.5319817322836284e-07,6.7249134826392305e-09,0.2897000771218702,0.29022024907291827,0.29,0.0014739096022572998,1.8779104556882723e-06,2.4745907835242688e-05,13.57727731101728,-15.2106797282296,0.00033126107022581096,13.083012152802286,-14.610429939695347,0.00032366420891085735
14.620999999997336,0.08582502217098409,-1.2540353366906368e-06,6.273076121596222e-06,3.023361652698041e-07,3.5331261122201424e-07,5.384626422721357e-09,0.2897002391340718,0.2902202195853766,0.29,0.0014734212666165367,1.8796025872413912e-06,2.474598482343549e-05,13.577322008833631,-15.210736643490407,0.0003312722020585686,13.08296590714316,-14.610371511695835,0.00032366973818640047
14.640999999997325,0.08582499709531971,-1.2537761048474646e-06,6.2790459533640375e-06,2.97059146116628e-07,3.5340587186254476e-07,4.435332704116481e-09,0.28970040100054156,0.29022019002901756,0.29,0.0014729331285361221,1.8812715096786404e-06,2.474606177310751e-05,13.577366682836502,-15.210793529975575,0.0003312832140427285,13.082919670529488,-14.610313096085914,0.00032367522942684763
14.660999999997314,0.08582497201370429,-1.2542824430663142e-06,6.284913481723053e-06,2.9200473621266186e-07,3.534859664220676e-07,3.886887565613037e-09,0.2897005627384553,0.2902201604191478,0.29,0.001472445182852248,1.8829174771923707e-06,2.4746138677932124e-05,13.577411329807363,-15.210850383685807,0.00033129405149732376,13.082873440933971,-14.610254690326823,0.0003236806237558662
14.680999999997303,0.0858249469114501,-1.2555049935891604e-06,6.290683083151616e-06,2.871677884888799e-07,3.535607021272639e-07,3.721955968285098e-09,0.28970072436160044,0.2902201307677032,0.29,0.0014719574244530414,1.8845408050464073e-06,2.4746215533494535e-05,13.577455947710027,-15.210907202014088,0.0003313046556502024,13.082827217301668,-14.610196292992368,0.00032368585822637174
14.700999999997292,0.08582492177559081,-1.2573451982169722e-06,6.296359038197863e-06,2.825435914184241e-07,3.536372048414665e-07,3.900719743429377e-09,0.28970088587994286,0.2902201010829313,0.29,0.0014714698485985742,1.8861418625380032e-06,2.474629233787693e-05,13.577500535687062,-15.210963983723515,0.0003313149690203917,13.08278099947153,-14.610137903724139,0.0003236908713937029
14.72099999999728,0.08582489659567272,-1.2596687650021249e-06,6.301945534512021e-06,2.781274884987768e-07,3.5372154864068087e-07,4.366409518570466e-09,0.2897010472994992,0.2902200713693557,0.29,0.001470982451174647,1.8877210627471647e-06,2.4746369091070004e-05,13.57754509394701,-15.21102072885423,0.0003313249396244352,13.082734788082828,-14.610079523107428,0.00032369560769495467
14.74099999999727,0.08582487136427278,-1.2623192006886898e-06,6.307446663876559e-06,2.7391460221214884e-07,3.5381850210260713e-07,5.051206812660842e-09,0.2897012086224793,0.2902200416279842,0.29,0.0014704952288726342,1.889278851214059e-06,2.4746445794794305e-05,13.577589623613555,-15.211077438550648,0.00033133452490405715,13.082688584422357,-14.610021152508944,0.00032370002147372645
14.760999999997258,0.08582484607724339,-1.265131446249194e-06,6.312866413858698e-06,2.6989957779780435e-07,3.5393139243409053e-07,5.882081344578211e-09,0.28970136984765715,0.29022001185671653,0.29,0.0014700081792933977,1.890815692962738e-06,2.4746522452203922e-05,13.577634126535843,-15.211134114842782,0.00033134369360270874,13.08264239025605,-14.609962793887902,0.0003237040789307429
14.780999999997247,0.0858248207337057,-1.2679439221705247e-06,6.318208656902469e-06,2.6607649231424773e-07,3.5406208054092467e-07,6.786194163183107e-09,0.2897015309709133,0.29021998205090005,0.29,0.0014695213009786065,1.8923320607419192e-06,2.4746599067689603e-05,13.577678605077354,-15.211190760394354,0.0003313524275123649,13.082596207642725,-14.609904449591237,0.0003237077598620957
14.800999999997236,0.0858247953358259,-1.2706090137138848e-06,6.323477137075428e-06,2.624387466486976e-07,3.542110342092563e-07,7.695581220689374e-09,0.28970169198589774,0.29021995220398006,0.29,0.0014690345933768634,1.8938284231857864e-06,2.4746675646110647e-05,13.577723061882937,-15.211247378260056,0.0003313607211898067,13.082550038783861,-14.609846122146566,0.0003237110574000917
14.820999999997225,0.08582476988841797,-1.2730009347888963e-06,6.328675457890898e-06,2.589791433159915e-07,3.5437748153653105e-07,8.5509007028271e-09,0.28970185288474054,0.2902199223081775,0.29,0.0014685480567556695,1.8953052353142271e-06,2.47467521923935e-05,13.577767499682853,-15.21130397162386,0.00033136858191976673,13.082503885839799,-14.609787814078054,0.0003237139779033277
14.840999999997214,0.08582474439841875,-1.2750214400853614e-06,6.333807070400821e-06,2.5568991503505085e-07,3.545596243424839e-07,9.304128735348397e-09,0.2897020136587762,0.2902198923551683,0.29,0.0014680616920716332,1.8967629303759685e-06,2.4746828711616673e-05,13.577811921101118,-15.211360543584638,0.00033137602779741,13.08245775080765,-14.609729527743154,0.0003237165389673575
14.860999999997203,0.08582471887429112,-1.2766027590474416e-06,6.338875263987853e-06,2.525628763124199e-07,3.547548897000989e-07,9.920173542133941e-09,0.2897021742992188,0.2902198623367012,0.29,0.0014675755008132416,1.8982019143233058e-06,2.4746905208227233e-05,13.577856328503355,-15.211417096962498,0.0003313830860764615,13.082411635404888,-14.60967126520206,0.0003237187676869047
14.880999999997192,0.08582469332540034,-1.277708316744121e-06,6.343883160044028e-06,2.495895663136229e-07,3.5496019837112783e-07,1.0377436120136768e-08,0.28970233479775814,0.2902198322451318,0.29,0.0014670894848298093,1.8996225625172353e-06,2.4746981686236922e-05,13.577900723874066,-15.211473634159677,0.00033138979069833593,13.082365541004823,-14.609613028122896,0.000323720698081271
14.90099999999718,0.08582466776140785,-1.2783312901602708e-06,6.348833709070301e-06,2.467614246109072e-07,3.551722306025455e-07,1.0667428498999761e-08,0.28970249514704605,0.29021980207384634,0.29,0.0014666036461595284,1.9010252183023667e-06,2.474705814853518e-05,13.57794510874093,-15.211530157055833,0.0003313961798179278,13.082319468585327,-14.609554817725162,0.0003237223685262711
14.92099999999717,0.08582464219172177,-1.2784912543139553e-06,6.353729691190024e-06,2.440699692206473e-07,3.5538767240984285e-07,1.0793593668878385e-08,0.289702655341056,0.2902197718175637,0.29,0.0014661179868679663,1.9024101941856276e-06,2.4747134597192972e-05,13.577989484135715,-15.211586666957267,0.0003314022935457722,13.08227341871958,-14.60949663475948,0.00032372381937680966
14.940999999997159,0.08582461662502883,-1.2782299774102313e-06,6.358573720076366e-06,2.4150696172102116e-07,3.556034290487731e-07,1.076951109519241e-08,0.28970281537530995,0.2902197414725107,0.29,0.0014656325089060112,1.9037777740234462e-06,2.4747211033518513e-05,13.5780338505978,-15.21164316458947,0.0003314081713797454,13.082227391591156,-14.609438479523256,0.0003237250903577887
14.960999999997147,0.08582459106893242,-1.2776057517739722e-06,6.363368249814871e-06,2.3906452779259756e-07,3.5581679618453734e-07,1.0616684775948904e-08,0.28970297524697736,0.2902197110364781,0.29,0.0014651472139939625,1.905128217042659e-06,2.474728745767416e-05,13.578078208197105,-15.211699650126365,0.0003314138504190457,13.082181387035595,-14.609380351896892,0.000323726218642182
14.980999999997136,0.08582456552970057,-1.2766878106143933e-06,6.3681155843958726e-06,2.367353161540081e-07,3.5602558328102786e-07,1.0362107850763851e-08,0.28970313495485084,0.2902196805087659,0.29,0.0014646621035358147,1.9064617622753116e-06,2.4747363869285375e-05,13.578122556597211,-15.211756123252982,0.0003314193639176004,13.0821354045945,-14.609322251408937,0.0003237272374251841
15.000999999997125,0.08582454001213043,-1.2755507157372564e-06,6.37281788886529e-06,2.3451254317206314e-07,3.5622818750967925e-07,1.0035794698655954e-08,0.2897032944992237,0.2902196498900415,0.29,0.0014641771785653638,1.9077786338736387e-06,2.4747440267205067e-05,13.57816689513158,-15.211812583248035,0.00033142473983312855,13.082089443580497,-14.609264177312413,0.0003237281743783143
15.020999999997114,0.08582451451952129,-1.27426895536997e-06,6.3774772017036185e-06,2.3239005689929567e-07,3.564236199723935e-07,9.668443891001388e-09,0.2897034538816855,0.29021961918212624,0.29,0.0014636924397233599,1.909079046214501e-06,2.4747516649647677e-05,13.578211222883105,-15.211869029088243,0.0003314300003361803,13.0820435031584,-14.609206128665344,0.00032372905119977335
15.040999999997103,0.08582448905374435,-1.2729122130504722e-06,6.382095447968195e-06,2.3036236398096514e-07,3.5661148878198686e-07,9.289367207708361e-09,0.2897036131048598,0.29021958838773504,0.29,0.0014632078872631885,1.9103632088045546e-06,2.474759301495382e-05,13.578255538787563,-15.211925459553893,0.0003314351618252376,13.081997582413505,-14.609148104423577,0.000323729883581818
15.060999999997092,0.08582446361538869,-1.2715421768128862e-06,6.386674451852592e-06,2.284246020241148e-07,3.567919457704112e-07,8.924771814150262e-09,0.2897037721721115,0.2902195575101954,0.29,0.0014627235210808802,1.911631330542565e-06,2.4747669360589964e-05,13.57829984171426,-15.21198187332703,0.0003314402345002402,13.081951680414543,-14.609090103514468,0.0003237306808049884
15.080999999997081,0.0858244382039704,-1.270209192705738e-06,6.391215949176632e-06,2.2657249473623105e-07,3.569656052099047e-07,8.596485267224201e-09,0.28970393108724024,0.2902195265531571,0.29,0.0014622393407642998,1.9128836234666833e-06,2.474774568492798e-05,13.578344130552306,-15.212038269103063,0.00033144522340494134,13.081905796290842,-14.609032124915528,0.00032373144687046084
15.10099999999707,0.08582441281817847,-1.2689510391254117e-06,6.39572159794044e-06,2.2480230436106478e-07,3.571334431615011e-07,8.321111866330405e-09,0.2897040898541958,0.29021949552033144,0.29,0.001461755345655789,1.914120305183803e-06,2.4747821985686916e-05,13.578388404271221,-15.212094645664873,0.00033145012902727054,13.081859929271813,-14.608974167705354,0.0003237321810404254
15.120999999997059,0.08582438745613856,-1.2677922683177338e-06,6.400192988233189e-06,2.2311074607332573e-07,3.572966868557973e-07,8.109656061225309e-09,0.28970424847680976,0.290219464415248,0.29,0.0014612715349226453,1.915341600899981e-06,2.474789826128347e-05,13.578432661994897,-15.212151001948675,0.0003314549481613711,13.081814078714482,-14.608916231120036,0.00032373287882167333
15.140999999997048,0.08582436211567457,-1.2667444192827997e-06,6.404631650011594e-06,2.2149491707864969e-07,3.574567023543376e-07,7.967542553055858e-09,0.2897044069585779,0.2902194332410631,0.29,0.0014607879076295152,1.9165477438589688e-06,2.474797451033439e-05,13.578476903022178,-15.212207337098576,0.0003314596751728575,13.081768244140829,-14.608858314572966,0.0003237335332294031
15.160999999997037,0.08582433679455151,-1.265807329896294e-06,6.409039059289412e-06,2.1995218476899412e-07,3.576148880805599e-07,7.89500725980462e-09,0.2897045653024899,0.29021940200041435,0.29,0.0014603044628079525,1.9177389755619296e-06,2.47480507317785e-05,13.578521126855359,-15.212263650492858,0.0003314643026651698,13.08172242524147,-14.608800417671436,0.00032373413551305184
15.180999999997026,0.08582431149068989,-1.2649706784356264e-06,6.413416642502001e-06,2.184801252950948e-07,3.5777258024297436e-07,7.887760563907187e-09,0.2897047235109158,0.2902193706953306,0.29,0.0014598211995189277,1.9189155447209945e-06,2.4748126924971744e-05,13.578565333205313,-15.212319941753986,0.0003314688228557956,13.081676621873795,-14.60874254021642,0.0003237346765427471
15.200999999997014,0.08582428620233512,-1.2642161337080857e-06,6.4177657798369925e-06,2.1707644357148484e-07,3.579309747919212e-07,7.937865863541803e-09,0.2897048815855426,0.2902193393271864,0.29,0.0014593381169052024,1.9200777059886763e-06,2.474820308981904e-05,13.578609521987692,-15.21237621073821,0.0003314732283426929,13.08163083404289,-14.608684682191315,0.0003237351476583985
15.220999999997003,0.08582426092818371,-1.263519833074587e-06,6.422087806164101e-06,2.157388978931497e-07,3.58091068646941e-07,8.034724239280346e-09,0.28970503952737375,0.29021930789671735,0.29,0.0014588552142314598,1.921225718049699e-06,2.4748279226298988e-05,13.578653693291649,-15.212432457520297,0.0003314775127339906,13.081585061892158,-14.608626843733253,0.000323735541277803
15.240999999996992,0.08582423566746042,-1.2628546764009826e-06,6.426384011833097e-06,2.1446525069747273e-07,3.582536215578246e-07,8.166117984019754e-09,0.28970519733676087,0.290219276404061,0.29,0.0014583724909114145,1.922359841599257e-06,2.4748355334883466e-05,13.578697847361754,-15.21248868235398,0.000331481671287711,13.081539305663764,-14.608569025108734,0.0003237358515747073
15.260999999996981,0.08582421041994795,-1.2621927216581458e-06,6.430655642347682e-06,2.132532555902522e-07,3.584191383287562e-07,8.319210510921536e-09,0.2897053550134816,0.29021924484883915,0.29,0.0014578899465215226,1.9234803369864877e-06,2.4748431416068814e-05,13.578741984554766,-15.212544885637426,0.00033148570138946,13.081493565678887,-14.60851122667581,0.0003237360749392823
15.28099999999697,0.08582418518597457,-1.2615070723876488e-06,6.434903897338529e-06,2.1210060455752362e-07,3.585878698426361e-07,8.4814546748105e-09,0.28970551255684013,0.29021921323026006,0.29,0.001457407580802466,1.9245874624201315e-06,2.4748507470625445e-05,13.578786105305536,-15.212601067865972,0.0003314896025820429,13.081447842300456,-14.608453448849318,0.00032373621005422654
15.300999999996959,0.08582415996636607,-1.260773967165913e-06,6.439129929383669e-06,2.1100493282007572e-07,3.587598302992712e-07,8.641368185507868e-09,0.28970566996578806,0.29021918154723564,0.29,0.0014569253936497725,1.925681471900831e-06,2.4748583499814568e-05,13.578830210095974,-15.212657229586833,0.0003314933763674149,13.081402135900834,-14.608395692070722,0.0003237362576447938
15.320999999996948,0.08582413476236891,-1.2599734284206393e-06,6.443334843224402e-06,2.0996381942165474e-07,3.589348276190358e-07,8.789137253279344e-09,0.2897058272390469,0.29021914979849617,0.29,0.0014564433850955696,1.9267626136789856e-06,2.4748659504185093e-05,13.578874299397693,-15.212713371363389,0.00033149702651668966,13.081356446850283,-14.608337956763945,0.000323736220827103
15.340999999996937,0.08582410957555604,-1.2590905569326542e-06,6.4475196944469015e-06,2.0897481339279773e-07,3.591125029860723e-07,8.917022086358996e-09,0.2897059843752386,0.2902191179827141,0.29,0.0014559615552839041,1.9278311289979046e-06,2.4748735484575692e-05,13.578918373665175,-15.212769493726626,0.00033150055858185957,13.081310775472376,-14.608280243321568,0.0003237361045370285
15.360999999996926,0.08582408440771956,-1.2581159139635731e-06,6.451685489197723e-06,2.0803542960391114e-07,3.592923760634035e-07,9.019593148306985e-09,0.28970614137299533,0.29021908609860214,0.29,0.0014554799044422142,1.9288872513728384e-06,2.4748811441826056e-05,13.578962433296821,-15.21282559715643,0.0003315039792760607,13.081265122046643,-14.608222552077622,0.0003237359149725637
15.380999999996915,0.08582405926076392,-1.2570453672068524e-06,6.4558331841699235e-06,2.071431918576015e-07,3.5947389205435735e-07,9.093771016422793e-09,0.2897062982310608,0.29021905414500365,0.29,0.0014549984328509993,1.9299312059876425e-06,2.474888737658356e-05,13.579006478620428,-15.212881682048849,0.00033150729638663554,13.081219486783809,-14.608164883293826,0.00032373565942353874
15.400999999996904,0.08582403413660233,-1.255879811327147e-06,6.459963687352466e-06,2.0629571441617948e-07,3.596564674046051e-07,9.138719117036196e-09,0.28970645494836417,0.29021902212095607,0.29,0.001454517140814215,1.9309632099276595e-06,2.474896328926418e-05,13.57905050988133,-15.21293774870967,0.0003315105186311797,13.08117386982955,-14.608107237152995,0.00032373534616869117
15.420999999996893,0.0858240090370646,-1.254624534477988e-06,6.464077858696349e-06,2.054905793358192e-07,3.598395313376897e-07,9.1556012484623e-09,0.2897066115240842,0.29021899002574436,0.29,0.001454036028631827,1.931983472125433e-06,2.4749039180241347e-05,13.579094527238468,-15.212993797337086,0.00033151365413672804,13.081128271252625,-14.608049613755675,0.00032373498286943775
15.440999999996881,0.0858239839638224,-1.2532883799276934e-06,6.468176512175461e-06,2.0472552370707348e-07,3.6002256104790224e-07,9.147242150679217e-09,0.2897067679576752,0.29021895785892093,0.29,0.001453555096576376,1.9329921941179115e-06,2.4749115049683938e-05,13.579138530763995,-15.213049828034347,0.0003315167112767122,13.081082691062074,-14.607992013124981,0.00032373457744573126
15.46099999999687,0.08582395891833164,-1.2518827132108488e-06,6.47226041772947e-06,2.0399837426853264e-07,3.602051091769789e-07,9.117725614829526e-09,0.28970692424888167,0.29021892562031054,0.29,0.0014530743448744714,1.9339895708936055e-06,2.47491908976166e-05,13.579182520451022,-15.213105840807483,0.0003315196977412848,13.08103712920454,-14.60793443521348,0.0003237341371299139
15.48099999999686,0.08582393390179491,-1.2504206486648085e-06,6.476330304011624e-06,2.0330711730797664e-07,3.6038682282294526e-07,9.071966552616098e-09,0.2897070803977225,0.2902188933099914,0.29,0.001452593773693664,1.9349757915028967e-06,2.4749266723891596e-05,13.579226496226525,-15.213161835584266,0.00033152262047807783,13.080991585582145,-14.607876879917692,0.0003237336683792022
15.500999999996848,0.08582390891514399,-1.2489156918151691e-06,6.480386860699405e-06,2.0264982807044018e-07,3.6056745393141196e-07,9.015283327895736e-09,0.28970723640447454,0.2902188609282753,0.29,0.001452113383134707,1.935951040263477e-06,2.474934252833572e-05,13.57927045796203,-15.213217812222508,0.0003315254852605941,13.080946060056627,-14.607819347087766,0.0003237331764459775
15.520999999996837,0.08582388395904117,-1.247381251819171e-06,6.4844307417211144e-06,2.0202476988318656e-07,3.6074686148889476e-07,8.952998883879347e-09,0.2897073922696252,0.29021882847566016,0.29,0.0014516331732293646,1.9369154975373046e-06,2.4749418310572135e-05,13.579314405493342,-15.213273770536047,0.0003315282969325714,13.08090055247046,-14.607761836547251,0.00032373266562761495
15.540999999996826,0.08582385903389635,-1.245829568439427e-06,6.488462567941222e-06,2.0143032575721414e-07,3.6092500656313993e-07,8.890096996526973e-09,0.28970754799382953,0.290218795952787,0.29,0.0014511531439429376,1.937869340633003e-06,2.4749494070308964e-05,13.579358338631431,-15.213329710308676,0.00033153105916152993,13.080855062655637,-14.607704348102986,0.0003237321390217118
15.560999999996815,0.08582383413989661,-1.2442713043609122e-06,6.4924829304077725e-06,2.008650335352359e-07,3.6110194140184484e-07,8.83095006452044e-09,0.28970770357785164,0.2902187633603844,0.29,0.001450673295180701,1.938812744632102e-06,2.4749569807097857e-05,13.579402257182222,-15.21338563131337,0.0003315337746282285,13.080809590445313,-14.607646881562765,0.00032373159869695666
15.580999999996804,0.08582380927704439,-1.242715099780202e-06,6.496492392454867e-06,2.0032755525330895e-07,3.61277794074283e-07,8.779107694763674e-09,0.2897078590225211,0.2902187306992279,0.29,0.0014501936267973777,1.9397458828739013e-06,2.4749645520663784e-05,13.579446160958229,-15.213441533328558,0.00033153644499750353,13.080764135684019,-14.607589436745242,0.00032373104570022584
15.600999999996793,0.0858237844452037,-1.2411672521555806e-06,6.500491492388016e-06,1.998166585769784e-07,3.6145275017045476e-07,8.73718261667923e-09,0.28970801432867777,0.2902186979700894,0.29,0.0014497141386087208,1.9406689275319426e-06,2.4749721210691306e-05,13.579490049792033,-15.2134974161533,0.00033153907112106005,13.0807186982369,-14.607532013491316,0.0003237304802523827
15.620999999996782,0.08582375964414632,-1.2396317373743083e-06,6.504480745850305e-06,1.9933125629949772e-07,3.6162703327536546e-07,8.706802639291526e-09,0.28970816949712475,0.29021866517369427,0.29,0.0014492348304041038,1.9415820498487945e-06,2.4749796876803662e-05,13.579533923540685,-15.213553279615455,0.0003315416535377469,13.080673277992814,-14.607474611668122,0.0003237299022470021
15.64099999999677,0.08582373487359594,-1.2381103078095582e-06,6.5084606471130235e-06,1.9887028757799635e-07,3.618008855463625e-07,8.68863715927042e-09,0.2897083245286007,0.2902186323106984,0.29,0.0014487557019589763,1.9424854201425367e-06,2.4749872518833025e-05,13.579577782097473,-15.213609123580499,0.00033154419189484726,13.080627874868759,-14.607417231177015,0.00032372931068584156
15.66099999999676,0.08582371013327111,-1.2366027314149502e-06,6.512431670900598e-06,1.984327911684675e-07,3.6197454959807725e-07,8.682476809554673e-09,0.2897084794237475,0.2902185993816602,0.29,0.0014482767530467672,1.943379208049216e-06,2.4749948136676613e-05,13.57962162538847,-15.21366494795836,0.000331546685796536,13.08058248881515,-14.607359871951877,0.0003237287045501032
15.680999999996748,0.08582368542292049,-1.2351070933504938e-06,6.516394273486936e-06,1.9801786654416299e-07,3.621482527852412e-07,8.68736553670531e-09,0.2897086341830946,0.2902185663870284,0.29,0.0014477979834493383,1.944263582051364e-06,2.475002373016437e-05,13.579665453379793,-15.213720752697403,0.00033154913484157155,13.080537119804486,-14.607302533961414,0.00032372808281007104
15.700999999996737,0.08582366074235023,-1.2336201771778676e-06,6.520348893715444e-06,1.9762464154172913e-07,3.6232219456157945e-07,8.70176179867478e-09,0.2897087888070484,0.2902185333271351,0.29,0.0014473193929654077,1.9451387095200176e-06,2.4750099299319793e-05,13.579709266068956,-15.213776537789016,0.00033155153860455725,13.080491767839717,-14.60724521720392,0.00032372744442486616
15.720999999996726,0.08582363609144375,-1.2321378913061253e-06,6.524295953276582e-06,1.972522760793183e-07,3.6249653726514615e-07,8.723709791939885e-09,0.2897089432959003,0.2902185002022054,0.29,0.0014468409814168063,1.9460047561950446e-06,2.4750174844000723e-05,13.579753063479028,-15.213832303263771,0.00033155389686992083,13.08044643295032,-14.607187921700916,0.0003237267886427638
15.740999999996715,0.08582361147017342,-1.2306557263959477e-06,6.528235857380937e-06,1.9689994911572698e-07,3.626714005016601e-07,8.751026233966829e-09,0.2897090976498295,0.2902184670123622,0.29,0.0014463627486525372,1.946861885986912e-06,2.475025036479104e-05,13.579796845674403,-15.213888049172999,0.00033155620970811973,13.080401115165538,-14.60713064750336,0.0003237261149465958
15.760999999996704,0.08582358687860339,-1.2291691238581244e-06,6.53216899528658e-06,1.965668597215023e-07,3.628468590738118e-07,8.781468274430348e-09,0.28970925186891755,0.29021843375764134,0.29,0.0014458846945503959,1.9477102605889843e-06,2.475032586148024e-05,13.579840612719325,-15.213943775598201,0.0003315584775373337,13.080355814542182,-14.607073394666672,0.000323725423230024
15.780999999996693,0.0858235623168851,-1.2276738044824915e-06,6.536095739979875e-06,1.9625220169826926e-07,3.630229440835684e-07,8.812887674183203e-09,0.28970940595317207,0.29021840043801445,0.29,0.0014454068190165052,1.948550039127972e-06,2.4750401334084155e-05,13.579884364694669,-15.213999482634351,0.000331560701021761,13.080310531139517,-14.607016163257212,0.00032372471367035866
15.800999999996682,0.0858235377852494,-1.226165951673218e-06,6.540016448598751e-06,1.959551902573785e-07,3.6319964662983804e-07,8.84335437106218e-09,0.2897095599025454,0.29021836705340753,0.29,0.0014449291219832462,1.949381377893935e-06,2.475047678290569e-05,13.579928101690442,-15.214055170381044,0.00033156288139815073,13.080265265013239,-14.606958953345586,0.00032372398701280617
15.82099999999667,0.08582351328399027,-1.2246426726479293e-06,6.543931462869856e-06,1.956750405594703e-07,3.6337692371713925e-07,8.871257245490032e-09,0.2897097137169524,0.29021833360371824,0.29,0.001444451603405632,1.9502044301594804e-06,2.4750552208017497e-05,13.579971823788513,-15.21411083894298,0.0003315650199759659,13.080220016224715,-14.606901764996055,0.00032372324411536035
15.84099999999666,0.08582348881344828,-1.2231018440702086e-06,6.5478411086991595e-06,1.9541098045698146e-07,3.635547054717825e-07,8.895359150294872e-09,0.2897098673963007,0.2902183000888419,0.29,0.001443974263256652,1.9510193459532664e-06,2.4750627609765104e-05,13.580015531076828,-15.214166488410342,0.000331567118458465,13.080174784813382,-14.606844598271083,0.00032372248624774837
15.860999999996649,0.08582346437399344,-1.2215422826337851e-06,6.551745696810329e-06,1.9516225322027042e-07,3.63732903222252e-07,8.914834883824448e-09,0.2897100209405045,0.2902182665086862,0.29,0.0014434971015222298,1.951826271983706e-06,2.475070298810264e-05,13.58005922362009,-15.214222118868463,0.00033156917879075215,13.08012957082144,-14.606787453215562,0.0003237217149290293
15.880999999996638,0.08582343996600401,-1.2199638445047894e-06,6.555645523209641e-06,1.9492811449370972e-07,3.63911417727872e-07,8.929268123003406e-09,0.2897101743494972,0.2902182328631807,0.29,0.0014430201181958955,1.9526253516719096e-06,2.475077834327602e-05,13.580102901476819,-15.214277730387254,0.0003315712028382012,13.080084374276671,-14.606730329865545,0.000323720931625194
15.900999999996626,0.08582341558985183,-1.218367005619132e-06,6.559540869130465e-06,1.9470784744108383e-07,3.6409014698967316e-07,8.938619747461615e-09,0.28971032762325377,0.29021819915229713,0.29,0.0014425433132735977,1.9534167251110594e-06,2.4750853675133254e-05,13.580146564685508,-15.214333323017529,0.0003315731928072368,13.080039195193931,-14.606673228239764,0.00032372013813351135
15.920999999996615,0.08582339124588541,-1.2167531351431844e-06,6.563432001796543e-06,1.9450074870861296e-07,3.6426899315626044e-07,8.943185870766793e-09,0.2897104807617928,0.2902181653760502,0.29,0.0014420666867492598,1.9542005292931674e-06,2.4750928984051033e-05,13.580190213279066,-15.214388896791732,0.0003315751506123219,13.079994033571314,-14.606616148347777,0.00032371933597682767
15.940999999996604,0.08582336693441922,-1.2151241534744472e-06,6.567319175206088e-06,1.9430617436487256e-07,3.6444786833927657e-07,8.943533398469928e-09,0.28971063376517814,0.29021813153449816,0.29,0.0014415902386109574,1.954976898056487e-06,2.4751004269827036e-05,13.580233847263647,-15.214444451729287,0.0003315770783128144,13.079948889405651,-14.606559090179973,0.0003237185268411394
15.960999999996593,0.08582334265572297,-1.213482336987018e-06,6.571202630326067e-06,1.9412347427752195e-07,3.6462669897376643e-07,8.940425496063981e-09,0.28971078663352834,0.29021809762775,0.29,0.00144111396883784,1.9557459623972155e-06,2.4751079532390806e-05,13.580277466639131,-15.214499987828573,0.00033157897757716886,13.07990376267534,-14.606502053718206,0.0003237177119993491
15.980999999996582,0.08582331841001895,-1.2118300665806093e-06,6.575082596008142e-06,1.9395205889060757e-07,3.6480542866881344e-07,8.934748796282394e-09,0.289710939367009,0.2902180636559583,0.29,0.0014406378773982001,1.9565078506303637e-06,2.4751154771861953e-05,13.580321071394849,-15.214555505077266,0.00033158085021509954,13.079858653353513,-14.606445038935638,0.00032371689288409754
16.000999999996573,0.0858232941974777,-1.2101699882811356e-06,6.578959289904596e-06,1.9379137496569493e-07,3.6498401958808417e-07,8.927439535273801e-09,0.2897110919658238,0.2902180296193097,0.29,0.0014401619642485453,1.957262688578592e-06,2.475122998822138e-05,13.580364661508325,-15.214611003451639,0.0003315826976257436,13.079813561408727,-14.606388045796827,0.00032371607049953995
16.020999999996597,0.0858232700182203,-1.2085045138384185e-06,6.58283291878059e-06,1.9364088673760472e-07,3.651624525081976e-07,8.919416932007616e-09,0.289711244430215,0.29021799551802424,0.29,0.001439686229333317,1.958010599782899e-06,2.475130518138976e-05,13.580408236953643,-15.214666482922386,0.00033158452098246827,13.079768486806964,-14.606331074263341,0.0003237152456535847
16.04099999999662,0.08582324587232229,-1.2068358299990875e-06,6.586703679346828e-06,1.9350010167128192e-07,3.653407255238976e-07,8.9115218930927e-09,0.2897113967604514,0.2902179613523454,0.29,0.001439210672585685,1.9587517055907617e-06,2.4751380351269815e-05,13.58045179770002,-15.21472194345352,0.00033158632133203057,13.079723429510672,-14.60627412429349,0.00032371441899666236
16.060999999996646,0.0858232217598197,-1.2051658401425877e-06,6.590571759342023e-06,1.9336857913085894e-07,3.6551885189782376e-07,8.904479034656262e-09,0.28971154895681384,0.2902179271225245,0.29,0.0014387352939288771,1.9594861253879707e-06,2.4751455497789874e-05,13.580495343716805,-15.214777385010413,0.0003315880996082866,13.079678389485764,-14.60621719584698,0.00032371359109022976
16.08099999999667,0.0858231976807151,-1.203496112234613e-06,6.59443733758841e-06,1.9324588883477342e-07,3.6569685725862497e-07,8.89886118139484e-09,0.28971170101959576,0.29021789282882243,0.29,0.0014382600932778611,1.9602139766774097e-06,2.475153062089631e-05,13.580538874975884,-15.214832807558095,0.0003315898563907066,13.079633366698133,-14.606160288886212,0.00032371276212687136
16.100999999996695,0.08582317363498768,-1.201827731443216e-06,6.598300584845229e-06,1.9313163018288028e-07,3.658747762735331e-07,8.89507322409986e-09,0.28971185294908897,0.2902178584714965,0.29,0.001437785070541551,1.960935375326886e-06,2.4751605720592493e-05,13.580582391452499,-15.214888211067647,0.00033159159219573614,13.079588361119255,-14.60610340337712,0.0003237119322480324
16.12099999999672,0.08582314962259985,-1.2001613401743108e-06,6.602161664551187e-06,1.9302543601483347e-07,3.6605264921007084e-07,8.893349853710867e-09,0.28971200474557435,0.29021782405079155,0.29,0.0014373102256249996,1.9616504353603626e-06,2.4751680796830193e-05,13.58062589312826,-15.214943595513889,0.00033159330749088663,13.079543372723327,-14.606046539292205,0.00032371110154807026
16.140999999996744,0.08582312564350514,-1.1984973403594979e-06,6.606020732803641e-06,1.929269597230944e-07,3.6623051862790234e-07,8.893759213833424e-09,0.28971215640932346,0.29021778956694244,0.29,0.0014368355584314686,1.962359269250569e-06,2.4751755849407153e-05,13.580669379986,-15.214998960880159,0.00033159500253344726,13.07949840149242,-14.605989696606201,0.00032371026992657995
16.16099999999677,0.08582310169765717,-1.1968356390068596e-06,6.609877939267594e-06,1.928358744994275e-07,3.664084262673372e-07,8.896224482489499e-09,0.28971230794058483,0.2902177550201613,0.29,0.0014363610688645568,1.963061987692397e-06,2.4751830878525633e-05,13.580712852021959,-15.215054307156914,0.00033159667768800616,13.079453447411922,-14.605932875305172,0.0003237094373630641
16.180999999996793,0.08582307778501302,-1.1951759536531087e-06,6.613733426974466e-06,1.927518496604593e-07,3.6658641052413986e-07,8.900543725253908e-09,0.28971245933959205,0.29021772041064575,0.29,0.0014358867568298327,1.963758699935486e-06,2.4751905884135348e-05,13.580756309234463,-15.215109634341108,0.0003315983330508466,13.079408510471366,-14.605876075376742,0.000323708603625045
16.200999999996817,0.0858230539055401,-1.1935177530761665e-06,6.617587333258845e-06,1.9267462501582243e-07,3.6676450430227024e-07,8.906421385250801e-09,0.28971261060655146,0.29021768573856754,0.29,0.001435412622236271,1.964449513409529e-06,2.475198086611322e-05,13.5807997516276,-15.215164942437028,0.0003315999692048455,13.07936359066548,-14.605819296814703,0.000323707768937279
16.22099999999684,0.08582303005921696,-1.1918604438739734e-06,6.621439789321337e-06,1.9260387485593118e-07,3.669427337392015e-07,8.913503782483602e-09,0.28971276174165395,0.2902176510040842,0.29,0.0014349386649971172,1.9651345339081814e-06,2.4752055824556613e-05,13.58084317921112,-15.21522023145517,0.0003316015861167556,13.079318687993636,-14.60576253961766,0.000323706932926531
16.240999999996866,0.08582300624603739,-1.1902032145402974e-06,6.625290920797555e-06,1.9253933320301465e-07,3.6712111730433893e-07,8.921401434461108e-09,0.28971291274506994,0.2902176162073352,0.29,0.0014344648850305361,1.965813865447433e-06,2.4752130759591752e-05,13.580886592000855,-15.215275501410085,0.00033160318431622225,13.079273802454367,-14.605705803787712,0.0003237060958070633
16.26099999999689,0.085822982466008,-1.1885455149336978e-06,6.629140848105064e-06,1.9248073342462418e-07,3.672996656324474e-07,8.929725549938427e-09,0.28971306361695087,0.29021758134844244,0.29,0.0014339912822597908,1.966487610282676e-06,2.475220567096937e-05,13.580929990007734,-15.215330752322576,0.00033160476406445715,13.079228934055509,-14.6056490893259,0.0003237052575084228
16.280999999996915,0.08582295871914966,-1.1868866010216953e-06,6.632989685985413e-06,1.9242779808066185e-07,3.674783819043114e-07,8.938109950765914e-09,0.28971321435744096,0.290217546427522,0.29,0.0014335178566129772,1.9671558688864034e-06,2.4752280559015798e-05,13.580973373256334,-15.215385984211741,0.0003316063257936907,13.079184082796074,-14.605592396240539,0.00032370441815614026
16.30099999999694,0.08582293500549507,-1.1852258994642492e-06,6.636837544336804e-06,1.9238029164211186e-07,3.6765726251705995e-07,8.946230296005333e-09,0.2897133649666697,0.29021751144467756,0.29,0.0014330446080226915,1.9678187399680993e-06,2.4752355423505273e-05,13.581016741761681,-15.215441197099517,0.0003316078701760514,13.079139248680795,-14.60553572453425,0.00032370357811484614
16.320999999996964,0.0858229113250839,-1.1835631770224414e-06,6.640684527860208e-06,1.9233795180747068e-07,3.678362983378613e-07,8.953827170265305e-09,0.2897135154447667,0.2902174764000138,0.29,0.0014325715364251884,1.9684763202560644e-06,2.475243026465804e-05,13.581060095543203,-15.215496391007623,0.0003316093974910536,13.079094431712281,-14.605479074211658,0.0003237027373752089
16.34099999999699,0.08582288767796487,-1.181897849351391e-06,6.6445307362883455e-06,1.923005364649341e-07,3.6801547591854914e-07,8.960703860952593e-09,0.2897136657918589,0.2902174412936346,0.29,0.0014320986417596321,1.9691287046755336e-06,2.4752505082506414e-05,13.581103434617043,-15.215551565957142,0.00033161090863705295,13.079049631893442,-14.605422445275291,0.0003237018965510271
16.360999999997013,0.08582286406418538,-1.180230143449591e-06,6.648376264913047e-06,1.922678116892192e-07,3.681947789819271e-07,8.966739526017957e-09,0.2897138160080725,0.2902174061256421,0.29,0.0014316259239671929,1.9697759864198904e-06,2.4752579876896175e-05,13.581146758998099,-15.215606721964917,0.0003316124038980555,13.079004849222757,-14.605365837725548,0.00032370105563464915
16.380999999997037,0.08582284048379418,-1.1785600832343073e-06,6.6522212040509565e-06,1.922395497239586e-07,3.6837418978643543e-07,8.971877913491989e-09,0.2897139660935432,0.2902173708961501,0.29,0.0014311533829900684,1.970418256814386e-06,2.4752654647952478e-05,13.581190068699392,-15.215661859045467,0.0003316138839135312,13.078960083696405,-14.605309251560508,0.0003237002149961982
16.40099999999706,0.08582281693683744,-1.1768877764298572e-06,6.65606563998028e-06,1.9221553720295833e-07,3.6855369049143305e-07,8.976134369452278e-09,0.289714116048408,0.2902173356052724,0.29,0.001430681018770692,1.971055605392906e-06,2.4752729395752418e-05,13.581233363730135,-15.215716977212443,0.00033161534940864465,13.078915335312086,-14.605252686775966,0.0003236993750909595
16.420999999997086,0.08582279342335375,-1.1752136375009715e-06,6.659909654357921e-06,1.9219554923928854e-07,3.6873326432358927e-07,8.979573284249905e-09,0.2897142658728173,0.2902173002531371,0.29,0.0014302088312508645,1.9716881199487556e-06,2.4752804120141814e-05,13.581276644097091,-15.215772076473677,0.0003316168007611052,13.078870604061603,-14.605196143364433,0.00032369853602821333
16.44099999999711,0.08582276994337552,-1.1735380132790753e-06,6.663753325163169e-06,1.9217941068306857e-07,3.689128964761374e-07,8.982306255051319e-09,0.2897144155669241,0.290217264839874,0.29,0.0014297368203712666,1.9723158866144563e-06,2.475287882132513e-05,13.581319909807227,-15.215827156835337,0.000331618238772179,13.078825889935654,-14.605139621318553,0.00032369769834369273
16.460999999997135,0.08582274649692508,-1.1718613793993133e-06,6.667596726094016e-06,1.9216689578760254e-07,3.6909257485653136e-07,8.984474800946254e-09,0.28971456513089594,0.2902172293656266,0.29,0.0014292649860708697,1.9729389898702676e-06,2.4752953499101184e-05,13.581363160860382,-15.215882218299683,0.000331619663684641,13.078781192923646,-14.605083120625238,0.00032369686203306976
16.48099999999716,0.0858227230840157,-1.1701842219274857e-06,6.671439927607992e-06,1.921578709810261e-07,3.692722904289509e-07,8.986236292024539e-09,0.2897147145649022,0.2902171938305398,0.29,0.0014287933282867362,1.97355751259352e-06,2.4753028153646483e-05,13.581406397259725,-15.21593726087019,0.00033162107634036175,13.078736513015958,-14.605026641274486,0.00032369602767830984
16.500999999997184,0.08582269970465006,-1.1685070748173827e-06,6.675282996346232e-06,1.9215212252939136e-07,3.694520374653467e-07,8.987756473139577e-09,0.2897148638691237,0.2902171582347695,0.29,0.0014283218469538176,1.9741715361835154e-06,2.475310278485937e-05,13.581449619001683,-15.215992284545587,0.0003316224768130538,13.078691850200396,-14.604970183250428,0.00032369519510658387
16.52099999999721,0.0858226763588224,-1.1668303173140635e-06,6.67912599572329e-06,1.921495051015828e-07,3.6963181339355403e-07,8.98918899426703e-09,0.2897150130437463,0.29021712257847504,0.29,0.0014278505420050598,1.9747811405134908e-06,2.4753177392740906e-05,13.58149282608654,-15.216047289323189,0.0003316238657046829,13.078647204462133,-14.604913746540017,0.0003236943646694776
16.540999999997233,0.08582265304651787,-1.1651544242448448e-06,6.682968986336524e-06,1.9214987240429284e-07,3.698116185783561e-07,8.990678929290776e-09,0.2897151620889551,0.2902170868618152,0.29,0.0014273794133715621,1.975386404034647e-06,2.4753251977289957e-05,13.581536018511807,-15.216102275202003,0.0003316252433534996,13.07860257578992,-14.604857331128896,0.00032369353645925425
16.560999999997257,0.08582262976771343,-1.1634798200634083e-06,6.686812025570588e-06,1.9215307292068597e-07,3.6999145593199086e-07,8.992344744984751e-09,0.289715311004943,0.2902170510849554,0.29,0.0014269084609827068,1.975987403825647e-06,2.4753326538508772e-05,13.58157919627508,-15.216157242179573,0.0003316266099452174,13.078557964171104,-14.60480093700242,0.0003236927104287322
16.58099999999728,0.0858226065223815,-1.1618066063066925e-06,6.690655168083148e-06,1.9215896426099157e-07,3.701713303228896e-07,8.99427599941443e-09,0.2897154597919017,0.2902170152480596,0.29,0.0014264376847666085,1.976584215660092e-06,2.4753401076396143e-05,13.58162235937507,-15.216212190254053,0.0003316279658742127,13.078513369593006,-14.60474456414697,0.00032369188673442095
16.600999999997306,0.08582258331048896,-1.160135131585396e-06,6.6944984662212215e-06,1.9216744607451188e-07,3.7035124801653864e-07,8.996535086289488e-09,0.28971560845001904,0.29021697935128776,0.29,0.0014259670846505134,1.977176913850562e-06,2.4753475590955447e-05,13.581665507812342,-15.216267119424021,0.0003316293114684251,13.07846879204346,-14.60468821255085,0.0003236910654648349
16.62099999999733,0.08582256013199946,-1.1584654695915847e-06,6.6983419694660595e-06,1.9217836691712905e-07,3.705312161028087e-07,8.999155205177871e-09,0.28971575697948754,0.2902169433948037,0.29,0.0014254966605610775,1.977765571609556e-06,2.4753550082133e-05,13.581708641583804,-15.216322029690609,0.00033163064678270917,13.07842423151413,-14.604631882199898,0.00032369024645728846
16.640999999997355,0.08582253698687548,-1.1567977553555907e-06,6.702185725460108e-06,1.921916378858198e-07,3.707112418937189e-07,9.00214083194405e-09,0.289715905380489,0.2902169073787614,0.29,0.0014250264124248194,1.9783502607444877e-06,2.475362454990972e-05,13.581751760694294,-15.216376921054826,0.00033163197215816656,13.078379687993655,-14.60457557308568,0.00032368942981880105
16.66099999999738,0.08582251387507825,-1.1551318964234494e-06,6.7060297791673995e-06,1.9220712420447579e-07,3.708913324496689e-07,9.005470476694914e-09,0.28971605365320957,0.29021687130331836,0.29,0.0014245563401683737,1.9789310519105726e-06,2.4753698994427676e-05,13.58179486514457,-15.2164317935184,0.0003316332876933487,13.078335161472515,-14.604519285196798,0.0003236886154283839
16.680999999997404,0.08582249079657017,-1.1534679675780553e-06,6.709874173879693e-06,1.92224755091187e-07,3.7107149407827264e-07,9.009103966758154e-09,0.28971620179782426,0.2902168351686212,0.29,0.001424086443718895,1.9795080144610565e-06,2.475377341552016e-05,13.58183795493678,-15.21648664708716,0.00033163459372519626,13.07829065194592,-14.604463018524582,0.0003236878034087373
16.70099999999743,0.08582246775131398,-1.1518058648947599e-06,6.713718950543401e-06,1.9224440076955173e-07,3.7125173208543193e-07,9.012985438850704e-09,0.2897163498145101,0.2902167989748196,0.29,0.0014236167230041728,1.98008121657433e-06,2.4753847813207386e-05,13.581881030076666,-15.216541481764692,0.00033163589023770234,13.078246159403836,-14.604406773060898,0.00032368699354033654
16.720999999997453,0.08582244473927528,-1.1501454758152204e-06,6.717564148467359e-06,1.92265988332717e-07,3.714320504953406e-07,9.017051117116968e-09,0.28971649770343516,0.29021676272205377,0.29,0.0014231471779528465,1.9806507252645392e-06,2.47539221876156e-05,13.581924090570523,-15.21659629755802,0.0003316371776197076,13.07820168384066,-14.604350548799742,0.0003236861859838085
16.740999999997477,0.08582242176042082,-1.1484866623834933e-06,6.721409804844036e-06,1.922894124350059e-07,3.716124520074957e-07,9.021231693514182e-09,0.28971664546477016,0.2902167264104667,0.29,0.0014226778084944073,1.981216606244717e-06,2.475399653867207e-05,13.581967136420278,-15.216651094474367,0.0003316384559977324,13.078157225251992,-14.604294345731763,0.00032368538068227345
16.7609999999975,0.08582239881471941,-1.1468294335509963e-06,6.72525595539486e-06,1.9231459339016618e-07,3.717929379363908e-07,9.025461119672862e-09,0.2897167930986758,0.29021669004019307,0.29,0.0014222086145592877,1.9817789241088916e-06,2.475407086637458e-05,13.582010167635742,-15.21670587252012,0.0003316397255332401,13.078112783629113,-14.604238163852376,0.00032368457758459324
16.780999999997526,0.08582237590214126,-1.145173660740775e-06,6.729102633780404e-06,1.923414415089914e-07,3.7197350835065823e-07,9.029676136736816e-09,0.289716940605318,0.29021665361137156,0.29,0.0014217395960787484,1.982337742309021e-06,2.475414517082378e-05,13.582053184224199,-15.216760631702659,0.0003316409864421762,13.0780683589655,-14.604182003155687,0.00032368377671611955
16.80099999999755,0.08582235302265906,-1.143519256679267e-06,6.732949872349792e-06,1.9236987700525338e-07,3.721541621738861e-07,9.03382453457424e-09,0.2897170879848541,0.2902166171241331,0.29,0.001421270752984833,1.9828931230107135e-06,2.4754219451794922e-05,13.582096186187401,-15.216815372031999,0.00033164223896110686,13.078023951259802,-14.60412586363291,0.00032368297812837885
16.820999999997575,0.08582233017624553,-1.1418661825539277e-06,6.736797701481501e-06,1.9239981558515383e-07,3.723348974173988e-07,9.03786191606287e-09,0.2897172352374472,0.2902165805786146,0.29,0.0014208020852101897,1.9834451274077395e-06,2.4754293709565177e-05,13.582139173536858,-15.216870093513316,0.0003316434832808112,13.077979560500884,-14.604069745280022,0.0003236821818076025
16.8409999999976,0.08582230736287438,-1.1402144413884649e-06,6.740646150409091e-06,1.924311890746746e-07,3.725157114316169e-07,9.041760164721416e-09,0.2897173823632542,0.2902165439749473,0.29,0.00142033359268798,1.983993815368886e-06,2.475436794402952e-05,13.582182146274643,-15.216924796157068,0.00033164471964482433,13.077935186687608,-14.604013648088372,0.0003236813878383723
16.860999999997624,0.0858222845825185,-1.1385640505338974e-06,6.74449524649956e-06,1.9246391564154644e-07,3.7269660113639703e-07,9.045499655961415e-09,0.28971752936243733,0.29021650731326726,0.29,0.00141986527535163,1.9845392457340224e-06,2.475444215519676e-05,13.582225104408911,-15.216979479967705,0.0003316459482105929,13.07789082980938,-14.60395757205165,0.00032368059617748733
16.88099999999765,0.08582226183515138,-1.136915007832172e-06,6.7483450160790714e-06,1.9249793757585838e-07,3.7287756325763327e-07,9.04907610217909e-09,0.2897176762351547,0.2902164705937068,0.29,0.0014193971331347996,1.9850814763521578e-06,2.4754516342984283e-05,13.582268047942996,-15.217034144953265,0.0003316471693179278,13.077846489861543,-14.603901517161251,0.00032367980700321995
16.900999999997673,0.08582223912074406,-1.1352673933846564e-06,6.752195483746004e-06,1.9253317609418138e-07,3.7305859459707936e-07,9.052493539423523e-09,0.28971782298157067,0.29021643381640433,0.29,0.0014189291659710893,1.9856205637809024e-06,2.4754590507595486e-05,13.582310976885138,-15.217088791117765,0.00033164838308558195,13.077802166833331,-14.603845483410916,0.0003236790202388409
16.920999999997697,0.08582221643926713,-1.133621284660555e-06,6.756046673064842e-06,1.9256956834756076e-07,3.7323969216930015e-07,9.05576807957131e-09,0.28971796960184515,0.29021639698149454,0.29,0.001418461373794035,1.9861565636604488e-06,2.4754664648880506e-05,13.58235389123571,-15.217143418469389,0.0003316495897063917,13.07775786072164,-14.603789470790066,0.00032367823593925504
16.94099999999772,0.08582219379068841,-1.1319768387050414e-06,6.759898606108206e-06,1.9260705101915086e-07,3.734208533930761e-07,9.058918186619807e-09,0.2897181160961455,0.2902163600891181,0.29,0.0014179937565369242,1.9866895305711995e-06,2.4754738766913147e-05,13.582396791000313,-15.217198027011928,0.0003316507893171552,13.077713571516451,-14.603733479290593,0.0003236774540535326
16.960999999997746,0.08582217117497518,-1.1303340573107088e-06,6.7637513040536e-06,1.9264557413760588e-07,3.7360207616561053e-07,9.061971504988241e-09,0.2897182624646346,0.2902163231394122,0.29,0.0014175263141327798,1.9872195180478405e-06,2.475481286154473e-05,13.582439676183547,-15.21725261674825,0.00033165198225807693,13.077669299207145,-14.603677508903793,0.0003236766747534731
16.98099999999777,0.08582214859209171,-1.1286930596599503e-06,6.7676047866352396e-06,1.9268507649052855e-07,3.7378335895537535e-07,9.064955540733546e-09,0.2897184087074799,0.2902162861325182,0.29,0.0014170590465142985,1.9877465786662264e-06,2.4754886932977478e-05,13.582482546784705,-15.217307187687387,0.0003316531686383271,13.07762504379277,-14.603621559618668,0.00032367589800429256
17.000999999997795,0.08582212604200062,-1.1270539667008506e-06,6.771459072726915e-06,1.927254949344155e-07,3.739647007903797e-07,9.067898883798853e-09,0.28971855482484804,0.29021624906857607,0.29,0.0014165919536138305,1.988270764046221e-06,2.4754960980962114e-05,13.582525402810658,-15.2173617398281,0.00033165434852449395,13.077580805256993,-14.603565631426925,0.00032367512370226576
17.02099999999782,0.08582210352466285,-1.1254168253662882e-06,6.775314180015868e-06,1.9276679658918182e-07,3.741461012280751e-07,9.070827146786267e-09,0.28971870081690887,0.29021621194772956,0.29,0.0014161250353634189,1.988792124802363e-06,2.4755035006013055e-05,13.582568244264099,-15.21741627317674,0.0003316555222601755,13.077536583594291,-14.603509724319318,0.00032367435203281867
17.040999999997844,0.08582208104003719,-1.1237817867806242e-06,6.779170125377487e-06,1.928089133571793e-07,3.7432756034788186e-07,9.073765800141326e-09,0.2897188466838297,0.29021617477011946,0.29,0.0014156582916948026,1.9893107106918915e-06,2.475510900761582e-05,13.582611071145514,-15.21747078773671,0.000331656689754466,13.0774923787967,-14.603453838284322,0.0003236735827692133
17.06099999999787,0.08582205858808159,-1.1221489055356618e-06,6.783026924792046e-06,1.928518336715397e-07,3.745090786063119e-07,9.076732376937697e-09,0.2897189924257775,0.29021613753588626,0.29,0.0014151917225394852,1.9898265705331048e-06,2.4755182985922434e-05,13.582653883460646,-15.217525283510351,0.0003316578514252968,13.077448190852795,-14.603397973314063,0.00032367281615350963
17.080999999997893,0.08582203616875206,-1.1205182358229847e-06,6.786884593115716e-06,1.9289548025140295e-07,3.7469065683887716e-07,9.079743538045206e-09,0.28971913804292376,0.29021610024517425,0.29,0.001414725327828744,1.9903397522765207e-06,2.4755256940953068e-05,13.582696681210486,-15.217579760502902,0.0003316590071420861,13.07740401975716,-14.603342129398241,0.00032367205192007105
17.100999999997917,0.08582201378200471,-1.118889758884562e-06,6.790743144705069e-06,1.9293983101769526e-07,3.7487229603517017e-07,9.082807026887626e-09,0.2897192835354334,0.29021606289812224,0.29,0.001414259107493788,1.9908503029689665e-06,2.4755330872636116e-05,13.582739464398037,-15.217634218718626,0.00033166015721170774,13.077359865501204,-14.60328630652695,0.0003236712902396665
17.12099999999794,0.08582199142779404,-1.117263506101703e-06,6.794602592813392e-06,1.9298483677282936e-07,3.750539973509831e-07,9.085928227420544e-09,0.28971942890347663,0.2902160254948732,0.29,0.0014137930614657344,1.9913582688216795e-06,2.4755404781267864e-05,13.582782233028444,-15.21768865816105,0.0003316613016861612,13.077315728075892,-14.603230504692457,0.0003236705310019663
17.140999999997966,0.08582196910607462,-1.1156395868958542e-06,6.798462950263762e-06,1.9303047151821223e-07,3.7523576188668213e-07,9.089105110736928e-09,0.2897195741472172,0.29021598803556475,0.29,0.0014133271896757719,1.9918636952187434e-06,2.4755478666402186e-05,13.582824987102283,-15.217743078834646,0.0003316624406553073,13.077271607473909,-14.60317472388349,0.0003236697741779399
17.16099999999799,0.0858219468168008,-1.1140179042228035e-06,6.802324228873113e-06,1.9307669188996152e-07,3.754175907237766e-07,9.092333571924018e-09,0.28971971926682366,0.2902159505203379,0.29,0.0014128614920551025,1.99236662672781e-06,2.4755552528485173e-05,13.582867726626803,-15.21779748074422,0.00033166357427767283,13.077227503686759,-14.603118964093898,0.00032366901977058416
17.180999999998015,0.08582192455992638,-1.1123985812462113e-06,6.806186439993478e-06,1.93123451053115e-07,3.7559948477925124e-07,9.095606020475893e-09,0.2897198642624594,0.2902159129493301,0.29,0.001412395968535072,1.992867107032125e-06,2.4755626367170194e-05,13.58291045160204,-15.217851863894285,0.00033166470242379736,13.07718341670758,-14.603063225312052,0.0003236682675323713
17.20099999999804,0.08582190233540637,-1.1107814757619841e-06,6.8100495943454464e-06,1.9317076642851458e-07,3.757814447614495e-07,9.098910081481534e-09,0.28972000913428747,0.2902158753226774,0.29,0.0014119306190471751,1.9933651791433504e-06,2.475570018258356e-05,13.582953162033409,-15.217906228290866,0.0003316658257080412,13.077139346529451,-14.603007507531055,0.00032366751792872424
17.220999999998064,0.08582188014319392,-1.1091668404003841e-06,6.813913701858576e-06,1.9321855811704623e-07,3.759634711852038e-07,9.102237196823908e-09,0.2897201538824721,0.2902158376405178,0.29,0.0014114654435230685,1.993860885191562e-06,2.4755773974724134e-05,13.582995857925246,-15.217960573938777,0.0003316669436017379,13.077095293144541,-14.602951810741958,0.0003236667703139752
17.24099999999809,0.0858218579832466,-1.1075541241913808e-06,6.81777877185874e-06,1.9326681083878457e-07,3.761455643006403e-07,9.105573121138922e-09,0.2897202985071769,0.2902157999029875,0.29,0.0014110004418945788,1.994354266569135e-06,2.4755847743717133e-05,13.583038539283221,-15.218014900842148,0.0003316680568391593,13.07705125654353,-14.602896134937627,0.0003236660252853068
17.260999999998113,0.08582183585551709,-1.10594380871644e-06,6.8216448133942564e-06,1.933155017310466e-07,3.7632772413393204e-07,9.108908634612623e-09,0.28972044300856076,0.29021576211022015,0.29,0.0014105356140937475,1.9948453638615937e-06,2.47559214894105e-05,13.58308120610953,-15.218069209008327,0.00033166916507923705,13.077007236721938,-14.602840480108322,0.00032366528238425666
17.280999999998137,0.08582181375996067,-1.104335798575191e-06,6.82551183459057e-06,1.933645958970516e-07,3.7650995050336585e-07,9.11223067987127e-09,0.2897205873867875,0.29021572426235254,0.29,0.001410070960052746,1.9953342169780272e-06,2.4755995211710235e-05,13.583123858406536,-15.218123498442033,0.00033167026844411796,13.076963233672537,-14.60278484624447,0.00032366454161502435
17.30099999999816,0.08582179169653285,-1.1027300779738975e-06,6.829379843406591e-06,1.9341407932619616e-07,3.7669224303976677e-07,9.115533531454422e-09,0.28972073164201545,0.2902156863595173,0.29,0.001409606479703926,1.9958208650850415e-06,2.4756068910983146e-05,13.583166496184568,-15.21817776914913,0.0003316713671362759,13.076919247386211,-14.602729233341837,0.0003236638030479917
17.320999999998186,0.08582176966519053,-1.1011263397457522e-06,6.83324884693387e-06,1.9346391378999806e-07,3.768746011954372e-07,9.118805731563844e-09,0.28972087577440725,0.2902156484018494,0.29,0.0014091421729797487,1.996305346552357e-06,2.4756142586889193e-05,13.583209119444255,-15.21823202113214,0.00033167246144288226,13.07687527785333,-14.602673641389096,0.0003236630668511641
17.34099999999821,0.08582174766588693,-1.099524977213831e-06,6.83711885205579e-06,1.9351407665863229e-07,3.770570243667798e-07,9.122046712908144e-09,0.2897210197841221,0.2902156103894829,0.29,0.0014086780398127772,1.9967876991228025e-06,2.475621623961861e-05,13.583251728188023,-15.218286254400645,0.00033167355108864975,13.076831325072188,-14.602618070377241,0.00032366233265428244
17.360999999998235,0.08582172569857822,-1.0979258847558568e-06,6.840989865170011e-06,1.9356456431279842e-07,3.7723951184062793e-07,9.125252298564216e-09,0.28972116367131834,0.2902155723225498,0.29,0.0014082140801356612,1.9972679598272423e-06,2.475628986910523e-05,13.583294322423873,-15.218340468958251,0.00033167463643063607,13.076787389032273,-14.60256252030058,0.00032366160067428455
17.38099999999826,0.08582170376321935,-1.0963290040921485e-06,6.844861891952547e-06,1.9361532435227583e-07,3.7742206290945574e-07,9.12842193049004e-09,0.2897213074361588,0.29021553420118695,0.29,0.0014077502938810633,1.9977461649287336e-06,2.4756363475369213e-05,13.583336902152814,-15.218394664810754,0.00033167571739012015,13.076743469727392,-14.602506991148044,0.00032366087074480187
17.400999999998284,0.08582168185976519,-1.0947344059199327e-06,6.848734938086354e-06,1.9366636193309575e-07,3.7760467687684953e-07,9.131558442129126e-09,0.2897214510788008,0.29021549602552477,0.29,0.001407286680981693,1.9982223500821797e-06,2.4756437058362535e-05,13.58337946737939,-15.218448841962381,0.0003316767942057266,13.076699567149035,-14.602451482911663,0.0003236601429789871
17.42099999999831,0.08582165998817012,-1.0931420475407928e-06,6.852609008435595e-06,1.937176427509871e-07,3.777873531144214e-07,9.134662807922903e-09,0.28972159459940655,0.29021545779570007,0.29,0.0014068232413702187,1.998696550281338e-06,2.4756510618185702e-05,13.583422018108582,-15.218503000419114,0.00033167786691345915,13.076655681290193,-14.602395995583432,0.00032365941731409584
17.440999999998333,0.085821638148388,-1.0915520219594806e-06,6.856484107801986e-06,1.9376915243377943e-07,3.7797009106272073e-07,9.137741849575211e-09,0.28972173799813467,0.2902154195118438,0.29,0.001406359974979322,1.9991687998715993e-06,2.4756584154737015e-05,13.583464554342363,-15.218557140185911,0.0003316789355622756,13.076611812144204,-14.6023405291537,0.0003236586936886923
17.460999999998357,0.08582161634037301,-1.089964315375724e-06,6.860360240328045e-06,1.9382087072462062e-07,3.781528902300666e-07,9.140797285536843e-09,0.28972188127514537,0.290215381174092,0.29,0.0014058968817416604,1.9996391325923386e-06,2.4756657668093604e-05,13.583507076086885,-15.218611261266165,0.00033168000025725846,13.076567959700087,-14.602285083614339,0.000323657972103726
17.48099999999838,0.08582159456407762,-1.0883789515007367e-06,6.864237410038332e-06,1.9387277046155574e-07,3.783357502714786e-07,9.143836042783176e-09,0.28972202443059925,0.290215342782578,0.29,0.0014054339615898247,2.0001075814840357e-06,2.4756731158330317e-05,13.583549583347015,-15.218665363666034,0.0003316810609838921,13.076524123951856,-14.602229658957832,0.00032365725245177897
17.500999999998406,0.0858215728194553,-1.0867959751732538e-06,6.868115620652093e-06,1.9392486906314044e-07,3.785186708796498e-07,9.146861800534092e-09,0.2897221674646544,0.2902153043374333,0.29,0.0014049712144563922,2.000574178922444e-06,2.4756804625221325e-05,13.583592076120606,-15.218719447391413,0.0003316821180559473,13.076480304894934,-14.602174255172006,0.0003236565349439567
17.52099999999843,0.08582155110645831,-1.0852153650158822e-06,6.8719948752224425e-06,1.9397711108173137e-07,3.787016518889579e-07,9.149879173102704e-09,0.289722310377473,0.29021526583879437,0.29,0.0014045086402739027,2.001038956920148e-06,2.4756878068919734e-05,13.583634554414147,-15.218773512445994,0.00033168317128059793,13.076436502519485,-14.60211887224931,0.00032365581928799894
17.540999999998455,0.08582152942503907,-1.083637148525159e-06,6.875875176982904e-06,1.9402950755945924e-07,3.7888469318292195e-07,9.152893778435529e-09,0.2897224531692124,0.29021522728679194,0.29,0.0014040462389748683,2.0015019466385166e-06,2.4756951489297042e-05,13.583677018230812,-15.218827558834787,0.00033168422091789244,13.076392716818374,-14.602063510181067,0.00032365510563537594
17.56099999999848,0.08582150777514967,-1.0820613345129766e-06,6.8797565283898465e-06,1.940820291970763e-07,3.790677947356524e-07,9.155905781559784e-09,0.2897225958400344,0.29021518868156165,0.29,0.0014035840104917943,2.001963178908069e-06,2.4757024886731057e-05,13.583719467580764,-15.218881586560578,0.0003316852669177753,13.07634894777867,-14.602008168961511,0.0003236543938669491
17.580999999998504,0.0858214861567418,-1.0804878980358875e-06,6.883638932003722e-06,1.941346623101656e-07,3.792509565674321e-07,9.158920860737746e-09,0.289722738390097,0.2902151500232353,0.29,0.001403121954757173,2.002422683778455e-06,2.4757098260943368e-05,13.58376190246003,-15.218935595630752,0.00033168630938112254,13.076305195399005,-14.601952848577898,0.00032365368397201366
17.60099999999853,0.08582146456976714,-1.0789169015705463e-06,6.887522390010281e-06,1.9418741429735715e-07,3.794341786935424e-07,9.16193636350254e-09,0.2897228808195578,0.29021511131194416,0.29,0.001402660071703514,2.0028804908353397e-06,2.4757171611816595e-05,13.58380432287401,-15.218989586049382,0.0003316873484639514,13.07626145967004,-14.601897549022365,0.000323652976018176
17.620999999998553,0.0858214430141769,-1.0773483433041782e-06,6.8914069041928205e-06,1.94240247040024e-07,3.7961746120786237e-07,9.164955948147393e-09,0.28972302312857834,0.2902150725478232,0.29,0.0014021983612633208,2.0033366291680405e-06,2.4757244939567605e-05,13.583846728827247,-15.219043557821303,0.00033168838404606834,13.076217740584049,-14.601842270286589,0.00032365226980337914
17.640999999998577,0.08582142148992312,-1.0757822023409494e-06,6.895292476397086e-06,1.9429316818207882e-07,3.7980080415239727e-07,9.167978769748888e-09,0.28972316531731357,0.2902150337310016,0.29,0.0014017368233691437,2.0037911271785133e-06,2.4757318243829608e-05,13.583889120317597,-15.219097510953526,0.0003316894163483406,13.076174038137927,-14.60178701235859,0.0003236515654587642
17.6609999999986,0.08582139999695662,-1.074218518530597e-06,6.899179107899833e-06,1.9434615649033157e-07,3.799842075818964e-07,9.171003049289958e-09,0.28972330738592456,0.290214994861614,0.29,0.0014012754579535826,2.0042440129778015e-06,2.4757391525390952e-05,13.583931497362473,-15.219151445447034,0.00033169044532166837,13.076130352314372,-14.601731775237267,0.0003236508628502632
17.680999999998626,0.08582137853522946,-1.0726571714827623e-06,6.903066800047208e-06,1.9439918732820876e-07,3.801676715095883e-07,9.174027758723714e-09,0.2897234493345671,0.2902149559397898,0.29,0.0014008142649492704,2.004695313885408e-06,2.475746478354038e-05,13.583973859953437,-15.219205361309609,0.000331691471018191,13.0760866831139,-14.601676558906904,0.0003236501619459384
17.70099999999865,0.08582135710469257,-1.0710983599879401e-06,6.9069555539355565e-06,1.9445229816727346e-07,3.8035119588918436e-07,9.177049708353384e-09,0.28972359116339746,0.29021491696565904,0.29,0.0014003532442889116,2.005145056979553e-06,2.4757538018445666e-05,13.584016208097294,-15.219259258546662,0.0003316924936780471,13.076043030528439,-14.60162136336124,0.00032364946288992004
17.720999999998675,0.08582133570529787,-1.0695419044846465e-06,6.910845370224072e-06,1.9450543262075308e-07,3.8053478066863755e-07,9.180068287094798e-09,0.28972373287257475,0.2902148779393549,0.29,0.0013998923959052194,2.005593268598373e-06,2.4757611230283442e-05,13.584058541801586,-15.219313137161578,0.0003316935131654534,13.075999394547063,-14.601566188593115,0.00032364876547495523
17.7409999999987,0.08582131433699648,-1.067987907080774e-06,6.914736249724607e-06,1.9455859790463445e-07,3.807184257379267e-07,9.183081881157946e-09,0.28972387446225323,0.29021483886100535,0.29,0.001399431719731011,2.0060399748327726e-06,2.475768441870813e-05,13.584100861066625,-15.219366997160263,0.00033169452954521047,13.075955775164477,-14.601511034591795,0.00032364806969426187
17.760999999998724,0.08582129299974069,-1.0664363086971488e-06,6.9186281927632876e-06,1.946117853220344e-07,3.809021309471808e-07,9.18608634480714e-09,0.2897240159325917,0.2902147997307428,0.29,0.0013989712156991208,2.0064852011076314e-06,2.4757757584283365e-05,13.58414316589728,-15.219420838547714,0.00033169554294472836,13.07591217237308,-14.601455901349611,0.0003236473755949382
17.78099999999875,0.08582127169348149,-1.0648871235931032e-06,6.922521199693998e-06,1.9466496298357108e-07,3.8108589614500544e-07,9.189083055751788e-09,0.2897241572837446,0.29021476054869605,0.29,0.0013985108837424336,2.0069289724084527e-06,2.475783072656963e-05,13.584185456297552,-15.219474661328631,0.00033169655321249066,13.075868586164914,-14.601400788857744,0.00032364668293347016
17.800999999998773,0.08582125041817075,-1.0633403887649068e-06,6.926415270794295e-06,1.947181854015749e-07,3.812697211055587e-07,9.192068408120167e-09,0.28972429851586656,0.29021472131499293,0.29,0.001398050723793904,2.00737131332635e-06,2.4757903845540076e-05,13.584227732270088,-15.219528465509834,0.00033169756084020375,13.075825016534973,-14.601345697107625,0.00032364599213472367
17.820999999998797,0.08582122917375995,-1.0617960772730553e-06,6.930310405821316e-06,1.9477137394386284e-07,3.814536056103884e-07,9.195041827483192e-09,0.28972443962911526,0.2902146820297654,0.29,0.0013975907357865198,2.007812247966861e-06,2.4757976941520025e-05,13.58426999382061,-15.219582251095122,0.00033169856535258474,13.075781463473632,-14.601290626090826,0.0003236453026620861
17.84099999999882,0.0858212079602016,-1.0602540920189657e-06,6.9342066047889395e-06,1.9482457293586074e-07,3.816375493875322e-07,9.198002341623131e-09,0.2897245806236432,0.29021464269313973,0.29,0.0013971309196533115,2.0082517999478177e-06,2.4758050014309357e-05,13.58431224095398,-15.21963601808871,0.00033169956728948245,13.075737926971899,-14.601235575799778,0.00032364461496715613
17.860999999998846,0.08582118677744657,-1.0587145539056564e-06,6.9381038672183815e-06,1.9487774322919322e-07,3.818215522074582e-07,9.200950243856985e-09,0.28972472149960826,0.29021460330524806,0.29,0.0013966712753273212,2.0086899925186637e-06,2.4758123063855546e-05,13.58435447366889,-15.21968976649906,0.00033170056634631266,13.075694407028665,-14.601180546223127,0.00032364392868089806
17.88099999999887,0.08582116562544655,-1.057177483227242e-06,6.942002192839025e-06,1.9493089418269733e-07,3.820056137916607e-07,9.203885423205358e-09,0.2897248622571624,0.29021456386621575,0.29,0.0013962118027416668,2.009126848432668e-06,2.4758196090287067e-05,13.584396691974362,-15.219743496327535,0.0003317015626573483,13.075650903629882,-14.601125537354708,0.0003236432438693255
17.900999999998895,0.08582114450415373,-1.0556428131664747e-06,6.9459015808806535e-06,1.9498401070234755e-07,3.8218973389575e-07,9.20680768702998e-09,0.28972500289646286,0.29021452437617423,0.29,0.00139575250182945,2.0095623900495933e-06,2.4758269093628554e-05,13.584438895872204,-15.21979720758136,0.0003317025562905891,13.07560741677176,-14.60107054918527,0.0003236425605224273
17.92099999999892,0.08582112341351952,-1.0541105317067882e-06,6.949802030704888e-06,1.9503707500190184e-07,3.8237391227931346e-07,9.209719017585186e-09,0.28972514341766253,0.29021448483525025,0.29,0.00139529337252381,2.0099966393191353e-06,2.4758342073730133e-05,13.584481085364986,-15.219850900265211,0.000331703547193154,13.07556394644676,-14.601015581705077,0.00032364187853300356
17.940999999998944,0.0858211023534958,-1.0525806661368454e-06,6.953703541569267e-06,1.950901244273446e-07,3.825581486862648e-07,9.212616736482392e-09,0.2897252838209142,0.2902144452435709,0.29,0.0013948344147579202,2.0104296177470907e-06,2.475841503074053e-05,13.584523260460307,-15.219904574383241,0.00033170453571738175,13.07552049264467,-14.600960634907864,0.00032364119817850014
17.96099999999897,0.08582108132403354,-1.0510532722427307e-06,6.9576061123913235e-06,1.951431083734913e-07,3.827424429226046e-07,9.215505286009518e-09,0.2897254241063749,0.2902144056012662,0.29,0.0013943756284649513,2.0108613465261145e-06,2.475848796453673e-05,13.584565421156242,-15.21995822994257,0.00033170552152221334,13.075477055363486,-14.600905708782022,0.0003236405190504504
17.980999999998993,0.08582106032508499,-1.0495282711963905e-06,6.961509742303695e-06,1.951960476402012e-07,3.829267947819997e-07,9.218384096361994e-09,0.28972556427419505,0.29021436590846184,0.29,0.0013939170135781203,2.011291846433372e-06,2.4758560875166795e-05,13.584607567460806,-15.220011866946672,0.0003317065049064912,13.075433634591416,-14.60085080332071,0.0003236398413981988
18.000999999999017,0.08582103935660124,-1.0480056845293027e-06,6.965414429946359e-06,1.9524892094653913e-07,3.8311120409887995e-07,9.221253916464387e-09,0.2897257043245313,0.29021432616528736,0.29,0.0013934585700306188,2.0117211377485044e-06,2.4758633762734633e-05,13.58464969937734,-15.220065485400852,0.00033170748577752263,13.075390230322228,-14.600795918515438,0.0003236391650609008
18.02099999999904,0.08582101841853378,-1.0464855332086253e-06,6.969320174250726e-06,1.953017320929381e-07,3.83295670687551e-07,9.224115869834764e-09,0.28972584425753434,0.29021428637186797,0.29,0.001393000297755687,2.012149240478417e-06,2.4758706627113914e-05,13.584691816910567,-15.220119085309381,0.00033170846421542294,13.075346842547118,-14.600741054358021,0.0003236384900447462
18.040999999999066,0.08582099751083425,-1.0449678199004468e-06,6.973226973731872e-06,1.953544769941097e-07,3.8348019440127795e-07,9.226970241939901e-09,0.28972598407335964,0.290214246528333,0.29,0.0013925421966865781,2.012576174237218e-06,2.4758779468377365e-05,13.584733920058953,-15.220172666679455,0.0003317094402681432,13.075303471263107,-14.60068621083683,0.00032363781635305714
18.06099999999909,0.0858209766334542,-1.0434525007277782e-06,6.977134827022835e-06,1.9540714402603537e-07,3.836647751236131e-07,9.229818647375116e-09,0.2897261237721593,0.29021420663480835,0.29,0.0013920842667565427,2.01300195826773e-06,2.4758852286651236e-05,13.584776008833227,-15.220226229513468,0.0003317104139598354,13.075260116457388,-14.600631387947228,0.00032363714393718595
18.080999999999115,0.08582095578634494,-1.0419396296459103e-06,6.981043732687264e-06,1.9545973759642356e-07,3.8384941270873817e-07,9.232660361462173e-09,0.2897262633540839,0.29021416669141903,0.29,0.001391626507898895,2.0134266114656823e-06,2.475892508161351e-05,13.584818083232314,-15.220279773818664,0.0003317113853206026,13.075216778126837,-14.600576585677869,0.0003236364727818271
18.10099999999914,0.085820934969458,-1.040429173338424e-06,6.984953688990436e-06,1.9551225301808643e-07,3.8403410702789825e-07,9.235494949198658e-09,0.28972640281928885,0.2902141266982938,0.29,0.001391168920046959,2.013850152480969e-06,2.4758997853513464e-05,13.584860143261709,-15.220333299599071,0.0003317123544262765,13.075173456262224,-14.600521804020998,0.00032363580290277266
18.120999999999164,0.08582091418274507,-1.0389211253583273e-06,6.988864694301711e-06,1.9556467357732018e-07,3.842188579596016e-07,9.238324165178155e-09,0.289726542167925,0.2902140866555581,0.29,0.0013907115031340795,2.014272599361888e-06,2.4759070602274015e-05,13.584902188924392,-15.22038680686026,0.0003317133212141684,13.07513015085728,-14.600467042967674,0.00032363513417961454
18.140999999999188,0.08582089342615758,-1.0374155533556632e-06,6.992776746983509e-06,1.9561702031673414e-07,3.8440366536787126e-07,9.241146183975146e-09,0.2897266814001429,0.2902140465633364,0.29,0.0013902542570936483,2.0146939700627964e-06,2.4759143327920863e-05,13.584944220225792,-15.22044029560673,0.00033171428583306917,13.07508686190295,-14.600412302509977,0.00032363446671032793
18.160999999999213,0.08582087269964725,-1.0359123207858735e-06,6.996689845079063e-06,1.956692694482467e-07,3.845885291496995e-07,9.243962902234473e-09,0.28972682051609666,0.2902140064217564,0.29,0.001389797181859043,2.015114282048218e-06,2.475921603045615e-05,13.584986237168177,-15.220493765843988,0.00033171524829928614,13.075043589393722,-14.600357582639061,0.0003236338004435918
18.180999999999237,0.0858208520031656,-1.0344115325209923e-06,7.000603986777321e-06,1.9572141632759117e-07,3.8477344916730276e-07,9.24677246545859e-09,0.28972695951593663,0.2902139662309428,0.29,0.0013893402773637287,2.0155335526338976e-06,2.4759288709978323e-05,13.585028239756346,-15.220547217576721,0.0003317162085202788,13.075000333321,-14.600302883346293,0.00032363313525654206
18.20099999999926,0.08582083133666427,-1.032913217722882e-06,7.004519170197843e-06,1.9577348066502898e-07,3.849584252606629e-07,9.249574761114807e-09,0.28972709839981264,0.2902139259910196,0.29,0.001388883543541175,2.0159517985779807e-06,2.475936136623909e-05,13.585070227991809,-15.220600650810976,0.00033171716667327727,13.074957093679433,-14.600248204622115,0.0003236324712594505
18.220999999999286,0.08582081070009498,-1.0314172844420284e-06,7.008435393272838e-06,1.9582543505270248e-07,3.8514345731107567e-07,9.252370598979459e-09,0.28972723716787735,0.29021388570211337,0.29,0.0013884269803248596,2.0163690365282794e-06,2.4759433999437464e-05,13.585112201880836,-15.220654065550978,0.0003317181226905078,13.074913870460035,-14.600193546459298,0.0003236318083322879
18.24099999999931,0.08582079009340957,-1.029923729631216e-06,7.012352653934517e-06,1.958772784871349e-07,3.853285451609687e-07,9.255158679765149e-09,0.289727375820281,0.2902138453643484,0.29,0.0013879705876483146,2.0167852827855236e-06,2.4759506609547767e-05,13.58515416142674,-15.220707461801844,0.0003317190766100959,13.074870663655634,-14.600138908849013,0.00032363114646569445
18.260999999999335,0.08582076951656012,-1.028432625840918e-06,7.016270950177539e-06,1.9592903288540223e-07,3.855136886355225e-07,9.257937885775184e-09,0.28972751435717264,0.290213804977848,0.29,0.0013875143654451172,2.0172005532870816e-06,2.4759579196497222e-05,13.58519610663208,-15.22076083956925,0.00033172002857459004,13.074827473259875,-14.600084291781982,0.00032363048576799624
18.28099999999936,0.0858207489694984,-1.0269438833203086e-06,7.020190279663496e-06,1.9598066125485488e-07,3.856988875868187e-07,9.260708604153397e-09,0.289727652778705,0.2902137645427386,0.29,0.0013870583136488628,2.0176148637670614e-06,2.4759651760510618e-05,13.585238037502881,-15.22081419885765,0.00033172097844344576,13.074784299264342,-14.60002969525101,0.00032362982602927485
18.300999999999384,0.08582072845217668,-1.0254575501995022e-06,7.024110640387049e-06,1.9603219512634673e-07,3.8588414181807855e-07,9.26347098181356e-09,0.2897277910850247,0.29021372405914153,0.29,0.0013866024321931923,2.0180282294216685e-06,2.4759724301264756e-05,13.585279954040175,-15.220867539673288,0.00033172192644234465,13.074741141663752,-14.599975119246016,0.00032362916744665206
18.320999999999408,0.08582070796454655,-1.02397361489458e-06,7.028032029995912e-06,1.9608361095577995e-07,3.860694511921715e-07,9.266225499362453e-09,0.28972792927628344,0.290213683527182,0.29,0.0013861467210117412,2.018440665519337e-06,2.4759796819030257e-05,13.585321856250053,-15.220920862020119,0.0003317228724566143,13.074698000448967,-14.599920563759747,0.00032362850983811065
18.340999999999433,0.0858206875065603,-1.022492075710805e-06,7.03195444607535e-06,1.961349029558258e-07,3.862548155120661e-07,9.268970002312571e-09,0.2897280673526313,0.2902136429469846,0.29,0.0013856911800382138,2.018852186865278e-06,2.4759869313634876e-05,13.585363744134698,-15.22097416590339,0.0003317238164825822,13.074654875613263,-14.59986602878247,0.0003236278531660896
18.360999999999457,0.08582066707817007,-1.0210129365473766e-06,7.03587788645349e-06,1.9618607835855614e-07,3.864402345983247e-07,9.271705800001665e-09,0.28972820531421595,0.2902136023186711,0.29,0.0013852358092063487,2.01926280785269e-06,2.4759941785181448e-05,13.585405617698985,-15.221027451329144,0.00033172475860047474,13.07461176715008,-14.599811514306486,0.00032362719747993334
18.38099999999948,0.08582064667932743,-1.0195363575954936e-06,7.039802348771107e-06,1.9623714549202255e-07,3.8662570826556607e-07,9.274432899373124e-09,0.2897283431611863,0.290213561642364,0.29,0.0013847806084499022,2.0196725429760874e-06,2.476001423356379e-05,13.585447476943092,-15.221080718303282,0.00033172569877372676,13.074568675055001,-14.599757020321707,0.00032362654267481007
18.400999999999506,0.08582062630998698,-1.0180618091115431e-06,7.043727830412239e-06,1.9628808364382538e-07,3.8681123632889637e-07,9.27714990563466e-09,0.289728480893692,0.29021352091818825,0.29,0.001384325577702659,2.020081406110997e-06,2.4760086659014373e-05,13.585489321880459,-15.221133966826258,0.00033172663738062117,13.074525599310517,-14.599702546823764,0.00032362588909706167
18.42099999999953,0.08582060597009827,-1.0165898189569052e-06,7.047654329080111e-06,1.963388904503105e-07,3.8699681863271313e-07,9.279859817224226e-09,0.28972861851188153,0.2902134801462657,0.29,0.0013838707168984234,2.0204894110479605e-06,2.4760159061353268e-05,13.585531152504293,-15.221187196908469,0.0003317275739374721,13.074482539920835,-14.59964809379936,0.0003236252362181355
18.440999999999555,0.08582058565961456,-1.0151202592147874e-06,7.0515818422906e-06,1.9638958856488028e-07,3.8718245499253384e-07,9.28256013611543e-09,0.2897287560159019,0.2902134393267177,0.29,0.0013834160259710044,2.0208965711971155e-06,2.4760231440583685e-05,13.585572968823818,-15.22124040855248,0.0003317285087663972,13.074439496872987,-14.599593661242475,0.0003236245843276111
18.46099999999958,0.0858205653784885,-1.0136530100985008e-06,7.055510367420803e-06,1.964401520853038e-07,3.873681452466585e-07,9.285252317381455e-09,0.2897288934059032,0.2902133984596683,0.29,0.0013829615048542567,2.0213028999149625e-06,2.4760303796728076e-05,13.585614770839666,-15.221293601764827,0.00033172944182581325,13.07439647016302,-14.599539249143225,0.0003236239333358693
18.480999999999604,0.08582054512667164,-1.0121883203045604e-06,7.059439902014353e-06,1.964905895604486e-07,3.8755388923440633e-07,9.287936969643315e-09,0.28972903068203165,0.2902133575452379,0.29,0.0013825071534820856,2.0217084101379748e-06,2.4760376129591825e-05,13.585656558556009,-15.22134677654876,0.0003317303729757818,13.07435345978116,-14.599484857492508,0.000323623283062159
18.500999999999628,0.08582052490411879,-1.0107256863179966e-06,7.0633704433442634e-06,1.9654089345629643e-07,3.877396867858225e-07,9.290612679751218e-09,0.2897291678444357,0.29021331658355015,0.29,0.0013820529717884012,2.0221131145988527e-06,2.4760448439740704e-05,13.585698331979986,-15.221399932912405,0.0003317313026655685,13.074310465722498,-14.599430486284906,0.00032362263392826245
18.520999999999653,0.08582050471078012,-1.0092655728674681e-06,7.067301988912533e-06,1.9659106720209824e-07,3.8792553775444104e-07,9.293281446870816e-09,0.2897293048932631,0.29021327557472576,0.29,0.0013815989597071364,2.02251702589457e-06,2.476052072683474e-05,13.5857400911153,-15.221453070857173,0.00033173223051942977,13.074267487975588,-14.599376135510873,0.0003236219855002974
18.540999999999677,0.0858204845466087,-1.0078079028965983e-06,7.0712345361448325e-06,1.966411113287616e-07,3.8811144198366316e-07,9.295943378195507e-09,0.289729441828659,0.2902132345188847,0.29,0.0013811451171722516,2.022920156199268e-06,2.4760592990767767e-05,13.58578183596226,-15.221506190390087,0.0003317331566303978,13.074224526536947,-14.599321805160345,0.00032362133784412454
18.5609999999997,0.08582046441155777,-1.0063525219241712e-06,7.075168082203154e-06,1.9669102103902198e-07,3.8829739931435133e-07,9.29859521820329e-09,0.2897295786507732,0.2902131934161509,0.29,0.001380691444117729,2.0233225176905525e-06,2.476066523156879e-05,13.585823566525203,-15.221559291516595,0.00033173408114111757,13.074181581399005,-14.599267495224751,0.00032362069107273034
18.580999999999726,0.08582044430557947,-1.004899546026463e-06,7.079102624485412e-06,1.9674078761407964e-07,3.884834095940669e-07,9.301240585729772e-09,0.28972971535975106,0.29021315226664407,0.29,0.0013802379404775872,2.023724122165423e-06,2.4760737449362996e-05,13.585865282808118,-15.221612374241735,0.0003317350039044126,13.074138652555213,-14.599213205696232,0.0003236200449910103
18.60099999999975,0.08582042422862698,-1.003448915282322e-06,7.083038160375643e-06,1.9679043278166515e-07,3.8866947266816457e-07,9.303878683980745e-09,0.28972985195573747,0.29021311107048325,0.29,0.0013797846061858968,2.024124981190873e-06,2.4760809644171704e-05,13.58590698481752,-15.221665438569712,0.00033173592515914986,13.074095739995599,-14.59915893656757,0.00032361939981070676
18.620999999999775,0.08582040418065301,-1.0020006214772179e-06,7.086974686966452e-06,1.9683993295080126e-07,3.8885558837607494e-07,9.30650751049846e-09,0.28972998843888154,0.2902130698277917,0.29,0.0013793314411767307,2.0245251062486762e-06,2.4760881815872953e-05,13.585948672553863,-15.221718484506127,0.0003317368447654853,13.074052843715071,-14.599104687828245,0.00032361875535587774
18.6409999999998,0.08582038416161046,-1.0005546783752624e-06,7.090912201579425e-06,1.968892813322304e-07,3.8904175655969556e-07,9.309129513294274e-09,0.2897301248093278,0.2902130285386888,0.29,0.001378878445384171,2.0249245084087733e-06,2.476095396451593e-05,13.585990346022717,-15.221771512055396,0.0003317377626885323,13.074009963705175,-14.599050459470897,0.0003236181115412162
18.660999999999824,0.08582036417145249,-9.991111285736035e-07,7.094850701577782e-06,1.969385253114807e-07,3.892279770812753e-07,9.311744895909164e-09,0.2897302610672211,0.2902129872032927,0.29,0.0013784256187423464,2.025323198784937e-06,2.4761026090128568e-05,13.586032005225862,-15.22182452122608,0.0003317386792678346,13.073967099963403,-14.598996251486616,0.00032361746869388904
18.680999999999848,0.08582034421013171,-9.976698881643056e-07,7.098790183963921e-06,1.969876084595984e-07,3.894142498042123e-07,9.314351874407377e-09,0.2897303972127096,0.29021294582172635,0.29,0.0013779729611854302,2.0257211881338076e-06,2.4761098192756727e-05,13.586073650169826,-15.221877512018628,0.00033173959417225117,13.07392425247597,-14.598942063867327,0.0003236168264397197
18.700999999999873,0.08582032427760117,-9.96231061650798e-07,7.102730646108002e-06,1.9703655628869765e-07,3.8960057454434277e-07,9.316951539408186e-09,0.28973053324593545,0.2902129043941068,0.29,0.001377520472647613,2.02611848698101e-06,2.4761170272304197e-05,13.586115280855777,-15.221930484441891,0.0003317405075132884,13.073881421241321,-14.598887896603891,0.0003236161848596174
18.720999999999897,0.0858203043738148,-9.947944667507418e-07,7.1066720850540555e-06,1.9708536051846797e-07,3.897869511531648e-07,9.319542767422246e-09,0.28973066916704665,0.29021286292055554,0.29,0.0013770681530630986,2.026515105710983e-06,2.4761242328843633e-05,13.58615689729025,-15.221983438497507,0.00033174141942956544,13.073838606246705,-14.598833749688707,0.0003236155440668219
18.74099999999992,0.08582028449872481,-9.933602676571522e-07,7.110614498012646e-06,1.9713401834992144e-07,3.899733795041415e-07,9.322127126647253e-09,0.2897308049761871,0.2902128214011911,0.29,0.0013766160023661292,2.026911054563717e-06,2.4761314362401916e-05,13.58619849947534,-15.222036374193273,0.00033174232976346675,13.07379580748939,-14.598779623113,0.00032361490386059407
18.760999999999946,0.085820264652285,-9.919284314848182e-07,7.114557882229033e-06,1.9718254226426584e-07,3.901598594001637e-07,9.324702717137823e-09,0.2897309406734999,0.2902127798361309,0.29,0.0013761640204909937,2.0273063435378247e-06,2.4761386372877227e-05,13.586240087415721,-15.222089291531868,0.00033174323865584217,13.073753024958375,-14.598725516868068,0.00032361426435155677
18.78099999999997,0.08582024483444892,-9.904988755338128e-07,7.118502234705615e-06,1.972309188256003e-07,3.903463907088652e-07,9.32727078057845e-09,0.28973107625913186,0.2902127382254963,0.29,0.0013757122073719814,2.0277009824081916e-06,2.476145836039924e-05,13.586281661112476,-15.222142190523627,0.0003317441461046195,13.073710258654495,-14.598671430945329,0.0003236136255248445
18.800999999999995,0.08582022504516959,-9.890716608897345e-07,7.122447552611322e-06,1.9727914432057213e-07,3.905329732711182e-07,9.329831480566324e-09,0.28973121173322625,0.2902126965694045,0.29,0.00137526056294342,2.028094980807687e-06,2.476153032484046e-05,13.586323220570918,-15.222195071169248,0.00033174505204483425,13.073667508564556,-14.598617365336171,0.00032361298726198937
18.82100000000002,0.08582020528440093,-9.876467765458335e-07,7.126393833156719e-06,1.973272392798224e-07,3.9071960689979965e-07,9.332382704324538e-09,0.28973134709592546,0.2902126548679726,0.29,0.001374809087139706,2.0284883482561667e-06,2.4761602266247947e-05,13.586364765796484,-15.222247933473874,0.000331745956649473,13.0736247746801,-14.598563320032762,0.000323612349724922
18.841000000000044,0.08582018555209632,-9.862242053495442e-07,7.130341073302571e-06,1.9737518350857598e-07,3.90906291451151e-07,9.33492650274642e-09,0.2897314823473758,0.29021261312132124,0.29,0.001374357779895207,2.028881093974364e-06,2.4761674184675242e-05,13.586406296791155,-15.222300777444161,0.00033174685981024926,13.073582056997221,-14.598509295026258,0.00032361171277295856
18.861000000000068,0.08582016584820931,-9.848039371993376e-07,7.1342892702108696e-06,1.9742297136778844e-07,3.9109302678035383e-07,9.337463930033818e-09,0.28973161748771975,0.2902125713295671,0.29,0.0013739066411443453,2.0292732270879688e-06,2.4761746080073145e-05,13.586447813558735,-15.22235360308465,0.0003317477615053513,13.073539355507968,-14.59845529030794,0.0003236110763545495
18.881000000000093,0.08582014617269368,-9.833860205878102e-07,7.138238421022791e-06,1.9747063179071197e-07,3.912798127093387e-07,9.3399907693994e-09,0.289731752517099,0.2902125294928267,0.29,0.001373455670821569,2.029664756538537e-06,2.4761817952490867e-05,13.586489316104863,-15.222406410400541,0.0003317486619190476,13.073496670204612,-14.598401305870775,0.000323610440619904
18.901000000000117,0.08582012652550301,-9.81970423465283e-07,7.142188522692161e-06,1.9751813740273807e-07,3.9146664907737277e-07,9.342510576851194e-09,0.28973188743565975,0.29021248761122004,0.29,0.0013730048688613391,2.0300556911077766e-06,2.4761889801903748e-05,13.586530804430652,-15.222459199396916,0.0003317495609017664,13.07345400108113,-14.598347341704585,0.0003236098053982257
18.92100000000014,0.08582010690659153,-9.805571207918804e-07,7.146139572436483e-06,1.9756549936278442e-07,3.916535357472561e-07,9.345023812579786e-09,0.28973202224354166,0.290212445684862,0.29,0.0013725542351981674,2.0304460394144205e-06,2.476196162836105e-05,13.586572278543407,-15.222511970077932,0.0003317504585610688,13.073411348127273,-14.59829339780236,0.0003236091707813809
18.941000000000166,0.08582008731591301,-9.791460903830499e-07,7.15009156716101e-06,1.9761271217697086e-07,3.9184047255767766e-07,9.34752801098365e-09,0.2897321569408901,0.2902124037138717,0.29,0.001372103769766571,2.0308358099138425e-06,2.4762033431737465e-05,13.586613738441068,-15.222564722452454,0.00033175135490588173,13.073368711343774,-14.598239474153917,0.00032360853673174604
18.96100000000019,0.08582006775342137,-9.777373666897406e-07,7.1540445039652845e-06,1.976597710184276e-07,3.92027459342643e-07,9.350024964579578e-09,0.28973229152784646,0.29021236169836495,0.29,0.0013716534725011164,2.03122501086483e-06,2.476210521216045e-05,13.586655184131798,-15.22261745652176,0.0003317522498687036,13.073326090716268,-14.598185570751742,0.00032360790317561406
18.981000000000215,0.0858200482190705,-9.763309794830319e-07,7.157998380032116e-06,1.9770669490748454e-07,3.9221449595528925e-07,9.352514376036153e-09,0.2897324260045512,0.2902123196384574,0.29,0.0013712033433363928,2.031613650435583e-06,2.476217696968031e-05,13.5866966156229,-15.222670172291771,0.0003317531435799204,13.07328348623778,-14.59813168759035,0.0003236072702068814
19.00100000000024,0.08582002871281483,-9.749268257869709e-07,7.161953192169612e-06,1.97753459089217e-07,3.924015822349165e-07,9.35499498484251e-09,0.28973256037114936,0.29021227753426765,0.29,0.0013707533822070119,2.032001736656709e-06,2.4762248704169568e-05,13.586738032907746,-15.222722869769711,0.0003317540359685709,13.073240897907777,-14.598077824655219,0.0003236066377289794
19.021000000000264,0.08582000923460842,-9.735249823057184e-07,7.1659089375467055e-06,1.9780007630441165e-07,3.9258871800812644e-07,9.357467880919647e-09,0.2897326946277809,0.2902122353859106,0.29,0.001370303589047612,2.0323892772838206e-06,2.476232041555663e-05,13.586779435996462,-15.222775548958989,0.00033175492706194015,13.073198325714207,-14.59802398194116,0.00032360600575938797
19.041000000000288,0.08581998978440548,-9.72125469368056e-07,7.16986561324906e-06,1.9784655336291916e-07,3.9277590312291185e-07,9.359933182771232e-09,0.2897328287745862,0.29021219319350156,0.29,0.0013698539637928757,2.0327762800825618e-06,2.4762392104137788e-05,13.58682082489603,-15.22282820986427,0.00033175581691155943,13.07315576964862,-14.59797015944205,0.0003236053743062853
19.061000000000313,0.08581997036216045,-9.707281905941943e-07,7.173823216133357e-06,1.9789287423195418e-07,3.929631374346727e-07,9.362390395961555e-09,0.28973296281170946,0.2902121509571584,0.29,0.0013694045063774956,2.0331627526025033e-06,2.4762463769642465e-05,13.586862199604973,-15.222880852491391,0.00033175670549567945,13.073113229706669,-14.597916357146149,0.00032360474334126215
19.081000000000337,0.0858199509678277,-9.69333205330556e-07,7.177781743326894e-06,1.9793904456912987e-07,3.931504207925888e-07,9.364841031361991e-09,0.28973309673929004,0.2902121086769956,0.29,0.001368955216736191,2.0335487022370006e-06,2.4762535412217123e-05,13.586903560127968,-15.222933476846542,0.0003317575928196107,13.073070705882447,-14.597862575046081,0.00032360411283253337
19.10100000000036,0.08581993160136102,-9.679406286613842e-07,7.181741191929214e-06,1.979850739303292e-07,3.9333775303435153e-07,9.367283400581076e-09,0.28973323055746814,0.29021206635312746,0.29,0.0013685060948037129,2.0339341362865947e-06,2.4762607031838222e-05,13.586944906472482,-15.222986082932211,0.0003317584788396952,13.073028198163696,-14.59780881313462,0.0003236034827296815
19.121000000000386,0.08581991226271671,-9.6655006337011e-07,7.185701558755364e-06,1.9803094655845393e-07,3.9352513404027243e-07,9.369719447671994e-09,0.28973336426638663,0.29021202398567086,0.29,0.0013680571405148309,2.0343190618971936e-06,2.4762678628433106e-05,13.586986238635621,-15.223038670756438,0.00033175936384380756,13.072985706550453,-14.597755071400925,0.00032360285328221256
19.14100000000041,0.08581989295184758,-9.65161899520953e-07,7.189662840918765e-06,1.9807667312041506e-07,3.937125636392011e-07,9.372146628308031e-09,0.28973349786618446,0.2902119815747408,0.29,0.001367608353804348,2.034703486030539e-06,2.4762750202049816e-05,13.587027556625996,-15.22309124032308,0.00033176024753816033,13.072943231031314,-14.597701349838214,0.000323602224188812
19.161000000000435,0.08581987366870915,-9.637759844368612e-07,7.193625035407936e-06,1.9812223338858113e-07,3.9390004168338003e-07,9.374567451183952e-09,0.28973363135700214,0.29021193912045123,0.29,0.0013671597346071153,2.035087415634798e-06,2.47628217528393e-05,13.587068860446717,-15.223143791637625,0.0003317611299273939,13.072900771600395,-14.59764764843813,0.0003236015954287488
19.18100000000046,0.08581985441325574,-9.623923759861885e-07,7.197588139329358e-06,1.9816767497003922e-07,3.940875680111356e-07,9.37697925209866e-09,0.28973376473897805,0.29021189662291536,0.29,0.0013667112828579953,2.0354708574527297e-06,2.4762893280525322e-05,13.587110150100854,-15.223196324704826,0.0003317620113273012,13.072858328250499,-14.597593967192383,0.000323600967281148
19.201000000000484,0.08581983518544281,-9.610109470069878e-07,7.201552149546653e-06,1.982129540767165e-07,3.942751424765185e-07,9.379383768945976e-09,0.28973389801225474,0.29021185408225025,0.29,0.0013662629984918825,2.0358538180704116e-06,2.4762964785334893e-05,13.587151425592333,-15.223248839530342,0.00033176289153004265,13.072815900974739,-14.597540306091826,0.0003236003395557969
19.221000000000508,0.08581981598522437,-9.59631842764449e-07,7.205517063048339e-06,1.982580661213384e-07,3.9446276493954284e-07,9.381782002875085e-09,0.28973403117697083,0.2902118114985691,0.29,0.0013658148814436788,2.0362363040405937e-06,2.476303626721767e-05,13.587192686924304,-15.223301336119114,0.0003317637703801647,13.072773489766814,-14.597486665128265,0.00032359971203941207
19.241000000000533,0.08581979681255639,-9.582549429821614e-07,7.209482877010287e-06,1.983030543576155e-07,3.946504352264557e-07,9.384170899051526e-09,0.28973416423326387,0.29021176887198447,0.29,0.0013653669316483308,2.036618321743403e-06,2.476310772612332e-05,13.587233934103443,-15.223353814475818,0.00033176464832112207,13.0727310946172,-14.597433044294794,0.00032359908517458867
19.261000000000557,0.0858197776673931,-9.56880322187246e-07,7.213449588198972e-06,1.9834787758459774e-07,3.948381532049465e-07,9.386553037504832e-09,0.28973429718127564,0.2902117262026119,0.29,0.0013649191490408164,2.0369998774073377e-06,2.476317916202727e-05,13.58727516712794,-15.223406274607465,0.0003317655249826083,13.072688715524137,-14.597379443580275,0.00032359845856475727
19.28100000000058,0.08581975854969008,-9.555078944924443e-07,7.217417193748632e-06,1.9839254858142565e-07,3.950259187074127e-07,9.388926802159228e-09,0.28973443002114385,0.2902116834905644,0.29,0.001364471533556159,2.037380977227733e-06,2.4763250575131757e-05,13.587316386007842,-15.223458716516362,0.00033176640054462204,13.072646352474127,-14.597325862979233,0.0003235978323760599
19.301000000000606,0.08581973945940233,-9.541377820852356e-07,7.221385690703297e-06,1.9843708041575002e-07,3.952137315739251e-07,9.39129368915973e-09,0.28973456275300574,0.29021164073595357,0.29,0.0013640240851294026,2.0377616272758075e-06,2.4763321965282607e-05,13.587357590743025,-15.223511140210865,0.0003317672749979503,13.072604005465887,-14.597272302481885,0.00032359720658238646
19.32100000000063,0.08581972039648511,-9.527698854100326e-07,7.225355075898832e-06,1.984814554232811e-07,3.9540159164783653e-07,9.393651960362443e-09,0.28973469537700275,0.2902115979388956,0.29,0.0013635768036956008,2.038141833409079e-06,2.476339333235788e-05,13.587398781336764,-15.223563545693692,0.0003317681483215114,13.07256167448956,-14.597218762078958,0.00032359658113154555
19.341000000000655,0.08581970136089392,-9.514041679972559e-07,7.229325346407023e-06,1.985256732284957e-07,3.9558949881186953e-07,9.396003744356228e-09,0.2897348278932714,0.29021155509950164,0.29,0.001363129689189812,2.0385216014453563e-06,2.4763464676583375e-05,13.587439957795919,-15.223615932969771,0.00033176902053958093,13.072519359536596,-14.597165241763747,0.00032359595604480347
19.36100000000068,0.08581968235258373,-9.500407577475363e-07,7.233296499327413e-06,1.9856975432683774e-07,3.957774528866398e-07,9.398347782806688e-09,0.28973496030194873,0.2902115122178833,0.29,0.0013626827415471549,2.038900937157117e-06,2.4763535997831693e-05,13.587481120122508,-15.223668302045686,0.0003317698916944528,13.072477060602642,-14.597111741527522,0.00032359533134022396
19.381000000000704,0.08581966337151052,-9.486794968293525e-07,7.2372685314819885e-06,1.986136780564052e-07,3.9596545373328366e-07,9.400684007199464e-09,0.2897350926031749,0.29021146929415537,0.29,0.001362235960702784,2.0392798461183225e-06,2.476360729625593e-05,13.587522268320305,-15.223720652927085,0.0003317707617892525,13.072434777681282,-14.597058261361788,0.00032359470700869716
19.401000000000728,0.08581964441762939,-9.473205013403491e-07,7.2412414399217195e-06,1.9865744718272357e-07,3.961535012026723e-07,9.403012784293459e-09,0.28973522479708674,0.2902114263284294,0.29,0.0013617893465918695,2.039658333856335e-06,2.4763678571753285e-05,13.587563402392393,-15.223772985618439,0.00033177163074155644,13.07239251076497,-14.597004801257702,0.0003235940829450489
19.421000000000753,0.0858196254908962,-9.459637571999088e-07,7.245215221753087e-06,1.9870107449583046e-07,3.9634159513330555e-07,9.405334274035098e-09,0.2897353568838197,0.2902113833208157,0.29,0.0013613428991496065,2.0400364056741707e-06,2.476374982427666e-05,13.58760452234519,-15.223825300124004,0.00033177249866342564,13.072350259844702,-14.596951361208532,0.0003235934592429761
19.441000000000777,0.0858196065912669,-9.446091393973456e-07,7.249189873798079e-06,1.9874454907080793e-07,3.9652973538044454e-07,9.407648243492397e-09,0.28973548886351397,0.29021134027142875,0.29,0.0013608966183112177,2.040414066979249e-06,2.476382105390104e-05,13.587645628178365,-15.223877596451,0.0003317733656033759,13.072308024917612,-14.59689794120381,0.0003235928359386399
19.4610000000008,0.0858195877186967,-9.432567936796188e-07,7.253165393135419e-06,1.9878787042914744e-07,3.967179218014116e-07,9.409954434416256e-09,0.2897356207363049,0.29021129718037914,0.29,0.0013604505040119741,2.0407913229476317e-06,2.4763892260701305e-05,13.587686719900564,-15.22392987460168,0.00033177423141831345,13.072265805971128,-14.59684454123729,0.0003235922128711288
19.481000000000826,0.08581956887314166,-9.419066607501841e-07,7.2571417767466895e-06,1.9883102864011154e-07,3.9690615423915514e-07,9.412253895497696e-09,0.28973575250232964,0.2902112540477784,0.29,0.0013600045561871507,2.0411681786806647e-06,2.476396344445046e-05,13.587727797510487,-15.223982134583832,0.0003317750960900396,13.072223603003629,-14.596791161298178,0.000323591590017886
19.50100000000085,0.08581955005455788,-9.40558699212095e-07,7.2611190217383714e-06,1.9887406735472598e-07,3.970944325383336e-07,9.414544554634594e-09,0.2897358841617232,0.290211210873736,0.29,0.0013595587747720656,2.041544639162274e-06,2.4764034605424685e-05,13.587768861015999,-15.224034376401935,0.00033177595999720356,13.072181416005701,-14.596737801381032,0.00032359096772626643
19.521000000000875,0.08581953126290141,-9.39212888310478e-07,7.2650971249255125e-06,1.9891693822005397e-07,3.9728275653992777e-07,9.41682738748069e-09,0.28973601571462454,0.29021116765836624,0.29,0.0013591131597020458,2.041920709311031e-06,2.47641057434752e-05,13.58780991041813,-15.224086600061572,0.00033177682279944017,13.07213924497217,-14.596684461475558,0.00032359034565236216
19.5410000000009,0.08581951249812764,-9.378693459667112e-07,7.269076083490922e-06,1.9895966457434565e-07,3.9747112610447694e-07,9.419103620335524e-09,0.28973614716116797,0.29021112440177793,0.29,0.0013586677109124667,2.0422963940109896e-06,2.4764176858602076e-05,13.58785094572299,-15.224138805565705,0.0003317776845659327,13.072097089892289,-14.596631141574353,0.00032358972384118317
19.561000000000924,0.0858194937601932,-9.365280453803534e-07,7.273055894277403e-06,1.9900223758597603e-07,3.976595410813066e-07,9.421372419665769e-09,0.28973627850148986,0.2902110811040821,0.29,0.0013582224283387211,2.0426716979811497e-06,2.476424795085552e-05,13.587891966932018,-15.224190992922672,0.0003317785452659178,13.072054950764091,-14.596577841668461,0.0003235891022443775
19.581000000000948,0.08581947504905418,-9.351888568220654e-07,7.2770365543706195e-06,1.9904465980796384e-07,3.9784800134439294e-07,9.423634248791144e-09,0.2897364097357267,0.29021103776538987,0.29,0.001357777311916221,2.043046625843493e-06,2.4764319020235578e-05,13.58793297404988,-15.2242431621355,0.0003317794050317246,13.072012827577598,-14.596524561749678,0.0003235884809985285
19.601000000000973,0.08581945636466667,-9.338518815919445e-07,7.281018060759092e-06,1.9908692835065215e-07,3.980365067234548e-07,9.425888247326059e-09,0.28973654086401324,0.29021099438581116,0.29,0.0013573323615804198,2.0434211822151423e-06,2.4764390066666198e-05,13.587973967081435,-15.224295313209794,0.0003317802637544367,13.071970720326092,-14.596471301810455,0.0003235878599669116
19.621000000000997,0.08581943770698754,-9.325170554470444e-07,7.285000410542364e-06,1.9912905991748442e-07,3.982250570730844e-07,9.428134973040553e-09,0.28973667188648355,0.2902109509654548,0.29,0.0013568875772667886,2.043795371470494e-06,2.4764461090250198e-05,13.58801494602871,-15.224347446151612,0.0003317811216306029,13.071928629004342,-14.596418061841776,0.0003235872393253372
19.64100000000102,0.08581941907597246,-9.311844507788725e-07,7.288983600563237e-06,1.9917103622643605e-07,3.9841365224818525e-07,9.430373964788611e-09,0.2897368028032751,0.29021090750443285,0.29,0.001356442958910834,2.0441691981316134e-06,2.4764532090984265e-05,13.588055910897278,-15.224399560965384,0.00033178197844688413,13.07188655360387,-14.596364841836035,0.00032358661887146314
19.661000000001046,0.08581940047157835,-9.2985401813511e-07,7.292967627935132e-06,1.9921286064075834e-07,3.9860229211814705e-07,9.432606666249962e-09,0.2897369336145218,0.290210864002854,0.29,0.0013559985064480714,2.0445426664850725e-06,2.476460306879785e-05,13.588096861688967,-15.224451657656035,0.00033178283429470724,13.07184449411848,-14.596311641784027,0.0003235859986550468
19.68100000000107,0.08581938189376165,-9.285257157387297e-07,7.296952489743713e-06,1.9925454013713659e-07,3.9879097652613137e-07,9.434831715654548e-09,0.28973706432035723,0.29021082046082664,0.29,0.001355554219814075,2.0449157807271034e-06,2.4764674023737986e-05,13.58813779840673,-15.224503736230048,0.00033178368924664494,13.071802450542553,-14.596258461676742,0.00032358537875664853
19.701000000001095,0.08581936334247892,-9.271996482521536e-07,7.300938182838723e-06,1.99296067635171e-07,3.9897970531097246e-07,9.43704827886138e-09,0.28973719492091693,0.29021077687846136,0.29,0.001355110098944433,2.045288545044595e-06,2.4764744955852717e-05,13.58817872106154,-15.224555796689977,0.0003317845431700104,13.071760422864283,-14.596205301510656,0.00032358475901825376
19.72100000000112,0.08581934481768706,-9.258756710421097e-07,7.30492470434746e-06,1.9933744554333503e-07,3.9916847833894397e-07,9.439258318103952e-09,0.28973732541633535,0.29021073325586727,0.29,0.0013546661437747586,2.045660963552606e-06,2.4764815865099504e-05,13.588219629648693,-15.22460783904399,0.0003317853962129858,13.071718411082799,-14.596152161272048,0.0003235841395913159
19.741000000001144,0.0858193263193423,-9.245539212926355e-07,7.308912051258443e-06,1.9937866061308362e-07,3.993572954573664e-07,9.44146113729629e-09,0.2897374558067464,0.2902106895931531,0.29,0.0013542223542406882,2.0460330402112076e-06,2.4764886751520895e-05,13.588260524175503,-15.224659863295336,0.0003317862481587772,13.071676415188087,-14.596099040954888,0.000323583520219719
19.761000000001168,0.08581930784740222,-9.232342882509603e-07,7.312900220712848e-06,1.9941975785157367e-07,3.9954615651877044e-07,9.443656401212691e-09,0.289737586092282,0.29021064589042594,0.29,0.0013537787302778975,2.04640477894669e-06,2.4764957615022834e-05,13.588301404645879,-15.224711869450203,0.0003317870994443531,13.071634435173827,-14.59604594055107,0.0003235829013536765
19.781000000001193,0.08581928940182315,-9.219168261646121e-07,7.316889209532662e-06,1.9946068818823022e-07,3.997350613652791e-07,9.445843097678263e-09,0.2897377162730787,0.2902106021477968,0.29,0.0013533352718220952,2.0467761837183086e-06,2.476502845570048e-05,13.588342271062494,-15.224763857513484,0.00033178794965234987,13.071592471033762,-14.595992860051613,0.00032358228255642356
19.801000000001217,0.08581927098256249,-9.206014531767079e-07,7.3208790148729386e-06,1.9950146434329988e-07,3.9992400986260965e-07,9.448024007568172e-09,0.28973784634926814,0.2902105583653727,0.29,0.0013528919788090127,2.0471472582390483e-06,2.476509927358281e-05,13.58838312342988,-15.224815827491023,0.00033178879895939584,13.071550522761438,-14.59593979944887,0.00032358166399037313
19.82100000000124,0.08581925258957707,-9.192882956557572e-07,7.324869633819342e-06,1.995421097945153e-07,4.001130018387474e-07,9.450195788887009e-09,0.28973797632098275,0.2902105145432606,0.29,0.0013524488511743899,2.0475180061518054e-06,2.4765170068420495e-05,13.588423961750086,-15.224867779386848,0.00033178964742716817,13.071508590349262,-14.59588675873351,0.0003235810457025511
19.841000000001266,0.08581923422282373,-9.179773105021882e-07,7.328861063277126e-06,1.9958259920269869e-07,4.003020371658613e-07,9.452360775947143e-09,0.289738106188358,0.29021047068157096,0.29,0.001352005888854013,2.047888431277891e-06,2.4765240840585818e-05,13.58846478603054,-15.224919713206274,0.00033179049491073023,13.07146667378917,-14.595833737899317,0.00032358042754082866
19.86100000000129,0.08581921588226007,-9.166684215745713e-07,7.33285330035971e-06,1.9962293498791683e-07,4.0049111571063934e-07,9.454519943955966e-09,0.28973823595152526,0.2902104267804097,0.29,0.0013515630917836988,2.0482585371360913e-06,2.4765311589828406e-05,13.588505596271892,-15.224971628955132,0.0003317913414934916,13.071424773076227,-14.595780736936263,0.0003235798095838927
19.881000000001315,0.08581919756784187,-9.15361931692829e-07,7.336846342194392e-06,1.9966313179439192e-07,4.0068023731801537e-07,9.45667199048759e-09,0.28973836561061617,0.2902103828398842,0.29,0.0013511204598992707,2.0486283272021712e-06,2.4765382316150324e-05,13.588546392477047,-15.225023526638573,0.00033179218700430746,13.071382888204182,-14.595727755835798,0.0003235791916332669
19.90100000000134,0.08581917927953032,-9.140570631416133e-07,7.340840185672548e-06,1.9970317886681681e-07,4.008694018513796e-07,9.458815870669742e-09,0.2897384951657648,0.29021033886010283,0.29,0.0013506779931365786,2.048997804984199e-06,2.4765453020004482e-05,13.588587174656091,-15.225075406261944,0.0003317930320995355,13.071341019163468,-14.595674794593506,0.00032357857435886086
19.921000000001364,0.08581916101727892,-9.127545649849991e-07,7.344834827900659e-06,1.9974307468049483e-07,4.0105860918818314e-07,9.460953891838353e-09,0.28973862461710304,0.29021029484117256,0.29,0.001350235691431489,2.0493669738466736e-06,2.4765523700711094e-05,13.588627942804345,-15.225127267829944,0.00033179387606327546,13.071299165950332,-14.595621853195793,0.0003235779570141793
19.941000000001388,0.0858191427810463,-9.114541903665134e-07,7.3488302659296956e-06,1.9978281509975385e-07,4.0124785917654643e-07,9.463084749018715e-09,0.28973875396476245,0.2902102507831999,0.29,0.001349793554719944,2.0497358371279603e-06,2.4765594358772086e-05,13.588668696933878,-15.225179111346543,0.0003317947190962587,13.071257328553424,-14.595568931639454,0.0003235773397843709
19.961000000001413,0.08581912457079036,-9.101559592410011e-07,7.3528264969216495e-06,1.99822429918838e-07,4.014371516379374e-07,9.4652061334693e-09,0.28973888320887314,0.2902102066862903,0.29,0.0013493515829378923,2.050104398093282e-06,2.4765664993890084e-05,13.588709437043624,-15.22523093681915,0.00033179556139320603,13.071215506969816,-14.595516029913519,0.0003235767228839597
19.981000000001437,0.08581910638646849,-9.088598354878523e-07,7.3568235177609576e-06,1.9986188352676687e-07,4.016264864492886e-07,9.467321538090656e-09,0.28973901234956956,0.2902101625505526,0.29,0.0013489097760213005,2.0504726599438087e-06,2.4765735606212656e-05,13.588750163133568,-15.225282744253382,0.00033179640274286546,13.07117370119544,-14.595463148007793,0.00032357610606322543
