time,theta,theta_dot,hip_y,hip_v,pitch,pitch_rate,length_L,length_R,target_length,roll,yaw,connect_gap,torque_0,torque_1,torque_2,torque_3,torque_4,torque_5
0.001,0.08232212020621725,0.0,0.0,0.0,0.0,0.0,0.2999999999847247,0.2999999999847247,0.3,-0.0,-0.0,6.470657554596348e-12,13.180271084476352,-14.761130947999904,0.00032515620689519006,13.180271084476352,-14.761130947999904,0.00032515620689519006
0.02100000000000001,0.08229144460987312,-0.0028512834743825953,-1.8852822232726107e-06,-0.00014607355632485672,2.7193540719153675e-05,0.001924550182419054,0.30040386414422504,0.300415963182153,0.3,3.295091224111129e-05,9.421954175777622e-07,2.3205086008467115e-05,12.896404076311592,-14.470633064756358,0.0024343050115919786,12.824143737350875,-14.386849040284758,0.002207658335325392
0.04100000000000003,0.082146873967192,-0.00796459607582801,-6.831119103267724e-06,-0.0002592866935949251,8.576300582431553e-05,0.0030276980985145248,0.3006019184821114,0.30067103651914473,0.3,0.00019166631172733075,7.033617064932492e-06,2.3677732970964716e-05,13.104011844091225,-14.673768851158957,-0.001496044696648254,12.935028169798638,-14.47655771071538,-0.0018771168660950766
0.06100000000000005,0.08202396962219827,-0.004860794543996197,-1.1011578475557393e-05,-0.00017741814860777419,0.0001344015216554465,0.0020607190419918223,0.3004493587833649,0.3006060237183592,0.3,0.0004342663082684947,1.452220572085352e-05,2.395271339596732e-05,13.263360258296517,-14.844146414765035,-0.002128417693951419,12.996491873746402,-14.530924615122842,-0.002568515999655785
0.08100000000000006,0.08199694084459641,-0.00012704639273108183,-1.2861047293304118e-05,-6.277871599370507e-05,0.00015382497019474233,0.0005605160192857148,0.3002008033484838,0.3004658370571964,0.3,0.0007344884867193641,2.183241715007292e-05,2.4143905073983315e-05,13.369129162554344,-14.9669169237829,-0.0011676294830265817,13.008291867204516,-14.541805249696072,-0.0015953964721729386
0.10100000000000008,0.08204383665846064,0.0030822139592170295,-1.2899893705280163e-05,1.643302181782534e-05,0.00014596363449337587,-0.0007141318359471298,0.2999498821892693,0.30033421410738514,0.3,0.0010645148331394595,2.7720612713852855e-05,2.42963156547654e-05,13.450650527036816,-15.065256790917562,-0.0004189834555699992,13.00631823262199,-14.540137976934593,-0.0007762984306912718
0.1210000000000001,0.08213207488550225,0.004771605125793431,-1.1901704698585869e-05,5.9017847363826175e-05,0.00011800034066324225,-0.0016143189237538557,0.29972139596729225,0.30022642300107716,0.3,0.0013978046146224552,3.139852886933847e-05,2.4419643123412592e-05,13.515356636543292,-15.144657955637715,-1.0304187496885898e-05,13.002190944350582,-14.536510510094583,-0.0002607130801955388
0.1410000000000001,0.08223858953813487,0.005444007811230417,-1.0443238119751952e-05,7.582838532400906e-05,7.731320631891238e-05,-0.0021547482350407843,0.29952418033153866,0.3001430142685923,0.3,0.0017117561969110353,3.254961325042686e-05,2.451282113836415e-05,13.563277962946561,-15.204503094611654,0.00023763886319662567,12.9981230249283,-14.53305522565481,0.00011029315064691752
0.16100000000000012,0.0823483360922754,0.005437895616442321,-8.905697954614267e-06,7.572659619901798e-05,3.0492329089234544e-05,-0.0023779926578268557,0.29936420661160157,0.3000834953668613,0.3,0.0019888028092316023,3.1226230062250137e-05,2.457407191567667e-05,13.593668897588334,-15.243776352349206,0.0004947605856572645,12.994016037115598,-14.529663967507407,0.0004908545883621859
0.18100000000000013,0.08245048586574726,0.004933133837797641,-7.534845434517545e-06,6.488429508692312e-05,-1.6814754479375787e-05,-0.002332841700371824,0.29924566337653286,0.3000475758034584,0.3,0.002216689013901462,2.7734435719910086e-05,2.4603720420012875e-05,13.606884389694281,-15.262725718503546,0.0007718381642675216,12.989653581953169,-14.526025120268487,0.0008802549543344463
0.20100000000000015,0.08253706348385,0.0040653682546406555,-6.473645671016548e-06,4.814266008522373e-05,-6.003612417895849e-05,-0.0020749128850425388,0.29917018753751307,0.3000343279709586,0.3,0.002388335189315232,2.2539767200684e-05,2.4604269428070905e-05,13.604459952107964,-15.262981723399271,0.0010453836911025268,12.98502553347922,-14.522036214292209,0.0012471086216976784
0.22100000000000017,0.08260264158504262,0.002960449715161435,-5.781337777559237e-06,2.945836059639207e-05,-9.57844834604091e-05,-0.001664376435888491,0.2991366175564166,0.3000417619208387,0.3,0.0025014221857283425,1.619071787521079e-05,2.4579833894731268e-05,13.58878155196113,-15.247211376583238,0.0012863133681017247,12.98024688194819,-14.517750845212069,0.0015575970258921538
0.2410000000000002,0.08264423231386592,0.0017385480888314948,-5.450172678139742e-06,1.1946429772914351e-05,-0.00012188646648927,-0.0011615948033731462,0.29914129604531287,0.30006688387273756,0.3,0.0025577557951785256,9.255350655032765e-06,2.4535552396462358e-05,13.562748799584904,-15.218739465920436,0.0014704883791250912,12.97548013539328,-14.513303639820215,0.0017856468508728014
0.2610000000000002,0.08266110532771406,0.0005090610503504815,-5.422786707530436e-06,-2.155397581433502e-06,-0.00013732213081462554,-0.000622768448230036,0.2991786291838915,0.30010596576918586,0.3,0.002562479530903097,2.2703324980061122e-06,2.447707728506114e-05,13.529494234298035,-15.18121638457408,0.0015819300250380862,12.97090150923431,-14.508869728149707,0.0019157133456060688
0.2810000000000002,0.0826544878260243,-0.0006350652155085028,-5.6096770991651e-06,-1.1474022536942336e-05,-0.00014209162167599723,-9.662307473207194e-05,0.29924172084625117,0.30015486626385246,0.3,0.0025232116044721993,-4.296974974945562e-06,2.441013965869479e-05,13.492150845624133,-15.138335466210295,0.0016132860851650283,12.966685592550585,-14.504641364019,0.001942735762253584
0.3010000000000002,0.08262717656282298,-0.0016211549160623294,-5.905470959820247e-06,-1.5423848103766968e-05,-0.00013703362179284134,0.00037766336949418756,0.29932299639322885,0.3002093410007304,0.3,0.002449173764927199,-1.0073315527016178e-05,2.434018396125449e-05,13.45366044840946,-15.093597294379936,0.0015651862388424917,12.962993758734502,-14.500809391108305,0.0018709514749767513
0.32100000000000023,0.08258310404803976,-0.0023985353436459475,-6.2029572034452696e-06,-1.4084459885104483e-05,-0.00012361871418187183,0.000771426954882561,0.29941477452418286,0.3002653188393011,0.3,0.002350364905015568,-1.479219022493846e-05,2.42720741247574e-05,13.416621725309371,-15.05012152074778,0.0014449992094326563,12.959963286418535,-14.497546883338888,0.0017121323476901795
0.34100000000000025,0.0825268966029943,-0.0029384826670572056,-6.40430421614685e-06,-8.055204476555696e-06,-0.0001037368056402196,0.0010665850766630068,0.29950976273603713,0.30031913232067076,0.3,0.0022368183961058614,-1.8296074976281337e-05,2.4209874806086903e-05,13.383178912935033,-15.010507715106336,0.001265234272248894,12.957698061678776,-14.4949956648637,0.001483521329141247
0.36100000000000027,0.0824634547637601,-0.0032327422619421275,-6.429254663667394e-06,1.696529300150914e-06,-7.94936167281869e-05,0.0012550078422567661,0.29960146035567803,0.30036769503333466,0.3,0.002117971014948098,-2.0530297895148533e-05,2.4156709590185242e-05,13.35495176630391,-14.976745975544702,0.0010417888409990314,12.95626190205714,-14.493256477552071,0.0012056905754545323
0.3810000000000003,0.08239759841324099,-0.0032887793982331595,-6.220169658642527e-06,1.4002189489895001e-05,-5.302805931285557e-05,0.0013373089549735685,0.2996844596206251,0.3004086223835386,0.3,0.0020021622659527126,-2.1530732114682015e-05,2.4114689875459367e-05,13.333003274681458,-14.95016876623112,0.000779288163192631,12.955672216851006,-14.492375436519776,0.0008875700602903867
0.4010000000000003,0.08233386719622518,-0.0031247904184340696,-5.743447861812634e-06,2.7642805520720426e-05,-2.6359514253506582e-05,0.0013214007000022917,0.2997546416396861,0.30044029641807213,0.3,0.0018962745330697516,-2.140736319542218e-05,2.4084925737307468e-05,13.317851348642394,-14.931478624853238,0.0005175506923207294,12.955902904217787,-14.492364466220138,0.000572702240129331
0.4210000000000003,0.08227606054705537,-0.0027838171999760948,-4.9913603199641665e-06,4.131719991077747e-05,-1.2569336015843126e-06,0.0012212884037846974,0.29980925961007804,0.3004618685243304,0.3,0.0018055161659826634,-2.0326108529413885e-05,2.4067606303177283e-05,13.309516601324203,-14.920772570566134,0.0002731232817896808,12.956893021517901,-14.493181935026456,0.00028063877868696283
0.44100000000000034,0.08222703390552744,-0.0023130248416737944,-3.980039386237977e-06,5.3890920068278815e-05,2.0845864338444182e-05,0.0010545343419295714,0.29984693017746744,0.3004732193997717,0.3,0.001733341317441534,-1.8489448409104165e-05,2.4062098353724932e-05,13.307580886104667,-14.91762117393471,5.496738329921598e-05,12.95854231189533,-14.494738840031994,2.252285514299297e-05
0.46100000000000035,0.08218870600612363,-0.001759038917737195,-2.74510623510249e-06,6.445180408753555e-05,3.8896512636855974e-05,0.0008406182618674165,0.299867542021504,0.3004748810108351,0.3,0.0016814926974500653,-1.6117782618626946e-05,2.406710069806903e-05,13.311274036458657,-14.92117145723689,-0.00012862438779084109,12.960718265548756,-14.496908347508327,-0.00019199023819104448
0.48100000000000037,0.08216208550629411,-0.001166745333629005,-1.3370049068636702e-06,7.232545942087955e-05,5.224164234087665e-05,0.0005995075457455859,0.2998720938083622,0.3004679258559157,0.3,0.0016501473169232583,-1.3432754386298814e-05,2.4080820976911358e-05,13.319572350521014,-14.930260024901994,-0.00027147197551753867,12.963265790314342,-14.49953422366343,-0.0003561307162748203
0.5010000000000003,0.08214733253572881,-0.0005774113972012449,1.839526588623408e-07,7.708803029687864e-05,6.061708171077494e-05,0.0003503271221538449,0.29986248156755324,0.3004538349683187,0.3,0.0016381411738548243,-1.0643097984786601e-05,2.4101159205740844e-05,13.331299695843699,-14.94353087214257,-0.0003701286708529993,12.966017555276391,-14.50244122426148,-0.0004665545209310061
0.5210000000000004,0.08214385849030004,-2.6826001982557294e-05,1.752627983575561e-06,7.856658974071378e-05,6.4114312846521e-05,0.00011023635784969593,0.2998412560937895,0.30043435575369254,0.3,0.0016432468904732723,-7.933413869878119e-06,2.4125885484360257e-05,13.345224463524222,-14.959549472904047,-0.00042398166142635697,12.9688045533315,-14.505446568074209,-0.0005233355559458156
0.5410000000000004,0.08215045751975993,0.0004561536866091662,3.3038815897210028e-06,7.682406170011811e-05,6.312829911051996e-05,-0.00010642501363992956,0.2998113702092488,0.30041135995829465,0.3,0.0016624784364889453,-5.4560913075745595e-06,2.4152801355194582e-05,13.360146678975989,-14.976906139952918,-0.0004350559529085246,12.971466285130397,-14.508371563242573,-0.0005296423150163957
0.5610000000000004,0.08216545919187238,0.0008505032088282942,4.7768859749372505e-06,7.212987984829272e-05,5.829247696348942e-05,-0.00028869695823948143,0.29977593379938766,0.3003867108197335,0.3,0.001692398980125135,-3.3264066718089704e-06,2.417987667891778e-05,13.374970936664003,-14.994303355854761,-0.00040763610759116375,12.973859933079583,-14.511052517216768,-0.0004912226015179257
0.5810000000000004,0.08218689076434033,0.001143353035013593,6.118685852957162e-06,6.491964650702472e-05,5.040681033066029e-05,-0.0004292665531373412,0.2997379916569214,0.30036214678643536,0.3,0.001729411202479028,-1.6206480730262004e-06,2.420535655285925e-05,13.388762339538797,-15.010623583825623,-0.0003477744126874945,12.975867964370027,-14.513350173245314,-0.0004157739085948497
0.6010000000000004,0.08221263795010375,0.0013297692238207978,7.286844729406661e-06,5.574791608537567e-05,4.0364481892784325e-05,-0.0005244639433010383,0.2997003356433134,0.3003391872389597,0.3,0.0017700136575141492,-3.7696369549094185e-07,2.422783548823365e-05,13.400784143695725,-15.02497585693681,-0.00026273610651162316,12.977403729422,-14.515157071663005,-0.00031225828823552805
0.6210000000000004,0.08224059471441247,0.0014121251761565765,8.251105530619751e-06,4.523891219620501e-05,2.9082136360656274e-05,-0.0005740248945413244,0.2996653588420071,0.30031906357507493,0.3,0.0018110115213899917,4.01492368833949e-07,2.4246298282580047e-05,13.410516961094109,-15.036719843244242,-0.00016291818021983142,12.978414522989796,-14.516401162870435,-0.00019270555962279412
0.6410000000000005,0.08226882893114502,0.0014017397851576604,8.994393253580757e-06,3.40629784706817e-05,1.743673821289816e-05,-0.0005807343986141201,0.29963495623431385,0.3003026776731729,0.3,0.0018496749307271615,7.416727410161649e-07,2.4260126639146745e-05,13.41765995762474,-15.045472687315517,-5.56768587968348e-05,12.9788811446749,-14.517049371459468,-6.594798318261738e-05
0.6610000000000005,0.08229567234473187,0.0013110432881041994,9.512478588213913e-06,2.283597042359755e-05,6.215540782909214e-06,-0.000549614735214139,0.29961046990926227,0.30029058494036454,0.3,0.0018838426955936707,6.944064569028028e-07,2.4269093131710688e-05,13.422123761690443,-15.05110176793394,5.8532034568422263e-05,12.978821406735515,-14.517111736319455,6.632497425927187e-05
0.6810000000000005,0.08231970891198807,0.001153718881605773,9.812331934047624e-06,1.2103620572413766e-05,-3.920543423828144e-06,-0.00048744720841997123,0.299592676452292,0.3002830002812969,0.3,0.0019119732142561683,3.275341270883355e-07,2.4273314715753037e-05,13.424003990170966,-15.053690106929396,0.00017030167834753307,12.97828383124673,-14.516629809910134,0.00019374599567179105
0.7010000000000005,0.08233985777166158,0.0009474379086835052,9.910925412519311e-06,2.3439423726005435e-06,-1.246520593765071e-05,-0.0004022343302099666,0.29958181534294875,0.3002798276524886,0.3,0.0019331476096147544,-2.8087181593806016e-07,2.4273194868952676e-05,13.42354755816278,-15.053503888209033,0.00027242909183193526,12.977340925794808,-14.515675334067685,0.00030844718567088583
0.7210000000000005,0.08235541759210965,0.0007114116208514272,9.833332180297916e-06,-6.068761172296445e-06,-1.9080246213996918e-05,-0.00030245366213159337,0.2995776476779439,0.3002807052426955,0.3,0.0019470324451329466,-1.0490351397501338e-06,2.4269357731716273e-05,13.42111578077143,-15.050949396249795,0.00035974939028648653,12.976083149426929,-14.51434320837886,0.0004048973672264159
0.7410000000000005,0.08236606852617581,0.00046448021927964774,9.610369767570903e-06,-1.2881336865059872e-05,-2.3595538757922047e-05,-0.00019641399740830874,0.2995795371976178,0.3002850614896895,0.3,0.0019538108218380623,-1.8973171938481216e-06,2.4262577398873088e-05,13.417145319613342,-15.046527186571195,0.0004289206603245537,12.974612007358527,-14.512743495506134,0.00047966705508693444
0.7610000000000006,0.08237184449467895,0.00022376616533507083,9.276117353143598e-06,-1.7964534263624456e-05,-2.5997864203070635e-05,-9.173180491267074e-05,0.2995865455125028,0.30029217726027774,0.3,0.0019540912595544645,-2.753049154284209e-06,2.4253707479814624e-05,13.412109785809552,-15.040786843746146,0.00047828058490647957,12.97303284797518,-14.510993135547373,0.0005312485725542748
0.7810000000000006,0.08237308460401442,3.734753764329028e-06,8.865528851348392e-06,-2.130577130481651e-05,-2.641105503436305e-05,5.068689843626714e-06,0.29959753353995183,0.30030124957520027,0.3,0.0019488036515181567,-3.5541741195110332e-06,2.4243615476638325e-05,13.406484395048285,-15.034285063265752,0.0005076814050955464,12.971447953478396,-14.50920792318319,0.0005598437005837537
0.8010000000000006,0.08237037079756884,-0.00018440381618547243,8.412295756834998e-06,-2.299494656975987e-05,-2.5069975955379395e-05,8.882889730788277e-05,0.29961126185359077,0.3003114526919254,0.3,0.001939090896127927,-4.25163734159089e-06,2.4233125499501934e-05,13.400715489446398,-15.02754920327946,0.0005182753502360054,12.969950400670168,-14.507495256134098,0.0005670962170975321
0.8210000000000006,0.08236445804226225,-0.00033298604819663485,7.947064682857496e-06,-2.3205599335589447e-05,-2.2290851230230107e-05,0.0001559046682317968,0.29962648372564826,0.30032199302871543,0.3,0.001926203705320397,-4.810561508478021e-06,2.422297178247629e-05,13.395196162005513,-15.021047815820287,0.000512255195878723,12.968619052694873,-14.505948074375132,0.0005557785674557534
0.8410000000000006,0.08235620270507965,-0.00043791346850851584,7.496073810911441e-06,-2.2173375711536544e-05,-1.8440323598210615e-05,0.00020419860303751763,0.2996420259589933,0.3003321552303067,0.3,0.001911404709594206,-5.210321267928908e-06,2.4213764421747764e-05,13.390248661560673,-15.015169027154709,0.0004925671497964867,12.967514921714384,-14.504640290183943,0.0005294536641118097
0.8610000000000007,0.0823464940229602,-0.0004984373421993645,7.080236727338707e-06,-2.0173527849768457e-05,-1.3905383533244096e-05,0.00023308963516665892,0.29965685404292686,0.30034133756482817,0.3,0.0018958864527554946,-5.4436863885265456e-06,2.4205967792908282e-05,13.38611374054382,-15.010207032077059,0.0004626165738725328,12.966679020446474,-14.50362387697844,0.0004921352399068872
0.8810000000000007,0.08233619842788716,-0.0005161623846595291,6.714724243461756e-06,-1.749344134644834e-05,-9.066141791598093e-06,0.00024326026239300706,0.29967011974558083,0.3003490758605447,0.3,0.0018807063048803545,-5.515228610685129e-06,2.4199890029315916e-05,13.382946008639776,-15.00635488640145,0.0004234797084088888,12.966131064728394,-14.50292611349238,0.00044546076116226143
0.9010000000000007,0.08232612413091017,-0.000494956561055918,6.4090595701601916e-06,-1.4416115701648434e-05,-4.272708596091855e-06,0.00023651229457659714,0.2996811904905273,0.3003550558852208,0.3,0.001866739811190898,-5.4392202087785435e-06,2.4195687173223127e-05,13.380817151335833,-15.003710947287479,0.00038336268328483555,12.965871443944934,-14.50255496882241,0.00039812511008453647
0.9210000000000007,0.08231693821502198,-0.00044268156442727505,6.16707881419265e-06,-1.12212298344758e-05,1.7472539025393464e-07,0.00021555537394002175,0.29968965974795003,0.30035911347394484,0.3,0.0018546526305277362,-5.237302735863839e-06,2.4193375281544244e-05,13.37972331627292,-15.002281175280833,0.00034473766458565535,12.965883500961569,-14.502495751236989,0.00035299574340110423
0.9410000000000007,0.0823091421644055,-0.00036760252031547237,5.987622940038795e-06,-8.145439684025768e-06,4.037978146498076e-06,0.00018360434408435706,0.29969534270037,0.30036122629211565,0.3,0.001844890031087645,-4.935945759631997e-06,2.4192846567419446e-05,13.37959467035438,-15.001992950846397,0.0003095252723674123,12.966135065106053,-14.502715700795218,0.0003122807528974968
0.9610000000000007,0.08230307326079038,-0.0002778921232493716,5.86548973877804e-06,-5.377726153198395e-06,7.1472538922056225e-06,0.00014412922949371784,0.2996982584923469,0.3003614978351536,0.3,0.0018376819559514563,-4.56400069570976e-06,2.4193893670990342e-05,13.380309078688146,-15.002710764701854,0.00027943347366357694,12.966582122924256,-14.503167998510566,0.00027786803382199524
0.9810000000000008,0.08229890957332545,-0.0001813942981120129,5.792403679358293e-06,-3.0582106132357844e-06,9.402853244009654e-06,0.00010062167873246033,0.2996986015873483,0.3003601352330486,0.3,0.0018330609915510002,-4.15050528033012e-06,2.4196236933651264e-05,13.381707277697428,-15.004253539674286,0.0002557271866604035,12.967172919681161,-14.50379607032442,0.0002511006303473269
1.0010000000000006,0.08229668143159144,-8.528260123590435e-05,5.758004874414913e-06,-1.2775195583392456e-06,1.0772402451136269e-05,5.63771400445531e-05,0.29969670564849954,0.3003574231623496,0.3,0.0018308901556271814,-3.722817289900134e-06,2.4199552414636715e-05,13.38360826283888,-15.006412501741556,0.00023913907187625042,12.96785207470162,-14.504538131193836,0.00023269812848836566
1.0209999999999984,0.08229628964102843,4.264841609594015e-06,5.7508223697266825e-06,-7.820585224711254e-08,1.1284208381980539e-05,1.4311992117040334e-05,0.29969300331171345,0.30035369605747775,0.3,0.0018308972602813082,-3.30513656217797e-06,2.420349880758116e-05,13.385823911793683,-15.008968367682025,0.00022986584455562492,12.968564479845167,-14.505331629531756,0.00022276747195681317
1.0409999999999962,0.08229752913064725,8.231240528002602e-05,5.759183734257989e-06,5.414011766663704e-07,1.101760747192233e-05,-2.3173584796257348e-05,0.2996879850053901,0.30034931062107045,0.3,0.0018327126738450895,-2.9174472870953856e-06,2.4207741717704007e-05,13.388172028226405,-15.011706833487231,0.0002276149644342098,12.969258767723629,-14.506117299148338,0.00022086674522259664
1.060999999999994,0.08230011609920984,0.00014531330865448318,5.772015509240835e-06,6.211807603925866e-07,1.0091295466111962e-05,-5.428264643803234e-05,0.299682159600996,0.3003446203559689,0.3,0.0018359075656589582,-2.5748838405646545e-06,2.4211974124736647e-05,13.39048719474825,-15.014431602132253,0.00023168247431621687,12.969890176039074,-14.50684258851424,0.00022610131041812755
1.0809999999999917,0.08230371657945679,0.0001911523257401326,5.779498889177392e-06,2.3159003518764227e-07,8.650641972573215e-06,-7.785874153496983e-05,0.2996760191837981,0.30033995349387826,0.3,0.001840030126226878,-2.287497304996965e-06,2.421593225577042e-05,13.392629045128123,-15.01697445496478,0.0002410492949420788,12.970422687781971,-14.507464305116992,0.00023723830632258467
1.1009999999999895,0.08230797445227736,0.00021909303533464852,5.773557765778592e-06,-5.349254314583465e-07,6.854934895769426e-06,-9.337722317987519e-05,0.2996700096578389,0.300335595305029,0.3,0.0018446377635049447,-2.0603783354446555e-06,2.421940648846082e-05,13.394487784053378,-15.019202130576204,0.00025448611347394145,12.97083038539738,-14.507950382466223,0.0002528285236455902
1.1209999999999873,0.08231253739939245,0.00022967393585676934,5.748171424818649e-06,-1.5725404336903397e-06,4.865377579179427e-06,-0.00010089802088202156,0.29966450829545005,0.3003317753733332,0.3,0.0018493238362830972,-1.8940758580826917e-06,2.422224716251867e-05,13.395986909879062,-15.021019711278552,0.0002700797526741218,12.971097941378426,-14.508280443719178,0.000270747542962121
1.1409999999999851,0.08231708625163364,0.0002249735592456187,5.699578019581486e-06,-2.7663489120850744e-06,2.8343288778166894e-06,-0.0001009973208026763,0.29965980887512955,0.3003286601608951,0.3,0.001853738052544906,-1.785233830571883e-06,2.4224365405201144e-05,13.397083322483073,-15.022371939555946,0.00028703494951652116,12.971220279383855,-14.508446414225688,0.00029000935170596945
1.160999999999983,0.08232134615731473,0.00020705810475685443,5.626200609849807e-06,-4.0114824449899764e-06,8.970445223211997e-07,-9.461944321922143e-05,0.29965611386326113,0.30032635019643233,0.3,0.001857600198395058,-1.7274063592650513e-06,2.4225732118436838e-05,13.397766237799681,-15.023241512859077,0.00030496815616063095,12.971202570006804,-14.508451954449145,0.00031007125234191893
1.1809999999999807,0.08232508673202912,0.00017836304092003257,5.528404017372812e-06,-5.212869286638605e-06,-8.344727635874583e-07,-8.300370996050397e-05,0.2996535334851202,0.3003248817850235,0.3,0.0018607073433512405,-1.7119361833190357e-06,2.4226370395839937e-05,13.39805290731324,-15.023643997822363,0.00032232330774383065,12.97105826476984,-14.508310006512307,0.000329252492796171
1.2009999999999785,0.08232813624936784,0.00014196054136656535,5.40829921470698e-06,-6.287025131047128e-06,-2.276000013620239e-06,-6.758046085293962e-05,0.29965209126833764,0.3003242330114392,0.3,0.0018629350547040527,-1.7288187921383152e-06,2.4226346643808514e-05,13.397983474156486,-15.023622765414235,0.00033792895957544334,12.970807175387641,-14.50804145072555,0.000346294596189211
1.2209999999999763,0.08233038813386542,0.00010113545888327311,5.26941542408621e-06,-7.168327993699802e-06,-3.3730255920598838e-06,-4.984246175187898e-05,0.29965173432827713,0.30032433261064256,0.3,0.0018642334530436894,-1.7675388751316443e-06,2.4225760416947166e-05,13.397615291120472,-15.023242341289986,0.0003509555018539968,12.970473573585734,-14.507672870885472,0.0003603190949763914
1.2409999999999741,0.08233180045726075,5.907027518987888e-05,5.116294581553049e-06,-7.812008216164176e-06,-4.100376050325195e-06,-3.1235470171529485e-05,0.2996523471188445,0.3003250708040315,0.3,0.0018646191416596953,-1.817821169431981e-06,2.4224733513480154e-05,13.397016899298794,-15.022581334924107,0.00036087970129112184,12.970084185032984,-14.507234209526311,0.00037078965640770055
1.260999999999972,0.0823323905567718,1.8624029677286907e-05,4.954063361345407e-06,-8.194669428101412e-06,-4.45996009044398e-06,-1.3069938452522206e-05,0.2996537673297408,0.3003263111943916,0.3,0.001864164146114115,-1.870254817814853e-06,2.4223399126585537e-05,13.396262108141698,-15.021725459116187,0.0003674597490602283,12.969666229669931,-14.506756478683691,0.0003774826269822631
1.2809999999999697,0.08233222625434738,-1.7820028691784255e-05,4.788020744952992e-06,-8.313085402182793e-06,-4.4770610350067205e-06,3.545515201112464e-06,0.29965580263142694,0.3003279028385715,0.3,0.0018629830160703186,-1.916768366516144e-06,2.422189175296524e-05,13.395424550675305,-15.020761066262203,0.00037070621023907284,12.969245641202203,-14.506269661623742,0.0003804521059058198
1.3009999999999675,0.08233141488215912,-4.844877233654809e-05,4.623268219677845e-06,-8.181765171773665e-06,-4.195620549288899e-06,1.7748434081919295e-05,0.2996582470837437,0.3003296917101478,0.3,0.0018612191819852445,-1.9509470307834025e-06,2.42203384084585e-05,13.394572999435576,-15.019769538684303,0.00037084485381831537,12.968845565370122,-14.505800917022572,0.0003799861518140906
1.3209999999999653,0.08233009118313037,-7.206163962396401e-05,4.464401470040402e-06,-7.829677398333386e-06,-3.67295260683434e-06,2.894511919983435e-05,0.29966089620334957,0.30033153090050313,0.3,0.0018590315401744218,-1.968195733703353e-06,2.4218851531355764e-05,13.393767638183622,-15.018822771143371,0.0003682722890547396,12.968485204725216,-14.50537316679429,0.0003765555993195785
1.340999999999963,0.08232840503984207,-8.806710129283178e-05,4.31527530362491e-06,-7.296480006077347e-06,-2.9743014845753903e-06,3.6813054226672945e-05,0.29966355990558147,0.30033328906858503,0.3,0.0018565820778184989,-1.965760904696531e-06,2.4217523796750266e-05,13.393057395923934,-15.01797988212893,0.00036350722550580186,12.968179046307412,-14.505004115504684,0.00037075877159895346
1.360999999999961,0.0823265098632183,-9.64381121994413e-05,4.178847211475101e-06,-6.628549426689274e-06,-2.167612147103497e-06,4.1285637032779766e-05,0.29966607277799645,0.30033485682321365,0.3,0.0018540251613850694,-1.9426310747965757e-06,2.4216424895296197e-05,13.392478352844657,-15.01728511922667,0.0003569904289179399,12.967936465046932,-14.504705641276145,0.000363115525886983
1.3809999999999587,0.08232455464384364,-9.744733068954957e-05,4.057120798088565e-06,-5.873350749454166e-06,-1.3188859436505697e-06,4.2517404675466835e-05,0.29966830143490353,0.30033615094161786,0.3,0.0018514989131400215,-1.8993380466833357e-06,2.4215599950771945e-05,13.392053083142722,-15.01676708513983,0.0003492846055756806,12.967761598717368,-14.504483714552277,0.0003542619104681729
1.4009999999999565,0.08232267513218464,-9.199674852601112e-05,3.951139577698659e-06,-5.079606994658607e-06,-4.881370496376232e-07,4.086076490411203e-05,0.29967014874708703,0.30033711630279997,0.3,0.0018491189051222639,-1.8376962061705535e-06,2.4215070762429303e-05,13.391791397722658,-15.01643952117997,0.00034158771916706923,12.967654019352254,-14.504339156125711,0.0003454606090645558
1.4209999999999543,0.08232098044452779,-8.148007040206685e-05,3.860993250580369e-06,-4.293489919015595e-06,2.7386409520443915e-07,3.681010505979344e-05,0.299671555060778,0.3003377256699913,0.3,0.0018469742219999587,-1.7605010023248782e-06,2.4214837238248842e-05,13.391691336710286,-15.016301827602973,0.0003342467755769718,12.96760914566813,-14.504267526255969,0.0003371109352175284
1.440999999999952,0.08231955134016879,-6.731574360979936e-05,3.7859575011331414e-06,-3.5535247633326062e-06,9.274709626670194e-07,3.0940044078188926e-05,0.29967249705908044,0.3003379779351333,0.3,0.0018451257855615093,-1.6711951903310873e-06,2.421488025442138e-05,13.391740796840045,-15.016341340150177,0.00032760050389268387,12.96761890034637,-14.504260289604202,0.0003295899709661472
1.46099999999995,0.08231844033497504,-5.090934634520606e-05,3.7246541499599828e-06,-2.8901518660966744e-06,1.4451508279589747e-06,2.3863241434942258e-05,0.29967298442137213,0.30033789489765866,0.3,0.0018436067071169026,-1.5735496201757147e-06,2.42151655270802e-05,13.391919721986053,-15.0165357872664,0.00032193755275777055,12.967672656756774,-14.504305823713299,0.0003232106920284904
1.4809999999999477,0.08231767265640078,-3.3602662336316816e-05,3.6752181641758197e-06,-2.3253654897641612e-06,1.8116420001552824e-06,1.618897403488331e-05,0.2996730547834497,0.3003375169629699,0.3,0.0018424243420968197,-1.4713742730308644e-06,2.4215647916630183e-05,13.392202493948323,-15.016856024797603,0.0003174632829226411,12.96775823033902,-14.504390510643791,0.00031818938887120734
1.5009999999999455,0.08231724842518884,-1.661121339636617e-05,3.6354692230580743e-06,-1.8725730646535507e-06,2.0233310986609645e-06,8.485495725744124e-06,0.2996727675666971,0.3003368981898182,0.3,0.0018415636629266277,-1.3682705208589993e-06,2.421627582152702e-05,13.39256034287758,-15.017268840765974,0.0003142884835817039,12.96786284553541,-14.504499836464516,0.00031463568430820283
1.5209999999999433,0.08231714600664605,-9.687195449875526e-07,3.6030801576561466e-06,-1.5368746080608664e-06,2.086972227298141e-06,1.2491814647478326e-06,0.29967219723054705,0.3003361010923942,0.3,0.001840991540849479,-1.2674331927592643e-06,2.421699537719167e-05,13.392963625526638,-15.017739638660885,0.00031243091713414666,12.967974024004043,-14.504619423386348,0.0003125559262300236
1.540999999999941,0.0823173262596322,1.2513181373401792e-05,3.575733336320941e-06,-1.3157840984107696e-06,2.0179085958816157e-06,-5.117967746140193e-06,0.29967142646172035,0.30033519156352045,0.3,0.0018406615313610094,-1.1715073538635675e-06,2.4217754220087696e-05,13.393383845756466,-15.01823484282322,0.0003118247216422348,12.968080348123243,-14.504735933863905,0.00031186480812496925
1.5609999999999389,0.08231773733046782,2.3267110813085107e-05,3.5512570180015746e-06,-1.200326881884676e-06,1.8379732355819991e-06,-1.0321908644279039e-05,0.29967053974769503,0.3003342342296649,0.3,0.0018405187867357197,-1.0825007803772785e-06,2.4218504640415217e-05,13.393795324191736,-15.018723909517007,0.0003123347715304737,12.968172065994949,-14.50483780239526,0.0003124021301289176
1.5809999999999367,0.08231831962700592,3.097408445354614e-05,3.5277356318502706e-06,-1.1764084833299865e-06,1.5732450576173065e-06,-1.4181440657675326e-05,0.2996696176966214,0.3003332884806634,0.3,0.0018405047673122601,-1.001749521394362e-06,2.4219206002608418e-05,13.394176458531533,-15.019180868775766,0.0003137739324766978,12.968241517905478,-14.504915767502691,0.0003139524598852172
1.6009999999999345,0.0823190106353236,3.555136093828088e-05,3.5035902560889842e-06,-1.22633695816104e-06,1.2518235562911984e-06,-1.662518573024803e-05,0.2996687323690724,0.3003324053425216,0.3,0.001840561484854166,-9.299309768742808e-07,2.421982638266217e-05,13.394510550107784,-15.01958536250632,0.00031592153804922956,12.9682833778945,-14.504963192849273,0.00031626586775463836
1.6209999999999323,0.08231974930135365,3.7128342270310246e-05,3.477628002616917e-06,-1.3303683379046738e-06,9.017628651180481e-07,-1.768193364153381e-05,0.29966794378642636,0.3003316252861976,0.3,0.0018406350805201229,-8.671167104887931e-07,2.4220343413719674e-05,13.394786196104729,-15.01992314652172,0.00031847263411893096,12.968294709674163,-14.504976146695315,0.00031900915356052636
1.64099999999993,0.08232048072199452,3.60858370851144e-05,3.449070056893433e-06,-1.467504001982985e-06,5.492501900382501e-07,-1.746774919783635e-05,0.29966729770254263,0.30033097701280626,0.3,0.0018406786111754365,-8.128546651497099e-07,2.4220744311704845e-05,13.394997255491155,-15.02018619895796,0.0003212108444994325,12.968274829804905,-14.504953364858306,0.00032194026114674225
1.6609999999999279,0.08232115859918775,3.283070628807721e-05,3.417539872076214e-06,-1.618422457493314e-06,2.1720580481571358e-07,-1.616058989030656e-05,0.29966682455430205,0.3003304771099076,0.3,0.0018406539863460819,-7.662756010106727e-07,2.4221025675614423e-05,13.395142651732941,-15.02037251534479,0.0003241194674558613,12.968225211082187,-14.504896145296101,0.00032502098084444584
1.6809999999999257,0.0823217447512486,2.779667356360471e-05,3.3830127720638203e-06,-1.7659947195661265e-06,-7.569464810413325e-08,-1.3984724598512924e-05,0.299666539507401,0.3003301304970859,0.3,0.0018405330608668071,-7.262101929212563e-07,2.422119225269861e-05,13.395225685036342,-15.02048519561031,0.0003269296095021197,12.968149062709486,-14.504807738200887,0.0003279654345806673
1.7009999999999235,0.08232221126707068,2.1519991408254366e-05,3.3457771848321993e-06,-1.8952655567851899e-06,-3.157270765254567e-07,-1.1193932402218957e-05,0.2996664435576435,0.30032993164061766,0.3,0.0018402979396781437,-6.913028120447294e-07,2.422125547222653e-05,13.39525318414621,-15.020531644946576,0.0003294399247085474,12.968050877802023,-14.504693002416479,0.00033056023632747683
1.7209999999999213,0.08232254151727648,1.456776391353894e-05,3.3063750546624693e-06,-1.9945137719430672e-06,-4.943829344497844e-07,-8.049267240431929e-06,0.2996665253852886,0.3003298662703896,0.3,0.0018399405922289902,-6.60122929173949e-07,2.422123181275701e-05,13.395234595826857,-15.020522506751961,0.0003315104746335478,12.967936001399442,-14.504557895936948,0.0003326584970164425
1.740999999999919,0.08232272994270004,7.483207710117973e-06,3.265528953168284e-06,-2.055757242103434e-06,-6.082359478541135e-07,-4.800282059063064e-06,0.2996667637423678,0.30032991342488047,0.3,0.0018394619029767844,-6.312662529631889e-07,2.4221141065563955e-05,13.395181027270613,-15.020470534892105,0.00033305526989766527,12.967810191578462,-14.504408958109915,0.00033417209081036637
1.7609999999999169,0.08232278101075356,7.4825348817767e-07,3.2240657802662387e-06,-2.074816197696284e-06,-6.584900727543142e-07,-1.6701654782922114e-06,0.2996671301542125,0.3003300476572703,0.3,0.001838870301120678,-6.034396373962438e-07,2.4221004617857645e-05,13.395104309758837,-15.020389487032915,0.0003340370813720317,12.967679203595356,-14.50425281917162,0.00033506589589187393
1.7809999999999147,0.08232270760944724,-5.241412873177834e-06,3.1828437850392466e-06,-2.0510726266021512e-06,-6.502871683958687e-07,1.1551869770333827e-06,0.2996675917216369,0.30033024124287355,0.3,0.0018381801179063384,-5.755264046229144e-07,2.4220843865761206e-05,13.395016142495168,-15.020293105810595,0.00033446184581464297,12.967548423086491,-14.504095764230822,0.0003353514353872181
1.8009999999999124,0.08232252909314935,-1.0191074012222193e-05,3.1426876196810616e-06,-1.987016406742399e-06,-5.918532528950721e-07,3.534166355505998e-06,0.2996681138310691,0.30033046624723014,0.3,0.001837409814943738,-5.466307414578885e-07,2.4220678842007294e-05,13.394927361193963,-15.020194240405095,0.00033437186377667874,12.967422566869992,-14.503943372599915,0.0003350792009670602
1.8209999999999102,0.08232226916574777,-1.3912739547458993e-05,3.1043346446837927e-06,-1.8876489684877475e-06,-4.935602574935657e-07,5.372651977826715e-06,0.2996686626112171,0.3003306963407225,0.3,0.0018365802138196339,-5.161014442558849e-07,2.4220527117767026e-05,13.394847361496485,-15.020104145263435,0.0003338379005067734,12.967305462770371,-14.503800246343491,0.0003343298438969234
1.840999999999908,0.08232195376425427,-1.632302561713205e-05,3.0683944313783518e-06,-1.7598057095003647e-06,-3.6697474194823793e-07,6.623741690164865e-06,0.29966920701252475,0.3003309082762849,0.3,0.0018357128379337265,-4.835365751716383e-07,2.4220403011373644e-05,13.39478369157897,-15.020031967347114,0.0003329318323577644,12.967199911619737,-14.503669825458594,0.00033318593859436223
1.8609999999999058,0.08232160945465919,-1.7401764810170044e-05,3.035325723391158e-06,-1.6111500079302666e-06,-2.239671394948063e-07,7.283570671983223e-06,0.29966972043431717,0.3003310829868537,0.3,0.0018348284540384257,-4.4877108620910897e-07,2.4220317056999563e-05,13.394741795921066,-15.019984427814096,0.00033171720047262264,12.967107609687096,-14.503554289995582,0.00033172168163966067
1.8809999999999036,0.08232126186153763,-1.7240326789272672e-05,3.005425542039475e-06,-1.4500320647701397e-06,-7.590296276140756e-08,7.388339647339559e-06,0.29967018183927346,0.30033120626482984,0.3,0.0018339458754884298,-4.1185211553071524e-07,2.4220275975056706e-05,13.394725010567587,-15.019965839884414,0.0003304318978595354,12.967029233356616,-14.503454692666924,0.0003301850745331114
1.9009999999999014,0.08232093284848457,-1.604526663878449e-05,2.9788184820675467e-06,-1.2849580256941872e-06,6.706398810302654e-08,7.00623459709679e-06,0.299670576331655,0.3003312690136641,0.3,0.0018330810640885286,-3.7300545360779326e-07,2.4220282711115865e-05,13.394734621219408,-15.019978020078206,0.0003291427410631374,12.966964504540252,-14.503370888187195,0.0003286517837463292
1.9209999999998992,0.0823206398356352,-1.4042459707358526e-05,2.9554728106506722e-06,-1.1234471487894e-06,1.9645759846596346e-07,6.226193054612077e-06,0.2996708953040814,0.30033126718054254,0.3,0.0018322465429828647,-3.325925488785887e-07,2.4220336722500982e-05,13.394770033850312,-15.020020565417404,0.0003279178068658891,12.966912299387085,-14.503301744092198,0.000327197057745381
1.940999999999897,0.08232039555538989,-1.1468766373151208e-05,2.9352231492585368e-06,-9.718467141762735e-07,3.057844981671e-07,5.15034473492237e-06,0.2996711361588002,0.30033120137308955,0.3,0.0018314511115969118,-2.910661698998794e-07,2.422043449206835e-05,13.394829071972236,-15.020091179791216,0.0003268195349373426,12.966870828065241,-14.503245332883914,0.0003258886746850834
1.9609999999998948,0.08232020796304063,-8.562425678196538e-06,2.917796193914468e-06,-8.351750402068097e-07,3.906857656612489e-07,3.886268071206999e-06,0.2996713016743189,0.3003310762215033,0.3,0.0018306998361746285,-2.4892750844831644e-07,2.4220570163312446e-05,13.39490833415698,-15.020186076672607,0.0003258974265984365,12.96683783430964,-14.503199151398073,0.0003247795875647877
1.9809999999998926,0.08232008039083648,-5.550435881136841e-06,2.9028391395485853e-06,-7.170019121298391e-07,4.489370696077526e-07,2.5395632331209785e-06,0.2996713991086992,0.3003308995630287,0.3,0.001829994276115779,-2.0668667909209223e-07,2.422073623705414e-05,13.395003579900262,-15.020300423654087,0.00032518481522532774,12.966810798790917,-14.503160351417366,0.0003239047520998125
2.0009999999998906,0.08232001195005792,-2.6365291562464184e-06,2.8899493612691285e-06,-6.19409924570703e-07,4.803132606113896e-07,1.207378088693785e-06,0.2996714391335427,0.30033068152516146,0.3,0.001829332897428938,-1.6482841825252583e-07,2.4220924276210877e-05,13.395110116211859,-15.020428794169852,0.0003246981156909871,12.966787133680347,-14.503125964718222,0.00032328053560751955
2.0209999999998884,0.08231999814108182,8.480976311025814e-09,2.8787035507085723e-06,-5.430465603885165e-07,4.863423914413105e-07,-2.6729882910501275e-08,0.2996714346903593,0.3003304335799773,0.3,0.0018287116200482387,-1.2378434114910094e-07,2.4221125575575435e-05,13.395223160481919,-15.02056559619625,0.00032443766613801564,12.96676435732774,-14.503093108399009,0.0003229057994079869
2.0409999999998862,0.08232003161201071,2.253237467005159e-06,2.868684592774451e-06,-4.87258721970431e-07,4.699789603417967e-07,-1.0964023912522454e-06,0.29967139985348046,0.3003301676342221,0.3,0.001828124445176983,-8.391255268572944e-08,2.422133175720406e-05,13.395338159699012,-15.020705453508285,0.000324389656491589,12.966740240471593,-14.50305915949994,0.0003227641235400335
2.060999999999884,0.08232010300022788,4.0090807405449e-06,2.8595047629129122e-06,-4.50293214237002e-07,4.3522786237240644e-07,-1.954512796806023e-06,0.2996713487719416,0.3003298952091047,0.3,0.001827564111680284,-4.548484419058827e-08,2.4221535263674896e-05,13.395451051618545,-15.020843521393708,0.0003245287793425596,12.966712918037832,-14.503021891388746,0.0003228267830233673
2.080999999999882,0.08232020179279806,5.2301519000310505e-06,2.850824224638615e-06,-4.2954243953234245e-07,3.867497334002466e-07,-2.5736922557098784e-06,0.2996712947479178,0.3003296267508881,0.3,0.001827022736172898,-8.681197301785018e-09,2.4221729732454507e-05,13.395558458971424,-15.020975725519488,0.00032482130228832104,12.96668096370367,-14.502979567771936,0.00032305615004814156
2.1009999999998796,0.08232031714817371,5.910738449157352e-06,2.842364228303196e-06,-4.218141023754081e-07,3.29475597089155e-07,-2.9455114943273884e-06,0.29967124949284796,0.30032937109972685,0.3,0.0018264923990815513,2.640910632185627e-08,2.4221910242297007e-05,13.39565781341332,-15.02109891900186,0.000325228292041532,12.966643426951006,-14.502930993505105,0.0003234092307523814
2.1209999999998774,0.08232043863149559,6.080387736782142e-06,2.833914835354001e-06,-4.2360429286890393e-07,2.6825447397442385e-07,-3.0785471105204097e-06,0.2996712225853795,0.30032913513037934,0.3,0.001825965647835885,5.978078923632284e-08,2.422207343354788e-05,13.395747410769212,-15.021210958724653,0.0003257087591763491,12.966599834924004,-14.502875524253719,0.0003238410882344791
2.1409999999998752,0.08232055682751385,5.7973929033522284e-06,2.825337365619518e-06,-4.313559397677455e-07,2.0755237731935884e-07,-2.9956038126131824e-06,0.2996712211390961,0.3003289235656669,0.3,0.0018254358977206498,9.150152211410124e-08,2.4222217512624417e-05,13.395826403353148,-15.021310706935804,0.0003262225282418955,12.966550163314453,-14.502813039476706,0.0003243079438285433
2.160999999999873,0.08232066380774997,5.141283473338161e-06,2.8165620820364e-06,-4.416877070888813e-07,1.5121537999046675e-07,-2.730382929035564e-06,0.29967124967339775,0.3003287389523005,0.3,0.0018248977201493178,1.2169783406528717e-07,2.4222342154890798e-05,13.395894738224456,-15.021397967246372,0.0003267308207021466,12.96649478187634,-14.50274388412484,0.0003247679361708526
2.180999999999871,0.08232075349159948,4.209512001935096e-06,2.8075823370055097e-06,-4.515401384282991e-07,1.0230213511566776e-07,-2.324016094834445e-06,0.29967131016980014,0.3003285817806846,0.3,0.0018243470166377578,1.5053938290574904e-07,2.4222448318182856e-05,13.395953049313356,-15.021473365542247,0.000327194826585113,12.96643437787581,-14.502668784267572,0.0003251798032591665
2.2009999999998686,0.08232082181445152,3.099787615477003e-06,2.798445329410537e-06,-4.5840427421348107e-07,6.299159427507842e-08,-1.8210542297474063e-06,0.2996714022828369,0.30032845071991326,0.3,0.0018237810841386995,1.7822260857388333e-07,2.422253802919767e-05,13.39600253363821,-15.021538220767248,0.00032761438671296574,12.966369882254597,-14.502588775161065,0.00032554165409495826
2.2209999999998664,0.08232086648982566,1.900070592717499e-06,2.7892386378625122e-06,-4.604252714621986e-07,3.456539256143219e-08,-1.2662565862878215e-06,0.2996715236679753,0.3003283429346208,0.3,0.0018231985834293017,2.0495486968720725e-07,2.4222614098763285e-05,13.396044794533989,-15.021594337952699,0.00032796153269480237,12.966302375459284,-14.502505067470825,0.00032582448640192536
2.240999999999864,0.08232088699305806,6.977779441200469e-07,2.780078691429211e-06,-4.5632350008852346e-07,1.743716592751418e-08,-7.021737872253072e-07,0.2996716704025168,0.3003282544653701,0.3,0.0018225994265428408,2.3094071321884557e-07,2.4222679827113216e-05,13.39608167847663,-15.021643838377791,0.00032821969807825783,12.966232994093057,-14.502418959457573,0.00032601135476810554
2.260999999999862,0.08232088443526564,-4.282931154490058e-07,2.771098520197579e-06,-4.454411861875374e-07,1.123652135031473e-08,-1.6647057787408433e-07,0.2996718374512221,0.3003281806311174,0.3,0.0018219846019545505,2.563700498270763e-07,2.4222738726775006e-05,13.396115124455306,-15.021688978813541,0.00032837947025809045,12.966162851796215,-14.50233174074507,0.0003260930637078956
2.28099999999986,0.0823208613602156,-1.4085528486319806e-06,2.7624360404085446e-06,-4.276742348256934e-07,1.493408032122259e-08,3.098359671528471e-07,0.2996720191412315,0.30032811642555485,0.3,0.0018213559574375147,2.8140886240458696e-07,2.422279426106147e-05,13.396147023766947,-15.021731984097787,0.00032843491701060466,12.966092967544935,-14.502244606305078,0.00032606438861254735
2.3009999999998576,0.08232082145585409,-2.1937362792411315e-06,2.754223502869635e-06,-4.0346848748745387e-07,2.699559768410577e-08,7.038828051359462e-07,0.2996722096131536,0.3003280568813397,0.3,0.0018207159602656314,3.0619261187291823e-07,2.422284964694251e-05,13.39617911342845,-15.02177492685752,0.00032841350771120164,12.966024220587398,-14.502158609825582,0.00032595390459980975
2.3209999999998554,0.08232076897944347,-2.761291094087166e-06,2.7465768558734838e-06,-3.7374637654841133e-07,4.5555091439291753e-08,1.0013789553390447e-06,0.29967240321874383,0.30032799737930693,0.3,0.001820067453083219,3.308223292651123e-07,2.4222907678213396e-05,13.396212884961434,-15.021819595931042,0.00032832595750696507,12.965957310891948,-14.502074594598316,0.00032577368311703474
2.340999999999853,0.08232070840921904,-3.1042577800366154e-06,2.7395895382878455e-06,-3.3969722879299765e-07,6.857684106623795e-08,1.195990628795178e-06,0.29967259485715186,0.30032793390037055,0.3,0.0018194134213548297,3.5536390109683454e-07,2.4222970597164167e-05,13.396249518207826,-15.021867426363041,0.00032818633798085533,12.965892733169998,-14.50199317236701,0.00032553926940082973
2.360999999999851,0.08232064415182738,-3.230081289458852e-06,2.7333286371916676e-06,-3.0267591969044205e-07,9.40067159709956e-08,1.2887605005932832e-06,0.29967278023137567,0.30032786320643684,0.3,0.0018187567852672943,3.798496128030278e-07,2.4223040025977123e-05,13.396289847824068,-15.021919455008112,0.00032801080650375045,12.965830771115108,-14.501914713121879,0.000325268305493195
2.380999999999849,0.08232058027807132,-3.1588302472705646e-06,2.7278330379174043e-06,-2.6410183618157684e-07,1.1990602674978634e-07,1.287120450313676e-06,0.29967295601828764,0.300327782947169,0.3,0.0018181002255883234,4.042815071343077e-07,2.422311694603818e-05,13.396334356468092,-15.021976307528195,0.00032781595831702086,12.965771506013489,-14.501839351570185,0.0003249787874319823
2.4009999999998466,0.08232052030860415,-2.920489741176732e-06,2.7231135661803796e-06,-2.2536109953169673e-07,1.4456088613581213e-07,1.2035937257491562e-06,0.2996731199530714,0.300327691695633,0.3,0.0018174460495016071,4.286361370721214e-07,2.4223201721948453e-05,13.396383191407093,-15.02203821360393,0.0003276175554253975,12.96571483713761,-14.501767008052724,0.0003246877165062966
2.4209999999998444,0.08232046706076888,-2.551818927968278e-06,2.7191549144614524e-06,-1.8772141630514988e-07,1.6656292411690296e-07,1.0543269151574322e-06,0.2996732708341558,0.30032758891989,0.3,0.0018167960990813634,4.5287023277779144e-07,2.422329416079803e-05,13.396436200332024,-15.02210504556956,0.00032742956308735903,12.965660511258358,-14.50169742066126,0.00032441007901839525
2.440999999999842,0.0823204225599726,-2.093126598516979e-06,2.715919020894464e-06,-1.5226462166222692e-07,1.8485978842433945e-07,8.57576306971693e-07,0.2996734084589326,0.3003274749006934,0.3,0.0018161517020274893,4.769268025181909e-07,2.4223393600645473e-05,13.396492981606992,-15.022176374781392,0.0003272634644982377,12.965608158187267,-14.501630185094834,0.00032415812584732313
2.46099999999984,0.08232038801342784,-1.5852179723194986e-06,2.7133494996528507e-06,-1.198398898817143e-07,1.9877609589214723e-07,6.3225530205153e-07,0.2996735335036734,0.3003273506076406,0.3,0.0018155136616981018,5.007412214203371e-07,2.4223499015747352e-05,13.396552943689082,-15.022251539749472,0.0003271278396926676,12.965557329410869,-14.501564798641857,0.00032394093730208186
2.480999999999838,0.08232036383994168,-1.066705454414491e-06,2.711376704669921e-06,-9.103787982148295e-08,2.0800735055652644e-07,3.9662977788173733e-07,0.29967364736279334,0.30032721754712793,0.3,0.0018148822814466558,5.242469261818677e-07,2.4223609131777446e-05,13.396615368782133,-15.022329720007507,0.0003270281907405399,12.965507536816343,-14.501500704972994,0.0003237642530846728
2.5009999999998356,0.08232034974654687,-5.718105581092926e-07,2.709923017103766e-06,-6.6184790896873e-08,2.1259076880888254e-07,1.6722650964302529e-07,0.2996737519632515,0.3003270775955736,0.3,0.0018142574168423435,5.473804120195003e-07,2.4223722541323944e-05,13.396679475995429,-15.022410010267343,0.00032696699247257443,12.96545828910647,-14.501437336719382,0.00032363054394020905
2.5209999999998334,0.0823203448408783,-1.2873846337731804e-07,2.7089079863221177e-06,-4.5354455512344574e-08,2.1285792747174165e-07,-4.200279144528377e-08,0.29967384956936743,0.30032693283056233,0.3,0.0018136385485282927,5.700853152181437e-07,2.4223837812108574e-05,13.396744480038624,-15.02249149001895,0.000326943929897501,12.965409123798366,-14.501374153372815,0.00032353928206943147
2.540999999999831,0.08232034776735295,2.413462387892961e-07,2.7082530122679582e-06,-2.8395042507665995e-08,2.093746772850119e-07,-2.2024153501462792e-07,0.29967394259189417,0.30032678537104507,0.3,0.0018130248682169197,5.923154537971945e-07,2.422395358280466e-05,13.396809642324554,-15.022573284739375,0.00032695628520364205,12.965359633298329,-14.501310672673169,0.0003234873698595962
2.560999999999829,0.08232035685523933,5.247547845535745e-07,2.707885328280535e-06,-1.4966667125962353e-08,2.028738692833919e-07,-3.60092581235517e-07,0.2996740334130795,0.300326637235678,0.3,0.0018124153705701607,6.140367823010513e-07,2.4224068640679048e-05,13.396874312145503,-15.022654615914817,0.00032699942940966865,12.965309484162045,-14.501246494243649,0.0003234696778236022
2.5809999999998268,0.08232037026750746,7.151703794725947e-07,2.707741116658724e-06,-4.586475085194549e-09,1.941861750877793e-07,-4.5760480825869476e-07,0.2996741242368845,0.3003264902260945,0.3,0.001811808944377154,6.352282918435547e-07,2.4224181979672234e-05,13.396937956695146,-15.022734838147588,0.0003270673702640763,12.965258429102347,-14.501181314968624,0.0003234796399122055
2.6009999999998246,0.08232038614076968,8.130834140076001e-07,2.707767671694672e-06,3.3231132730225382e-09,1.84173709568411e-07,-5.120741340506156e-07,0.29967421697062674,0.3003263458393363,0.3,0.0018112044574227475,6.558819481756681e-07,2.422429283747297e-05,13.397000179458452,-15.022813462729275,0.0003271533173346512,12.965206311941502,-14.5011149361477,0.0003235098638825
2.6209999999998224,0.08232040270846532,8.24862047504061e-07,2.7079245938921304e-06,9.38632711868993e-09,1.7367036416656605e-07,-5.256615028971443e-07,0.2996743131415135,0.30032620521130216,0.3,0.0018106008306305321,6.760018088070144e-07,2.4224400711345355e-05,13.397060727362847,-15.02289016797792,0.00032725022329478746,12.965153066068385,-14.501047263006788,0.00032355271333810306
2.64099999999982,0.0823204184015683,7.61567294163866e-07,2.7081840651629885e-06,1.4229227342946747e-08,1.6343181216855364e-07,-5.028765490632972e-07,0.29967441384878757,0.30032606909080245,0.3,0.0018099970983609529,6.956024910463183e-07,2.4224505355768724e-05,13.3971194877637,-15.022964797446168,0.0003273512709836199,12.96509870730865,-14.500978297583476,0.00032360082891622424
2.660999999999818,0.08232043192328906,6.376214432938643e-07,2.708530306712309e-06,1.844055713010154e-08,1.540971342561719e-07,-4.4997788884677616e-07,0.29967451974983705,0.3003259378419116,0.3,0.0018093924530518486,7.147071806300035e-07,2.422460676401213e-05,13.397176476805496,-15.023037347754169,0.000327450280542154,12.965043322394184,-14.500908126273123,0.00032364756179628786
2.6809999999998158,0.0823204422963933,4.69436162202606e-07,2.708958361193059e-06,2.2540143165293253e-08,1.4616300713284786e-07,-3.7433966898770915e-07,0.2996746310766333,0.300325811470764,0.3,0.0018087862736237519,7.333453712797951e-07,2.422470513563569e-05,13.397231821039808,-15.023107948238932,0.00032754202283368276,12.964987054364359,-14.500836903509153,0.00032368730521135263
2.7009999999998136,0.08232044888369636,2.740928213573844e-07,2.7094723656223563e-06,2.6955873628879958e-08,1.3997046461785166e-07,-2.838296244473515e-07,0.29967474767740265,0.3003256896718855,0.3,0.00180817813816813,7.515505168915993e-07,2.4224800836408243e-05,13.397285734489435,-15.023176834774878,0.0003276224302093764,12.964930086131313,-14.500764833173788,0.00032371571488514313
2.7209999999998113,0.08232045138395554,6.815423716537342e-08,2.710083490641002e-06,3.200942296348842e-08,1.3570342903616886e-07,-1.8623721409416525e-07,0.29967486907749974,0.30032557188854364,0.3,0.0018075678223453977,7.693577570337731e-07,2.4224894352631664e-05,13.397338493089174,-15.023244320305846,0.0003276887040591766,12.964872623651235,-14.500692149145017,0.0003237298186852562
2.740999999999809,0.08232044980666751,-1.333336411924187e-07,2.710807723585451e-06,3.791078906966755e-08,1.3339755794401623e-07,-8.878208531986396e-08,0.2996749945529846,0.30032545738137856,0.3,0.001806955285610648,7.868018489285843e-07,2.422498624330296e-05,13.397390408634122,-15.023310764359133,0.0003277393275212038,12.964814879712671,-14.500619096422648,0.0003237280244798809
2.760999999999807,0.08232044443017911,-3.17610599712286e-07,2.7116636562504737e-06,4.476061992753198e-08,1.3295747800352824e-07,2.2760238318217367e-09,0.299675123210485,0.3003253452998352,0.3,0.0018063406478469421,8.039154084976029e-07,2.4225077094236176e-05,13.397441803903275,-15.023376543664417,0.0003277739934594033,12.964757059363592,-14.500545913930543,0.0003237100379435858
2.7809999999998047,0.08232043574800907,-4.747224199718771e-07,2.7126704181534844e-06,5.255918958305167e-08,1.3418019117205934e-07,8.191416382637388e-08,0.2996752540673582,0.3003252347514264,0.3,0.0018057241592215468,8.207275273708166e-07,2.422516747737857e-05,13.39749299042749,-15.023442025612114,0.0003277934638064595,12.964699347700277,-14.500472819916151,0.0003236767073899025
2.8009999999998025,0.08232042440840043,-5.977913841793523e-07,2.7138458697090195e-06,6.122072059430903e-08,1.3678233229276812e-07,1.4650690614464168e-07,0.2996753861269336,0.3003251248646404,0.3,0.0018051061661076586,8.372628009753052e-07,2.422525791552903e-05,13.397544249959385,-15.023507545876159,0.0003277993797249809,12.964641900502269,-14.50040000054097,0.00032362981705906654
2.8209999999998003,0.08232041115188435,-6.830532826782488e-07,2.7152051346457373e-06,7.059124059400411e-08,1.404290144923217e-07,1.9387584877554439e-07,0.29967551844466045,0.30032501484229124,0.3,0.0018044870757597904,8.535407707786557e-07,2.422534885486351e-05,13.397595820334264,-15.023573391085904,0.0003277940392843488,12.964584837969857,-14.500327601994353,0.00032357184659803623
2.840999999999798,0.08232039675114476,-7.296886613762517e-07,2.7167595218827167e-06,8.0468399462397e-08,1.4476219462722295e-07,2.2323936870959446e-07,0.29967565018209263,0.30032490400311135,0.3,0.001803867322131337,8.695757587536915e-07,2.4225440647413726e-05,13.397647886085391,-15.023639786959263,0.00032778016210352446,12.964528241521267,-14.500255726206925,0.0003235057176782832
2.860999999999796,0.08232038195675422,-7.394867360735936e-07,2.718515854677195e-06,9.062187597269668e-08,1.4942679400533226e-07,2.3507897561123777e-07,0.2996757806468449,0.30032479181043803,0.3,0.001803247334815593,8.853770481844923e-07,2.4225533540561117e-05,13.397700573713834,-15.023706891961188,0.0003277606586472048,12.964472153533928,-14.50018442995184,0.00032343454654199064
2.8809999999997937,0.08232036745150256,-7.163853120310829e-07,2.7204761943039335e-06,1.0081277602246559e-07,1.5409318684365237e-07,2.3094186531517544e-07,0.29967590931782934,0.30032467788785566,0.3,0.0018026275126184167,9.009493520324118e-07,2.4225627674872157e-05,13.397753951341175,-15.023774796124783,0.0003277384172512584,12.964416579610827,-14.50011372697621,0.00032336141643247665
2.9009999999997915,0.08232035381512613,-6.659334931191258e-07,2.722637925708926e-06,1.1081103064078542e-07,1.5847508575038327e-07,2.1320082426214068e-07,0.29967603585607655,0.30032456202245966,0.3,0.0018020082027694181,9.162934981135971e-07,2.4225723090013433e-05,13.3978080321518,-15.023843524446855,0.00032771612041526373,12.964361492954584,-14.500043592632407,0.00032328918201873086
2.9209999999997893,0.0823203415003422,-5.947205488302992e-07,2.724994149029547e-06,1.2040990478015575e-07,1.6234227775532822e-07,1.8479252937091217e-07,0.29967616010238946,0.3003244441571805,0.3,0.0018013896862850085,9.314072581200937e-07,2.4225819735423803e-05,13.39786278093239,-15.023913043984507,0.0003276960995035546,12.964306840224888,-14.49997397040038,0.0003232203152796082
2.940999999999787,0.08232033082022978,-5.098146238517918e-07,2.7275343132265872e-06,1.294370444240965e-07,1.6552806875690015e-07,1.4895401114711531e-07,0.29967628206370045,0.30032432437406476,0.3,0.0018007721695398047,9.462862470650424e-07,2.4225917485431114e-05,13.397918122809616,-15.02398327375212,0.0003276802294700835,12.964252548398424,-14.499904779605712,0.0003231567948968316
2.960999999999785,0.08232032194629134,-4.182428371129123e-07,2.7302450164162773e-06,1.377618650577779e-07,1.679316533599297e-07,1.0897444975911677e-07,0.29967640189054684,0.30032420287079564,0.3,0.0018001557817067515,9.609248276343946e-07,2.4226016157989953e-05,13.397973953405113,-15.02405409636372,0.0003276698691371218,12.964198531985906,-14.499835923731192,0.00032310004398748433
2.9809999999997827,0.08232031491588937,-3.265442103588211e-07,2.7331109008835175e-06,1.4529921138532083e-07,1.6951592620220547e-07,6.797633241127057e-08,0.2996765198482643,0.3003240799328276,0.3,0.0017995405774064723,9.753169609046978e-07,2.422611553348159e-05,13.39803014949754,-15.024125370469719,0.00032766584056910834,12.964144700149157,-14.499767298661647,0.0003230509100342246
3.0009999999997805,0.08232030964735892,-2.404119830181806e-07,2.736115570556308e-06,1.5200963146289547e-07,1.703014762845324e-07,2.8736175630511357e-08,0.29967663628461594,0.30032395590352107,0.3,0.0017989265436722734,9.894569572102817e-07,2.422621537399524e-05,13.398086579493146,-15.02419694305475,0.0003276684472604778,12.964090963221821,-14.49969880037343,0.00032300968593369274
3.0209999999997783,0.08251901352824793,0.01265621318388482,0.00010268395309988992,0.008188200898679117,1.3561054604854254e-05,0.0012796771662171216,0.2996784671478156,0.30032543366911846,0.3,0.001798159822743016,-3.802509018300393e-07,2.4206403337329425e-05,13.378570104674637,-15.045162678827214,0.08239129029821905,12.945659607983083,-14.519968287253088,0.08254031069953364
3.040999999999776,0.08231965238399848,-0.024505812764726444,0.000427585928761659,0.019263491109335007,9.465040999498502e-05,0.005279560031376604,0.2996615862680754,0.3003080857478995,0.3,0.0017970087464357952,-4.988237840311809e-06,2.423026916294162e-05,13.389819832759207,-15.073327445442365,0.14386062333205774,12.957143598677291,-14.548256025907813,0.14417437228335356
3.060999999999774,0.08088148171863864,-0.09103350345968557,0.0009701068646589678,0.030089632266280884,0.00026076047960803077,0.009327215128688133,0.2996097973118503,0.30025592635526316,0.3,0.0017956054675583783,-1.1555471645594362e-05,2.4295221095872845e-05,13.423987073111164,-15.09899284741499,0.15828442644283747,12.99061361697612,-14.574529770321387,0.15867379572463775
3.0809999999997717,0.07808606040911636,-0.15735615410140164,0.0017267418421527125,0.04074441768460377,0.0004870886953282425,0.011874560563655689,0.29953069661430304,0.3001767175622811,0.3,0.0017942712571094523,-1.81504268002449e-05,2.436814955921984e-05,13.462169819481929,-15.122651703475972,0.14705954708411847,13.027059347595943,-14.599159013909487,0.14744016310042976
3.1009999999997695,0.07411403640280025,-0.21275909745119198,0.002692503846341461,0.051105337697650285,0.0007406218833850156,0.012815922468840541,0.29944125824572854,0.30008754573106766,0.3,0.001793344742411665,-2.3598336782487775e-05,2.4429831542193656e-05,13.494095227127621,-15.141298843830967,0.12136207192818818,13.056344560032631,-14.618983934267215,0.12169530137863419
3.1209999999997673,0.06922607192897874,-0.2548814828778371,0.003858841021250309,0.060986799279424506,0.0009948605370810602,0.012564718602417226,0.2993596175902363,0.30000658783777273,0.3,0.0017930367423256868,-2.7725734151256212e-05,2.447059535461742e-05,13.514655012041379,-15.151358662424022,0.08695507252133404,13.073628767254922,-14.630343189890576,0.08724780327307739
3.140999999999765,0.06368088867062051,-0.28438280298362884,0.005213638677715529,0.07021853173473326,0.001233129215410027,0.011611765270056938,0.29930089488978645,0.2999489241049697,0.3,0.0017933669950324926,-3.112486320646046e-05,2.4486600125116843e-05,13.52189295404494,-15.150323558039775,0.04723678288948652,13.077262481891772,-14.630724201249055,0.047528889498672885
3.160999999999763,0.057646744564847426,-0.31068871289238564,0.006720687944857792,0.07591407744322795,0.0014456425491495692,0.010114516817512974,0.299274817790147,0.2999241967364822,0.3,0.0017942067414730824,-3.4549846409649106e-05,2.448583525364891e-05,13.524900684916311,-15.13004852497818,-0.025692129597749826,13.075897065433427,-14.612471860401655,-0.025405518352940765
3.1809999999997607,0.051276396947179184,-0.312878011628999,0.008191678433141815,0.07247218110219829,0.001593340466703554,0.006000146955489748,0.2992922470241301,0.2999432455821656,0.3,0.0017955628927236852,-3.676320623632308e-05,2.4463198393108575e-05,13.516933764707742,-15.077154804792679,-0.16045000770086643,13.063737975979745,-14.561421718548015,-0.16021566413960192
3.2009999999997585,0.04576540902531369,-0.2573532234950212,0.009580460939992028,0.06821351164787257,0.0016327853890317392,0.00046926534305521717,0.2993704574893071,0.30002301493665806,0.3,0.0017971215803500233,-3.888565440397279e-05,2.4378590813994173e-05,13.471810648644498,-15.023989489648486,-0.2397409790599079,13.015614401251819,-14.509749968172308,-0.23943722358567024
3.2209999999997563,0.041679166618846034,-0.18366406969703608,0.010873761823648465,0.06323394053389197,0.0015754056991907541,-0.003933975425677919,0.29950153575884303,0.30015529544823694,0.3,0.0017983926144697867,-4.384890144757866e-05,2.426681377723296e-05,13.41276047134113,-14.970784607762731,-0.2828078347483969,12.954956178864157,-14.457670219871273,-0.2822727980356109
3.240999999999754,0.039057314499419654,-0.11194488074823122,0.012057398720162836,0.057576578029669236,0.0014566509889468154,-0.006488270714331254,0.29966598467499467,0.300320426350883,0.3,0.0017989279136825563,-5.421887098394145e-05,2.4153357663129783e-05,13.353348347814403,-14.918412452515682,-0.3047724316484312,12.895297635474765,-14.40610098795771,-0.30388212674776965
3.260999999999752,0.03774595815236617,-0.04915719396673851,0.013120440087442169,0.05143019136637641,0.0013110763618966498,-0.007419309180333695,0.2998438002499137,0.300498323396408,0.3,0.0017983649845377471,-7.139215379363655e-05,2.4050958269389765e-05,13.300129170519604,-14.869470640890045,-0.31326893631637337,12.843040646903038,-14.357775223805104,-0.3119549861801671
3.2809999999997497,0.03753772806048382,0.0030715086991412667,0.014056220659492524,0.04500873232106874,0.0011640824442910047,-0.00722382970681873,0.30001781508022396,0.30067177999482975,0.3,0.0017964511611240728,-9.564587295536446e-05,2.3966153747017776e-05,13.256446571605744,-14.826984649582851,-0.31247997668009414,12.801326235722119,-14.3158395917076,-0.3107223400778008
3.3009999999997475,0.03822472207865869,0.04509737797931105,0.0148620738723228,0.0385040047784464,0.0010309653747302,-0.006392399138013969,0.30017435941483667,0.3008271223766743,0.3,0.001793080641627888,-0.00012644218341320928,2.3902265662637047e-05,13.223994186197372,-14.793565541527972,-0.30513303653291723,12.771611364118577,-14.282959900702043,-0.3029467305955639
3.3209999999997453,0.039617631161613855,0.07797853179425959,0.015538663007501799,0.03207235211596826,0.0009185837102930047,-0.0053156270578916635,0.3003032749870582,0.30095423414903033,0.3,0.0017883206204771425,-0.00016274293219352678,2.3860576987266117e-05,13.203411949826394,-14.771058819749483,-0.29316450480692224,12.754276968143433,-14.26096271026485,-0.29058709318237674
3.340999999999743,0.04155145241499711,0.10295357111801651,0.01608925115691784,0.025834075588697845,0.00082772583259319,-0.004263983266381484,0.30039779565020863,0.30104644417651927,0.3,0.0017824108830504207,-0.00020326309399635564,2.3840871456505223e-05,13.194548666340705,-14.760401277466322,-0.2780170488425987,12.748907691528744,-14.250708380196592,-0.2750986837875926
3.360999999999741,0.04388573729889472,0.12123171229405479,0.01651903619488375,0.019877570774877666,0.0007553941787319516,-0.003398054132597348,0.3004543603167188,0.30110033596804664,0.3,0.0017757369985187308,-0.0002466528850605559,2.3841746582673356e-05,13.19661710941423,-14.761622076110992,-0.26078231843910515,12.75446570071895,-14.252116496190602,-0.257578475254192
3.3809999999997387,0.046502694739403244,0.13391160308718436,0.01683459113116368,0.014264782340370343,0.0006967009851139599,-0.002790003385099018,0.3004723405890584,0.30111546218288504,0.3,0.001768784898631525,-0.0002916179307204167,2.386086096258637e-05,13.208322415763048,-14.773935969829576,-0.24228367463502196,12.769435634914826,-14.264283530785763,-0.2388501811098909
3.4009999999997365,0.04930453399195379,0.14195456857104033,0.01704341344565679,0.009036552231534097,0.0006462906274151201,-0.0024474181540916277,0.3004536724146537,0.3010939576782691,0.3,0.0017620860890703467,-0.00033699124106106713,2.3895170466809113e-05,13.2279897781812,-14.795892453019544,-0.22313561343834115,12.79196487956289,-14.285652986772842,-0.21952547904079917
3.4209999999997343,0.05221065943677903,0.14618244522519908,0.01715357233009055,0.004217308479074573,0.0005993047172085674,-0.0023354983394781575,0.300402400891379,0.30104006418280016,0.3,0.001756161612122355,-0.0003817698627627536,2.394116677378472e-05,13.253696264090427,-14.825555162625983,-0.20379201509391368,12.820003394537054,-14.31421096758051,-0.20005360733757718
3.440999999999732,0.055155008805896646,0.14728734970324844,0.017173437856883335,-0.0001810688316421557,0.000551951198273046,-0.0023958308916340364,0.3003241622027044,0.30095959352023194,0.3,0.0017514710849295153,-0.00042512684815344636,2.3995115095155215e-05,13.28340330323654,-14.860691922434473,-0.18458649506641842,12.851439646082488,-14.347687066567246,-0.18076268538475018
3.46099999999973,0.058083679324180224,0.14584733213768128,0.017111475641906244,-0.004156189435247577,0.0005017557317774041,-0.00256115512433492,0.3002256347938561,0.3008593634436216,0.3,0.0017483713425781235,-0.00046640692010643803,2.4053281495613218e-05,13.315083362108615,-14.89895982841937,-0.1657654099619204,12.884226478292721,-14.38374490862477,-0.16189338482160276
3.4809999999997276,0.06095290678834212,0.14234446672738457,0.01697609214264873,-0.007712807342334195,0.00044757588103033524,-0.002766147626276334,0.30011399438791525,0.30074664183613403,0.3,0.001747087562988373,-0.0005051122476106543,2.411213860727095e-05,13.346833843102768,-14.938073116158273,-0.14751362026040502,12.916490491612159,-14.420150340832889,-0.14362511782850115
3.5009999999997254,0.06372741182635722,0.13718309490455086,0.016775518145381405,-0.010861061680636688,0.00038945282398010895,-0.0029545904844104523,0.29999640554711277,0.30062863251474037,0.3,0.0017476982484578632,-0.0005408831059776191,2.4168539538754467e-05,13.37697217365788,-14.975944772591351,-0.12997338885880386,12.946619591608838,-14.454908796678566,-0.12609517745730633
3.5209999999997232,0.0663790922383207,0.13070662246520814,0.016517720614245564,-0.01361517337324072,0.00032836537961564464,-0.003083455941220897,0.2998795774064685,0.30051203027685824,0.3,0.0017501340921296281,-0.0005734768343237578,2.4219852217212713e-05,13.404107748045016,-15.010796046909768,-0.11325719375414191,12.973325195837942,-14.486366830993559,-0.10941165677888605
3.540999999999721,0.06888601631890709,0.12321181306672778,0.016210335552581556,-0.015992477552225028,0.00026593936207669044,-0.0031245079406870993,0.2997694041000284,0.3004026652911438,0.3,0.0017541895941602386,-0.0006027473823505492,2.4264049551646308e-05,13.427188415104297,-15.041231075024944,-0.09745553507418675,12.995677692578917,-14.513276098813883,-0.09366126861580124
3.560999999999719,0.07123165803996831,0.11496001142071618,0.015860616672054968,-0.01801268988206415,0.0002041531488369303,-0.0030640234036044597,0.29967070234336995,0.3003052485341157,0.3,0.0017595453525598064,-0.0006286268347253218,2.4299754065729294e-05,13.445520870771652,-15.066274764764858,-0.08264474868338134,13.013115424713405,-14.53481910886871,-0.07891711287888381
3.5809999999997166,0.07340439307140431,0.10619256440172649,0.015475397150390494,-0.019697258950006843,0.00014506653514955267,-0.002901391893054017,0.2995870520767406,0.3002232231594012,0.3,0.0017657982709926641,-0.0006511094907711343,2.4326225681940228e-05,13.45876181722554,-15.085374864839947,-0.0688915204082969,13.02542498688302,-14.550598874374119,-0.06524312528467897
3.6009999999997144,0.07539707217378515,0.0971220542487873,0.015061061230769592,-0.02106900078529575,9.059816442284505e-05,-0.002646119280362691,0.2995207340008666,0.30015871449030895,0.3,0.0017724965118942058,-0.0006702389945233296,2.4343357807925264e-05,13.466908434266267,-15.098411234739753,-0.05620237769293708,13.032722013357155,-14.560636540880283,-0.052643439658130106
3.6209999999997122,0.07720627074401819,0.08792873457799104,0.014623521572371893,-0.022151701148193974,4.236605770123545e-05,-0.0023151716536029972,0.29947275009726027,0.3001125636423855,0.3,0.0017791760265610328,-0.0006860983668334777,2.4351591307866184e-05,13.470251044639568,-15.105612436940252,-0.04460891672152454,13.035395760862091,-14.56527825503071,-0.0411475703646046
3.64099999999971,0.0788319855597367,0.07878017828444135,0.014168208383354274,-0.022969571506349505,1.5675797669161598e-06,-0.00193077762363308,0.2994429294225758,0.30008444586388017,0.3,0.0017853956162956518,-0.0006988014952481986,2.4351810493715468e-05,13.46931309063044,-15.107510625315424,-0.034122230287120525,13.034043436941786,-14.565142657579793,-0.030764779522555453
3.660999999999708,0.08027733651204493,0.06982770286479383,0.013700065438026036,-0.023546940620442703,-3.1082164816102354e-05,-0.001517443691470544,0.2994300926031921,0.30007304608505664,0.3,0.001790767793411234,-0.0007084867209232856,2.4345235411395206e-05,13.464790986713055,-15.104868952792836,-0.024733653991311763,13.029406876552715,-14.561043749823561,-0.021484752567444705
3.6809999999997056,0.08154818623339478,0.06120273435672842,0.013223552176096602,-0.023907947419848224,-5.5358493189356766e-05,-0.0010994417699673553,0.299432255735321,0.30007627165317297,0.3,0.001794983337641036,-0.0007153119539793342,2.43333072675006e-05,13.45749113801562,-15.098604307187387,-0.016416818231230534,13.02230877514798,-14.553912152753272,-0.013279609639122612
3.7009999999997034,0.08265270667698658,0.05301447894802421,0.01274265188307714,-0.024076240708675305,-7.149344365315599e-05,-0.0006988739110287941,0.29944685614775035,0.30009148421070875,0.3,0.0017978281584113385,-0.0007194507122265886,2.4317574507865886e-05,13.44826812053826,-15.089711274512004,-0.009129794620474356,13.013592298708756,-14.544720503396388,-0.006106032721376086
3.720999999999701,0.08360091409126941,0.04534861136868044,0.012260885531060632,-0.024074704353525583,-8.011150547487449e-05,-0.00033429527956765085,0.2994709832282391,0.30011573368390587,0.3,0.0017991918222902514,-0.0007210886780754372,2.4299586837243064e-05,13.437967841784202,-15.079191729632237,-0.002817600542163684,13.00406756569502,-14.53441700939963,9.2234769464961e-05
3.740999999999699,0.08440419179909939,0.038266931727697476,0.011781330598365197,-0.02392521909812508,-8.214549684951519e-05,-1.986259258024671e-05,0.2995015994609833,0.3001459795503522,0.3,0.001799067820597438,-0.0007204205170578205,2.4280802842753454e-05,13.427378557281047,-15.067993537132303,0.0025849554261638064,12.994467446015447,-14.523870106420532,0.0053815387101459325
3.760999999999697,0.0850748201455381,0.03180798756697939,0.011306644040511328,-0.02364846707766912,-7.874238566397363e-05,0.00023504345317259016,0.29953573946357953,0.3001792874187837,0.3,0.0017975462849933916,-0.0007176468166377728,2.426251518577993e-05,13.417191710116247,-15.056960845977313,0.007150250385618701,12.985414151586898,-14.513826062879577,0.009835283033655499
3.7809999999996946,0.08562553220757717,0.02598860371537529,0.010839088517980183,-0.023263781465786587,-7.116756369393753e-05,0.0004257902544742554,0.2995706778260118,0.3002129921483181,0.3,0.0017948003696901327,-0.0007129710930798214,2.4245795666815846e-05,13.407973694264557,-15.046797435389692,0.01095484939773341,12.977397208161973,-14.504880311520331,0.013530923291705072
3.8009999999996924,0.08606911164123805,0.020806189187248796,0.01038056097947318,-0.022789040877926964,-6.071454302898414e-05,0.0005521394634307655,0.2996040596993814,0.30024482200822844,0.3,0.0017910678805439387,-0.0007065968783438271,2.4231460929602045e-05,13.400148839601993,-15.038043589465216,0.014076720113529421,12.970762615705793,-14.497462327948524,0.01654717463062808
3.82099999999969,0.08641804554139017,0.016241632034696134,0.009932622738750035,-0.02224060603663815,-4.862537655949348e-05,0.0006176512760293827,0.299633991155405,0.30027298152594384,0.3,0.001786629931563812,-0.0006987249391918277,2.4220058191519913e-05,13.393993205016345,-15.031066100156224,0.016592803032471407,12.965712347652799,-14.491833068760585,0.018961579143518117
3.840999999999688,0.08668424090026758,0.012262561291784687,0.009496530255294407,-0.02163329473962696,-3.6025435540144425e-05,0.0006289294569885692,0.29965908917224104,0.3002961935238032,0.3,0.0017817884512403496,-0.0006895506993253582,2.421186925480874e-05,13.389638171218015,-15.026060260232988,0.018577027130822966,12.962312823620302,-14.488093351815664,0.020848523096193568
3.860999999999686,0.08687880872350026,0.008826750474566238,0.009073265921831358,-0.02098039029678929,-2.3874605799264735e-05,0.0005947836957983333,0.2996784935682307,0.30031370327912077,0.3,0.0017768442603192205,-0.0006792619363864406,2.4206930164111535e-05,13.387082363422236,-15.023062133784462,0.020098808367249164,12.960510624455662,-14.486201118059764,0.02227774152911751
3.8809999999996836,0.08701191905856974,0.005885864410101102,0.008663568296482814,-0.020293674481952843,-1.2935664033890104e-05,0.0005253647858088779,0.2996918452922482,0.3003252497544367,0.3,0.0017720772241810166,-0.000668036808976296,2.4205062284442065e-05,13.38620958409491,-15.02196760791278,0.02121957783502377,12.960152975795083,-14.48599387234324,0.023310855507080806
3.9009999999996814,0.08709273618722171,0.0033887540104142752,0.008267961411425592,-0.01958348525022271,-3.7594674764179205e-06,0.0004313659699766792,0.299699237092113,0.300331010348554,0.3,0.0017677296748774423,-0.0006560422504467598,2.4205914729719307e-05,13.386812707876395,-15.022563282315515,0.022002067499117872,12.961012899474511,-14.487221281390386,0.024010673357108527
3.920999999999679,0.08712934063268549,0.001280566692269858,0.007886782028923192,-0.018858823942752827,3.3169056607369654e-06,0.00032338175836839594,0.2997011413703111,0.3003315243007247,0.3,0.0017639939484912239,-0.0006434328476877175,2.4209012922223267e-05,13.388620489228565,-15.024551641395762,0.02249713303450216,12.96281597634184,-14.489570449871632,0.024428029326295682
3.940999999999677,0.08712874665524172,-0.000490935653196602,0.007520205598105602,-0.018127410701268297,8.156548561050137e-06,0.00021112998933803617,0.29969832563539167,0.3003276053136607,0.3,0.0017610045071933763,-0.0006303499826526688,2.4213801886937924e-05,13.391321625038191,-15.027582533116053,0.02274832912045974,12.965263254430427,-14.492696052655644,0.024606368378009415
3.960999999999675,0.08709698611298872,-0.0019736214358158054,0.007168270399473993,-0.017395790335747358,1.079842463005737e-05,0.0001030149889098061,0.2996917616361448,0.30032024951627706,0.3,0.0017588347233215148,-0.0006169213580420656,2.421969301772455e-05,13.394590147934503,-15.031283840634957,0.022794059768849288,12.968054562113561,-14.496248434763078,0.024583916631896977
3.9809999999996726,0.08703920444719587,-0.0032103825468770037,0.006830899404379989,-0.016669445215592174,1.1426795308007651e-05,5.842392022104834e-06,0.2996825337190545,0.30031054423171766,0.3,0.0017574980760203147,-0.0006032609189962212,2.4226106631236293e-05,13.398108390014947,-15.035288122989932,0.02266657673323955,12.97090867599904,-14.499896783808056,0.024392696806863654
4.000999999999671,0.08695978227707232,-0.004237510034140913,0.0065079200733048626,-0.01595289376896856,1.0336169316849699e-05,-7.538064536572e-05,0.29967175280505937,0.3002995837582239,0.3,0.0017569532316148223,-0.0005894690642456291,2.42325067290262e-05,13.4015857313615,-15.039256399975606,0.022394730701368208,12.973578831124609,-14.503348879226678,0.0240612928472905
4.0209999999996775,0.08686244266211517,-0.0050870985002939495,0.0061990818547155505,-0.01524981842712663,7.895579348013634e-06,-0.00013739859244840693,0.2996604798180151,0.3002883957355892,0.3,0.0017571122647430134,-0.0005756331505834039,2.423843395135719e-05,13.404775588206777,-15.042898448729838,0.02200601298849237,12.975866268413524,-14.506367110201543,0.023616909805559715
4.040999999999684,0.08675032595825333,-0.005786782114722237,0.005904071399382968,-0.014563160968005747,4.513924228971623e-06,-0.00017870111977835875,0.2996496621864264,0.300277881412163,0.3,0.00175785115152698,-0.0005618281886304978,2.424352316659123e-05,13.407484747802615,-15.045982678585286,0.021520995601719228,12.977626179385982,-14.508774166241546,0.023079819449818396
4.060999999999691,0.08662610260770942,-0.006358549624612981,0.005622526187743546,-0.01389520791182081,6.061894207378091e-07,-0.0001994155637734071,0.2996400873333313,0.30026877337503843,0.3,0.00175902158967814,-0.0005481176117761355,2.42475139690706e-05,13.409578250117697,-15.048344645118167,0.020957390281421167,12.978769510034939,-14.510457702451854,0.022467428986473224
4.0809999999996975,0.08649207539243976,-0.006819514714926813,0.0053540462351277796,-0.013247686240971165,-3.435616695494169e-06,-0.00020104510417649267,0.2996323527386073,0.30026160999637463,0.3,0.0017604632054441564,-0.0005345541855301571,2.4250253789055577e-05,13.410980442083456,-15.049889019545162,0.020330518119421145,12.979261409428814,-14.511369027170478,0.0217947604052501
4.100999999999704,0.08635026451744529,-0.007182771889561202,0.005098204012972174,-0.012621849814683287,-7.265610846517373e-06,-0.0001861642098468395,0.2996268522307916,0.30025672594385494,0.3,0.00176201528404546,-0.0005211810087650799,2.425169366763703e-05,13.411672061939607,-15.050586826621098,0.019653702413646466,12.97911630314041,-14.51151778965089,0.021074850697775448
4.120999999999711,0.08620247567279124,-0.007458244797408621,0.004854552782611821,-0.012018556131951847,-1.0600786202756316e-05,-0.00015809519510119003,0.2996237772708397,0.3002542572512526,0.3,0.0017635272858427013,-0.0005080325596176124,2.4251877869544418e-05,13.411684054275078,-15.050468769290225,0.01893862857790438,12.978390366173251,-14.510963575572271,0.020319117250839697
4.140999999999718,0.08605035145638906,-0.007653508701626416,0.004622633527977663,-0.011438333879914326,-1.3231268306362141e-05,-0.00012058515774414529,0.29962313116615436,0.30025415867919386,0.3,0.0017648675731549294,-0.0004951357496916897,2.425092882271984e-05,13.411088953659082,-15.04961557265667,0.01819564538276886,12.977172253207787,-14.509805366808061,0.019537662971347534
4.160999999999724,0.08589540714175792,-0.0077745541502211345,0.004401980666873251,-0.010881441586001276,-1.5024354378936795e-05,-7.750178288833682e-05,0.2996247535902735,0.30025623059943374,0.3,0.0017659299564824495,-0.00048251095704130104,2.4249028970294453e-05,13.409990712482182,-15.048146352107318,0.017433999667322137,12.975572932632824,-14.508169834746518,0.01873951344936201
4.180999999999731,0.08573905245243243,-0.007826458945600866,0.004192126713296961,-0.010347917764845138,-1.592294760650263e-05,-3.2563777830998544e-05,0.29962835246814334,0.30026015238884946,0.3,0.0017666378589370824,-0.00047017301345602243,2.424640110691504e-05,13.408513831004141,-15.046206008654417,0.01666200711574177,12.97371541144113,-14.506199384365893,0.01793278888712757
4.200999999999738,0.08558260155796846,-0.007813943249634352,0.003992606053405678,-0.009837623095227658,-1.593925904169447e-05,1.0882122480498147e-05,0.29963354020169286,0.30026551929982437,0.3,0.0017669460803036135,-0.00045813212600992486,2.4243288665912342e-05,13.406792579567295,-15.043952587786322,0.01588716693640113,12.971725038051348,-14.504040760476478,0.017124818768193585
4.220999999999744,0.0854272738613237,-0.007741793024681788,0.003802957984897583,-0.009350275305878588,-1.5144826823701264e-05,5.0029921285597796e-05,0.2996398713298927,0.3002718799520283,0.3,0.001766840305675859,-0.00044639471715959475,2.4239937232469666e-05,13.404960993894315,-15.041545419356195,0.015116230798611286,12.96972093961556,-14.501834882728774,0.01632220977611235
4.240999999999751,0.08527418828946527,-0.007615147559154665,0.003622729154270442,-0.008885477565170224,-1.3657992942276024e-05,8.272554102163083e-05,0.29964687900722,0.300278771929216,0.3,0.0017663346389881435,-0.00043496417205314916,2.4236578317860153e-05,13.403144186127664,-15.039134700018899,0.014355237275597406,12.967809001581264,-14.499708407141501,0.015530878386065393
4.260999999999758,0.08512435374400404,-0.007439656319018351,0.0034514755093243976,-0.008442741246994323,-1.162998610208003e-05,0.00010752106911141965,0.29965410810372756,0.3002857534206286,0.3,0.0017654675429516211,-0.0004238414861248521,2.4233416144971347e-05,13.401451359229437,-15.036853001427183,0.013609522867450997,12.966076642123557,-14.49776733327976,0.014756059395762593
4.280999999999764,0.0849786581478726,-0.007221518143356404,0.003288763866237672,-0.00802150398136792,-9.23069481550179e-06,0.00012367619396240693,0.2996611432350496,0.3002924293751064,0.3,0.0017642966309217828,-0.0004130258103969118,2.423061790643864e-05,13.399970752710358,-15.034809001167696,0.012883719766540545,12.964589483358868,-14.496092800823417,0.014002300761072162
4.300999999999771,0.08483785817689578,-0.006967421546567366,0.0031341731723658547,-0.007621143894328964,-6.63509072178425e-06,0.00013111374104241174,0.2996676305782677,0.3002984711936573,0.3,0.0017628927829842276,-0.0004025148960298194,2.4228307670564247e-05,13.398766594055884,-15.033083552266287,0.01218174912921385,12.963389884168684,-14.494739057916966,0.013273453704443577
4.320999999999778,0.0847025713337877,-0.006684408515054438,0.002987295528366893,-0.00724099090010389,-4.011093592688795e-06,0.00013033821832959786,0.29967329287901806,0.3003036295332008,0.3,0.001761334050521392,-0.0003923054433830406,2.422656385404109e-05,13.397877991837634,-15.031728041968956,0.011506816941938086,12.962497183019156,-14.49373344506711,0.012572665379201278
4.340999999999784,0.0845732715479176,-0.00637968578745113,0.002847737017023573,-0.006880335834264999,-1.5094727777358568e-06,0.00012232746468442607,0.2996779375710983,0.3003077402966788,0.3,0.0017596997752585748,-0.0003823933640129876,2.4225419960329173e-05,13.397319590153863,-15.030764849858,0.010861417778151791,12.961909408021008,-14.493078128275409,0.011902379562696148
4.360999999999791,0.08445028900478421,-0.00606040738864689,0.0027151183717825933,-0.006538438115670607,7.438290220858142e-07,0.00010840788986295811,0.29968145838355864,0.300310724316257,0.3,0.0017580652863467083,-0.0003727739665122932,2.4224868113103156e-05,13.397083714265406,-15.030189605187795,0.010247349980823921,12.961606148425926,-14.492753236940878,0.011264349062813341
4.380999999999798,0.0843338144564632,-0.005733450467200232,0.0025890755059983506,-0.006214532504495494,2.652770005105689e-06,9.012347494151276e-05,0.2996838311806071,0.3003125815781879,0.3,0.0017564974594134228,-0.0003634420788024351,2.4224864792971815e-05,13.397143676478207,-15.029974866540147,0.009665744158109968,12.961552246784178,-14.49272101658424,0.010659661842281917
4.400999999999804,0.08422390786362302,-0.005405203592175083,0.0024692599144151076,-0.005907835392208013,4.1536927596086e-06,6.910777693825951e-05,0.2996851050538502,0.3003133810799479,0.3,0.0017550513320335694,-0.00035439212039392826,2.4225338126832427e-05,13.39745787970408,-15.030074804274708,0.00911710542951483,12.96170196287159,-14.492930592400995,0.010088781377947866
4.420999999999811,0.08412051088891367,-0.005081382985169814,0.0023553389516490914,-0.005617550925567076,5.215393522496783e-06,4.696678674954326e-05,0.29968538985916515,0.30031324754977884,0.3,0.0017537678778789612,-0.00034561813824164004,2.422619605650333e-05,13.397974351614556,-15.030430456081938,0.008601368623495797,12.962003276218152,-14.493322953485,0.009551600498555963
4.440999999999818,0.08402346251152903,-0.004766888028435942,0.00224699598826731,-0.00534287713837024,5.837086239745684e-06,2.5178773276034173e-05,0.29968484146392776,0.3003123463002205,0.3,0.001752672953396539,-0.0003371138192069157,2.4227334752030583e-05,13.398635362285882,-15.03097514458957,0.008117964649165981,12.96240202915589,-14.493835805108043,0.00904750692856786
4.460999999999824,0.08393251686762049,-0.004465703136424908,0.0021439304432680287,-0.005083012150453916,6.044665913613544e-06,5.0153590858578004e-06,0.2996836459527077,0.3003108674409018,0.3,0.0017517773517173848,-0.0003288724908904086,2.4228646694731276e-05,13.39938181760996,-15.031639688746969,0.00766589552487617,12.962845662384899,-14.494407991692647,0.008575457992842796
4.480999999999831,0.08384736233944944,-0.0041808489760281915,0.002045857692008511,-0.004837160397418399,5.885732776067196e-06,-1.251384354770701e-05,0.29968200394365885,0.3003090105560952,0.3,0.001751077832841153,-0.00032088712085330014,2.423002795705671e-05,13.400157175120421,-15.032357101476192,0.007243815063773976,12.9632863543406,-14.494983260526373,0.008134061424943984
4.500999999999838,0.08376764091122474,-0.003914382297615297,0.0019525088504400712,-0.004604538782399479,5.423858771465149e-06,-2.6692526519806583e-05,0.299680116010271,0.3003069707769659,0.3,0.0017505589497956312,-0.00031315032214366525,2.4231384313079514e-05,13.400910692286672,-15.033066538924869,0.0068501119658507005,12.963683439617741,-14.495513209542246,0.007721658949615165
4.5209999999998445,0.0836929668713431,-0.00366744046810081,0.0018636304394149261,-0.0043843825938570235,4.732564164627907e-06,-3.710601737562007e-05,0.2996781700019817,0.30030492696568284,0.3,0.0017501954588396997,-0.0003056543707516636,2.4232635941154606e-05,13.401599884958365,-15.033716345027083,0.006482992039437298,12.96400504504375,-14.495959336322272,0.007336409267958639
4.540999999999851,0.08362294405644184,-0.003440324290906754,0.0017789839363220317,-0.0041759510103603495,3.889430027653906e-06,-4.3629093521488065e-05,0.2996763308311043,0.30030303249732626,0.3,0.0017499550879064877,-0.00029839123828961076,2.423372059832606e-05,13.402192140303567,-15.034266113492437,0.0061405564570831996,12.964228941091337,-14.49629417486733,0.006976367248510602
4.560999999999858,0.08355718098790554,-0.0032326109263281127,0.0016983452249202252,-0.003978532013689716,2.9707082779662173e-06,-4.639673133648184e-05,0.29967473306046444,0.300301408893319,0.3,0.0017498014402169387,-0.0002913526409778908,2.4234595259813797e-05,13.40266549014422,-15.034687762554222,0.005820873300141285,12.964342657631358,-14.496501567657235,0.006639556477156934
4.5809999999998645,0.08349530343137457,-0.0030432876944144144,0.0016215039575623869,-0.0037914465506217613,2.046711823289927e-06,-4.5761896239112416e-05,0.2996734764019983,0.3003001423420841,0.3,0.0017496968271983287,-0.0002845301040459415,2.423523631922663e-05,13.403008603978714,-15.034965681839891,0.00552204014731396,12.964342954268497,-14.496576170450282,0.006324032826010602
4.600999999999871,0.08343696409980697,-0.0028708972322365697,0.0015482628467238593,-0.003614051817866449,1.1781802762550406e-06,-4.224478353064521e-05,0.2996726240346839,0.30029928295106634,0.3,0.0017496048536626856,-0.0002779150390290332,2.4235638521559124e-05,13.403220103353993,-15.035096062678548,0.00524223605643117,12.964234765504811,-14.49652232403983,0.00602793730892541
4.620999999999878,0.08338184940742849,-0.002713684807036355,0.0014784369046342005,-0.0034457435885359394,4.1372830086327116e-07,-3.647789883658526e-05,0.2996722034806527,0.3002988464181172,0.3,0.001749492615339431,-0.00027149883022806263,2.4235812862461238e-05,13.40330732978983,-15.035085561116963,0.004979761947250984,12.964029758982816,-14.496352450473834,0.005749537165929824
4.6409999999998846,0.08332968335391339,-0.002569739467342351,0.0014118526507395715,-0.003285957547347031,-2.1160016147861437e-07,-2.91510644456058e-05,0.29967220964788016,0.3002988176949359,0.3,0.0017493324108543349,-0.0002652729258351151,2.423578372416194e-05,13.403284716377147,-15.034949466429591,0.004733069058545858,12.963744651832975,-14.496085141122123,0.005487254804681996
4.660999999999891,0.08328022876616023,-0.002437122020461894,0.001348347306662119,-0.0031341696510818625,-6.767229323337571e-07,-2.0959909871344562e-05,0.29967260955975583,0.30029915614286784,0.3,0.0017491029137296488,-0.00025922892891490015,2.4235585528628198e-05,13.403171919072554,-15.034709557155335,0.004500775784036322,12.963399426490353,-14.495743101629616,0.005239684878957268
4.680999999999898,0.08323328624253074,-0.0023139744176933147,0.0012877679973204853,-0.0029898955765000805,-9.73968427509261e-07,-1.256071515082841e-05,0.29967334824620895,0.300299801650897,0.3,0.0017487897918818988,-0.0002533586835372855,2.4235259188063628e-05,13.402991858925189,-15.03439182304913,0.004281673756671955,12.963015574982963,-14.495351106136257,0.0050056003692274175
4.700999999999905,0.08318869122750244,-0.0021986068822761736,0.001229970975049656,-0.0028526893571555706,-1.1077408859732972e-06,-4.533689652792151e-06,0.2996743552652988,0.30030068119356246,0.3,0.0017483857998228556,-0.00024765435182707695,2.4234848606036185e-05,13.402768812392166,-15.034024216703497,0.0040747245048013605,12.962614481680745,-14.494934092153573,0.004783949002999331
4.720999999999911,0.0831463096922681,-0.0020895608847576273,0.001174820881074054,-0.0027221413408726326,-1.0925904005983035e-06,2.6440488722804423e-06,0.2996755513533521,0.30030171534715194,0.3,0.001747890400327134,-0.00024210847845027473,2.423439744639921e-05,13.402526665945217,-15.033634575311915,0.003879048342860746,12.962216030820244,-14.494515500849733,0.004573841706789706
4.740999999999918,0.0831060329100915,-0.001985647751831997,0.0011221900557380898,-0.0025978756202073637,-9.508898676736241e-07,8.615323146289658e-06,0.29967685475943695,0.3003028243489685,0.3,0.0017473089963691364,-0.00023671404000981988,2.4233946343092455e-05,13.402287425475508,-15.033248823740555,0.0036939073573604314,12.96183749897438,-14.494115937594819,0.0043745349912295145
4.760999999999925,0.08306777179760919,-0.0018859641784053497,0.0010719579056922696,-0.0024795470978432725,-7.103198205282853e-07,1.3149820731975709e-05,0.29967818689864273,0.30030393336893,0.3,0.0017466518699709695,-0.00023146447788063675,2.423353067312374e-05,13.402070042779307,-15.032889537511391,0.0035186844254234354,12.961492766184598,-14.493752196836883,0.00418540925468277
4.780999999999931,0.08303145124959024,-0.0017898871400518213,0.001024010332971996,-0.0023668383495893675,-4.013481219034036e-07,1.6141950503180124e-05,0.2996794770505629,0.30030497675749207,0.3,0.0017459329321847371,-0.00022635371408667937,2.423317895968498e-05,13.401889592915929,-15.032574910836901,0.0033528601423817505,12.961191854236471,-14.493436665850584,0.0040059449330880565
4.800999999999938,0.0829970048310045,-0.0016970516121037967,0.000978239227777962,-0.0022594564377942383,-5.486725421302401e-08,1.7600961195272834e-05,0.2996806659267997,0.3003059011312922,0.3,0.001745168388254727,-0.00022137615083440808,2.4232911927377752e-05,13.401756809254678,-15.032318142976045,0.0031959893902328397,12.960940778300037,-14.49317709538972,0.0038356982781670105
4.820999999999945,0.08296437011304786,-0.0016073150896118052,0.0009345420239333449,-0.0021571298120136723,2.998796175715725e-07,1.763497709111232e-05,0.2996817080272588,0.3003066672514002,0.3,0.0017443754150201348,-0.00021652665519721227,2.4232742184030292e-05,13.401677959200626,-15.032127227483224,0.0030476790334355653,12.960741679574703,-14.49297670307559,0.0036742782967512187
4.840999999999951,0.08293348485564342,-0.0015207131586206612,0.0008928213135724408,-0.00205960541136577,6.369885210454116e-07,1.643078101957985e-05,0.2996825727935381,0.30030725073311254,0.3,0.0017435709351091304,-0.00021180053115315295,2.4232674466226055e-05,13.401655023870298,-15.032005105082769,0.002907567938671731,12.960593192753702,-14.492834558307806,0.0035213260872297906
4.860999999999958,0.08290428415401187,-0.001437410331610885,0.0008529845157036614,-0.0019666460567035996,9.351425160747107e-07,1.423120855432438e-05,0.29968324464402024,0.30030764169658575,0.3,0.0017427705559361496,-0.0002071934816772087,2.4232706361062917e-05,13.401686130323263,-15.031950122655257,0.002775310189698412,12.960490993035318,-14.49274618609579,0.003376497474899309
4.880999999999965,0.08287669858660157,-0.001357650060579193,0.0008149435919248965,-0.0018780281932244572,1.1783956706807523e-06,1.1311926048397749e-05,0.2996837220361342,0.3003078435216203,0.3,0.0017419877225219906,-0.00020270156387335725,2.423282939292263e-05,13.401766175390254,-15.031956728635517,0.002650562034808395,12.960428463128704,-14.492704321314815,0.003239449504812202
4.900999999999971,0.08285065333040434,-0.0012817073374306296,0.0007786148017654357,-0.0017935400160649605,1.3565041370144497e-06,7.959171335464909e-06,0.29968401574470904,0.300307870906178,0.3,0.0017412331132576435,-0.00019832114020124664,2.4233030358923695e-05,13.401887575864613,-15.03201632907489,0.00253297278952789,12.960397420894726,-14.492699744329101,0.0031098310253913956
4.920999999999978,0.0828260681506825,-0.0012098466446076347,0.0007439184898567139,-0.001712979985557451,1.4648430534297154e-06,4.449765669023292e-06,0.2996841465709276,0.30030774744678496,0.3,0.0017405142883463972,-0.00019404882872827356,2.4233292793862672e-05,13.402041080189809,-15.032118228178966,0.0024221796267852322,12.960388852239584,-14.492722132818383,0.0029872772966423166
4.940999999999985,0.08280285812748886,-0.0011422872801427008,0.0007107788973387957,-0.0016361557159317857,1.503969600668556e-06,1.0343863139721704e-06,0.2996841427047864,0.3003075029609793,0.3,0.0017398355829951328,-0.00018988145504944139,2.4233598453394754e-05,13.402216581332086,-15.032250581692816,0.0023178059486101297,12.960393600953324,-14.492760872308905,0.002871408309702593
4.960999999999991,0.08278093495188804,-0.0010791773218407682,0.000679123990515243,-0.0015628832023828088,1.478907398857906e-06,-2.0752517800080467e-06,0.2996840369568977,0.3003071707594503,0.3,0.0017391982224350692,-0.00018581600810029818,2.4233928718194955e-05,13.402403878391901,-15.032401300018604,0.0022194628425091334,12.960402976362115,-14.492805778277551,0.0027618303063976116
4.980999999999998,0.08276020861032288,-0.0010205767542393908,0.0006488853006806697,-0.0014929863374929793,1.3982354771321753e-06,-4.714994680311871e-06,0.29968386405543407,0.30030678505123876,0.3,0.001738600624192224,-0.0001818496015840981,2.4234265838020493e-05,13.402593344584691,-15.032558849507929,0.002126752996341767,12.960409250322849,-14.492847694680195,0.0026581398530296915
5.001000000000005,0.08274058927495367,-0.000966449611749646,0.0006199977701652482,-0.001426296658879417,1.2730666581822522e-06,-6.772631384787903e-06,0.29968365817399667,0.30030637863245074,0.3,0.0017380388450557187,-0.00017797944218527446,2.4234593957766534e-05,13.402776470897138,-15.032712913629394,0.00203927637295233,12.960406025970752,-14.492878946513436,0.0025599297463653695
5.0210000000000115,0.08272198922920286,-0.0009166644202781634,0.0005923996008688967,-0.0013626532660235779,1.115996120581706e-06,-8.188333651128541e-06,0.299683450819457,0.3003059809706423,0.3,0.0017375071259798874,-0.00017420280518486758,2.423489988711341e-05,13.402946266676459,-15.032854889779621,0.001956636927451639,12.960388471366661,-14.49289363643909,0.002466796009862228
5.041000000000018,0.08270432467876546,-0.000871001774388097,0.0005660321028040025,-0.0013019028443513234,9.400921465327596e-07,-8.951646702121837e-06,0.29968326916858135,0.30030561675655254,0.3,0.0017369984875173013,-0.00017051701757042704,2.4235173598189044e-05,13.403097510121217,-15.032978211228704,0.0018784496819576656,12.960353420813911,-14.492887786972569,0.0023783452701462114
5.061000000000025,0.08268751732636756,-0.0008291675746232468,0.0005408395413423542,-0.0012438997391832633,7.579888138388984e-07,-9.095681390070322e-06,0.29968313490163667,0.3003053049551401,0.3,0.001736505330917321,-0.00016691944826435133,2.4235408454619226e-05,13.403226852189185,-15.033078496376413,0.0018043475430322385,12.960299354905656,-14.492859339537636,0.002294201876197225
5.0810000000000315,0.08267149562079396,-0.0007908102764968063,0.0005167689829132932,-0.001188506029293312,5.811259004155995e-07,-8.68925322761138e-06,0.29968306354275365,0.3003050583513063,0.3,0.0017360200051810425,-0.00016340750471299984,2.423560119306812e-05,13.403332786453381,-15.033153538281658,0.0017339873500985324,12.960226276690795,-14.492808029494752,0.0022140142291972894
5.101000000000038,0.08265619562450273,-0.0007555404600698042,0.0004937701397667651,-0.0011355915594159873,4.1916576978817746e-07,-7.827747815569093e-06,0.29968306428288993,0.30030488355431556,0.3,0.0017355353074765436,-0.00015997863478921869,2.4235751689816384e-05,13.403415504392958,-15.033203156038985,0.0016670547630083675,12.960135505802176,-14.492735161721324,0.0021374599152836314
5.121000000000045,0.08264156147712887,-0.0007229510988224149,0.00047179521507564187,-0.001085033901706639,2.7960163062674374e-07,-6.623471502640719e-06,0.2996831402332873,0.30030478139999184,0.3,0.0017350448926811252,-0.00015663033277585044,2.4235862555957003e-05,13.403476660446033,-15.033228935645598,0.0016032677313099295,12.960029414806511,-14.492643314524024,0.002064249371799712
5.1410000000000515,0.08262754546226672,-0.0006926370775455969,0.00045079875008911113,-0.0010367182274029873,1.6755728985921464e-07,-5.196179084744347e-06,0.2996832890364487,0.3003047476721179,0.3,0.0017345435767267367,-0.00015336014811449979,2.423593861075849e-05,13.403519073774083,-15.033233891491774,0.0015423784148156767,12.959911132537204,-14.492536000597987,0.0019941279497318774
5.161000000000058,0.08261410771058932,-0.0006642127460907475,0.00043073747526935907,-0.0009905370804339955,8.576612370709623e-08,-3.6643675130290763e-06,0.2996835037482118,0.30030477405420797,0.3,0.001734027527230369,-0.00015016569561558316,2.4235986280881226e-05,13.403546394206817,-15.033222080642417,0.0014841735520234312,12.959784238032658,-14.492417312705413,0.0019268763661676508
5.181000000000065,0.08260121559248762,-0.0006373265849906861,0.00041157016736317886,-0.0009463900546558847,3.470702680497096e-08,-2.1377972438625645e-06,0.2996837738984289,0.30030484921969314,0.3,0.0017334943430293594,-0.0001470446659171625,2.4236012976097532e-05,13.403562758593337,-15.033198200882444,0.0014284733759498585,12.95965246612166,-14.49229157907398,0.0018623096478776412
5.201000000000072,0.08258884286743678,-0.0006116723672996526,0.00039325751420806604,-0.000904183384409123,1.286788933850469e-08,-7.115625430517982e-07,0.2996840866384234,0.300304959971777,0.3,0.0017329430312629842,-0.0001439948351418156,2.423602648309946e-05,13.403572460882303,-15.0331672005339,0.0013751292651401625,12.959519442233324,-14.492163049520105,0.0018002747588793827
5.221000000000078,0.0825769686651021,-0.0005869965112219584,0.0003757619887842581,-0.0008638294642961138,1.7102797249275406e-08,5.381104827656594e-07,0.2996844278899049,0.3003050923527519,0.3,0.0017323738962271137,-0.00014101407290462666,2.423603441483027e-05,13.403579655393301,-15.033133923554097,0.001324020379796595,12.959388459657031,-14.492035628546954,0.0017406471696859327
5.241000000000085,0.08256557637510314,-0.0005631016038393212,0.0003590477336362502,-0.0008252463186455202,4.304755578778251e-08,1.5562946201907309e-06,0.2996847834211818,0.3003052326551701,0.3,0.0017317883581910646,-0.00013810034806212296,2.4236043743406937e-05,13.403588108016576,-15.03310280814536,0.0012750495712542697,12.959262308075921,-14.491912666457665,0.0016833266660280604
5.261000000000092,0.08255465251898955,-0.0005398463304311619,0.00034308045634986323,-0.0007883570430231956,8.555903964129026e-08,2.3100977348649165e-06,0.29968513979094547,0.3003053682825367,0.3,0.0017311887226496856,-0.00013525173183397124,2.4236060435336467e-05,13.403601005024555,-15.033077651197594,0.0012281388675884364,12.959143157615339,-14.491796814251583,0.0016282327105558625
5.281000000000098,0.0825441856702687,-0.0005171422477186744,0.0003278273363063536,-0.000753089240877878,1.391468853912346e-07,2.787880424060649e-06,0.29968548511633425,0.30030548842386445,0.3,0.0017305779211489233,-0.0001324663981658568,2.4236089199730135e-05,13.403620824304603,-15.033061445099039,0.0011832248276240124,12.959032498542712,-14.491689943258905,0.0015752996606898917
5.301000000000105,0.08253416547737605,-0.0004949479817992424,0.00031325694249604435,-0.0007193744768507462,1.983706900998447e-07,2.997205993430019e-06,0.2996858096389857,0.3003055845231762,0.3,0.0017299592440298192,-0.00012974262141617944,2.4236133349782723e-05,13.403649269015927,-15.033056287892869,0.0011402540380081184,12.958931133120556,-14.491593126031228,0.0015244721274758723
5.321000000000112,0.08252458183129688,-0.0004732615333296338,0.00029933916177687925,-0.0006871477658277265,2.581816480399727e-07,2.9618223927749645e-06,0.29968610607928037,0.3003056505407864,0.3,0.0017293360834165963,-0.00012707877162830377,2.4236194773885127e-05,13.403687259842862,-15.033063362918202,0.0010991789760908105,12.958839213163408,-14.491506671629287,0.0014757007075074798
5.341000000000118,0.08251542420546215,-0.00045211139733355765,0.00028604513663386955,-0.0006563471130257413,3.1419392394190416e-07,2.7179986513262215e-06,0.29968636978391183,0.30030568301707844,0.3,0.001728711701815716,-0.00012447330779151092,2.4236273999203477e-05,13.403734978547243,-15.033082980125402,0.001059954423212604,12.958756314832286,-14.491430205716652,0.0014289382797332824
5.361000000000125,0.08250668118142054,-0.00043154719663472815,0.000273347211249296,-0.0006269131162747514,3.628775361049192e-07,2.3105374174389996e-06,0.29968659868456243,0.300305680960839,0.3,0.0017280890381053127,-0.00012192476958728732,2.423637033805911e-05,13.403791953387517,-15.033114668272244,0.001022534550076586,12.958681540787408,-14.491362784357914,0.0013841369949882311
5.381000000000132,0.08249834016063035,-0.00041163046750562207,0.0002612188845377006,-0.0005987886370673053,4.0167067386015574e-07,1.788763718113679e-06,0.29968679309527546,0.30030564559261036,0.3,0.0017274705587899104,-0.00011943176816904171,2.4236482090589515e-05,13.40385717531147,-15.033157305409409,0.0009868707428650411,12.958613639522747,-14.491303029611299,0.001341246030095777
5.401000000000138,0.08249038725123523,-0.0003924261433450762,0.00024963476873069573,-0.0005719185425981392,4.290148463567626e-07,1.2027518509867284e-06,0.29968695538288964,0.30030557997888174,0.3,0.0017268581584692071,-0.0001169929765285362,2.423660678716454e-05,13.403929233467872,-15.033209274189058,0.0009529101852997218,12.958551131800641,-14.491249275260873,0.0013002101235957614
5.421000000000145,0.08248280730937753,-0.0003739951696685497,0.00023857055211690126,-0.0005462495166056914,4.443207898664304e-07,6.000024284619755e-07,0.2996870895485103,0.3003054885952063,0.3,0.001726253109780267,-0.00011460711997328994,2.423674144795369e-05,13.404006458752333,-15.033268628743121,0.0009205951646291448,12.958492435075339,-14.491199711885601,0.001260968860758962
5.441000000000152,0.08247558410780712,-0.0003563885536556757,0.0002280029646290621,-0.0005217299339428149,4.478764812960992e-07,2.272448359785565e-08,0.2996872007587602,0.30030537685592984,0.3,0.001725656059829467,-0.00011227296717768721,2.423688284170095e-05,13.404087065086824,-15.033333260869274,0.0008898630274056978,12.958435978123763,-14.491152521949388,0.0012234566319922913
5.461000000000158,0.08246870060035189,-0.0003396430225438077,0.000217909745123826,-0.0004983097903899667,4.4071084114056645e-07,-4.94181952050236e-07,0.29968729486362883,0.3003052506453308,0.3,0.0017250670674903543,-0.00010998932218371304,2.4237027725820624e-05,13.404169279653052,-15.033401054894858,0.0008606466845082277,12.958380299734781,-14.491105997497701,0.0011876031608448045
5.481000000000165,0.08246213924916948,-0.0003237783396609551,0.00020826960938994526,-0.00047594067775223015,4.2442777328970736e-07,-9.2440520585484e-07,0.2996873779337946,0.30030511588031966,0.3,0.0017244856740014033,-0.00010775501763070672,2.423717305675613e-05,13.404251455142257,-15.033470022745199,0.000832875542661078,12.958324127204094,-14.491058635147787,0.001153334474861644
5.501000000000172,0.08245588238235915,-0.0003087962159307823,0.00019906221814421782,-0.00045457579290184545,4.0102516673531033e-07,-1.2507782656708173e-06,0.2996874558446316,0.3003049781287444,0.3,0.0017239109980925324,-0.0001055689093864221,2.4237316159009134e-05,13.404332159161592,-15.033538413109214,0.0008064767316982729,12.958266432224567,-14.491009205239138,0.0011205741838989766
5.521000000000178,0.08244991255213947,-0.0002946806611080081,0.0001902681444986079,-0.00043416996944667635,3.727125215193218e-07,-1.465171720024413e-06,0.29968753392759406,0.3003048423006504,0.3,0.0017233418463847938,-0.00010342987264750325,2.4237454848321813e-05,13.40441023802913,-15.033604791087791,0.0007813764957110203,12.958206463581481,-14.490956794096087,0.0010892449292412472
5.541000000000185,0.08244421286796567,-0.0002813995498388626,0.00018186884060947955,-0.00041467972095122466,3.4173914349033684e-07,-1.5678179472656438e-06,0.29968761670253224,0.3003047124227624,0.3,0.0017227768299877867,-0.00010133679948145781,2.4237587507688602e-05,13.404484854260007,-15.033668087050483,0.0007575016243767306,12.958143757573957,-14.490900820259416,0.001059269875173085
5.561000000000192,0.08243876728420763,-0.0002689071284737129,0.0001738466034247113,-0.0003960632857149606,3.102425913088777e-07,-1.5661853612339044e-06,0.29968770769751035,0.3003045914997449,0.3,0.0017222144789645721,-9.928859769934366e-05,2.4237713116087247e-05,13.404555498734702,-15.033727615632607,0.0007347808179254807,12.958078128510303,-14.490841027072099,0.0010305741322205486
5.5810000000001985,0.08243356082782871,-0.00025714716731967173,0.0001661845396180861,-0.00037828066492383777,2.801244718421908e-07,-1.4735348587859735e-06,0.29968780935621053,0.30030448145973143,0.3,0.0017216533475266158,-9.728419088226767e-05,2.423783123563096e-05,13.404621980147876,-15.033783067543563,0.000713145894744622,12.958009642485504,-14.490777455265675,0.0010030860175852326
5.601000000000205,0.08242857975750101,-0.0002460564602360147,0.00015886652994645534,-0.0003612936474092291,2.5295797669377126e-07,-1.3072936556546507e-06,0.29968792302730385,0.30030438317646196,0.3,0.00172109210432653,-9.532251933784925e-05,2.4237941962323038e-05,13.404684395373998,-15.03383447830341,0.0006925327782313649,12.957938578392405,-14.49071039996705,0.0009767380864390894
5.621000000000212,0.08242381165129112,-0.0002355683928014737,0.0001518771933617033,-0.00034506581672185223,2.2992892353838577e-07,-1.087375595303644e-06,0.2996880490256859,0.30030429655648216,0.3,0.001720529603896019,-9.34025417355925e-05,2.4238045849640285e-05,13.40474308518089,-15.033882178956427,0.0006728822181713415,12.957865380386021,-14.490640356984104,0.0009514678877689613
5.6410000000002185,0.0824192454251986,-0.00022561633203562777,0.00014520185127642193,-0.000329562537710889,2.1180967015733188e-07,-8.345634151091564e-07,0.29968818675210734,0.3003042206771246,0.3,0.001719964937000318,-9.15232371637809e-05,2.4238143811968303e-05,13.404798580074626,-15.033926734290784,0.0006541402311083372,12.957790605996792,-14.49056796327652,0.0009272184278159533
5.661000000000225,0.08241487128909447,-0.00021613663743478428,0.00013882649239998351,-0.0003147509222400562,1.9896323163676493e-07,-5.690491765404562e-07,0.299688334855818,0.3003041539596646,0.3,0.0017193974593293767,-8.968360735691388e-05,2.423823701813059e-05,13.40485154105618,-15.033968874198877,0.0006362582590332694,12.957714873846136,-14.490493936230234,0.0009039383407584158
5.681000000000232,0.0824106806499062,-0.0002070711431807388,0.00013273773855430882,-0.00030059977488849845,1.9137333471481335e-07,-3.0920612096170327e-07,0.29968849142404136,0.3003040943617902,0.3,0.0017188267994236311,-8.788267887011862e-05,2.423832678237452e-05,13.404902699776072,-15.034009423492366,0.0006191930693147823,12.957638814393773,-14.490419015829007,0.0008815817897597843
5.7010000000002385,0.08240666597408455,-0.00019836901692172677,0.00012692281183682153,-0.0002870795209629296,1.8869503389798425e-07,-7.064062173469821e-08,0.2996886541825304,0.30030403957439505,0.3,0.0017182528479634067,-8.61195050096094e-05,2.4238414460027097e-05,13.404952802025834,-15.034049234895537,0.0006029064309177666,12.957563026498466,-14.490343913080356,0.000860108134877502
5.721000000000245,0.08240282062251442,-0.0001899879532789277,0.00012136950343440839,-0.00027416212031995115,1.903198979641955e-07,1.344516587562972e-07,0.29968882069283015,0.3003039872094294,0.3,0.0017176757314874855,-8.439316737226182e-05,2.4238501354814435e-05,13.40500255775711,-15.034089129117387,0.0005873646118585535,12.957488041840858,-14.490269267197725,0.0008394814142826278
5.741000000000252,0.0823991386711414,-0.00018189470974116145,0.00011606614431847184,-0.00026182097088341144,1.954496279555805e-07,2.976240987107205e-07,0.2996889885339381,0.30030393496782537,0.3,0.0017170957742248315,-8.270277689256784e-05,2.4238588641165e-05,13.405052600003737,-15.034129844920619,0.0005725377496048111,12.957414298447166,-14.490195613151188,0.0008196696926451906
5.761000000000259,0.08239561472982423,-0.00017406503333234773,0.0001110015779612547,-0.0002500308062782607,2.0317223555396978e-07,4.142305024832459e-07,0.2996891554587579,0.3003038807793325,0.3,0.001716513452023093,-8.104747434408589e-05,2.4238677305753055e-05,13.405103454170069,-15.034172001091575,0.0005583991476980142,12.957342123829262,-14.490123360304809,0.0008006443317914531
5.781000000000265,0.08239224377043874,-0.00016648306145094246,0.00010616513513175829,-0.0002387675917460541,2.1253552254383079e-07,4.832242147439094e-07,0.2996893195185635,0.30030382290892593,0.3,0.0017159293423626267,-7.942643028447868e-05,2.4238768108080396e-05,13.405155518295166,-15.034216071196997,0.0005449245492285494,12.957271727557412,-14.490052782043396,0.0007823792366121478
5.801000000000272,0.08238902097326442,-0.00015914030149675752,0.00010154661074755766,-0.0002280084222690397,2.22613472107924e-07,5.067513032039964e-07,0.29968947915167465,0.3003037600273381,0.3,0.0017153440741884923,-7.783884447390581e-05,2.4238861561506404e-05,13.405209054131532,-15.034262371063576,0.0005320914345488159,12.957203202481793,-14.48998401560786,0.0007648501253324251
5.821000000000279,0.08238594159834944,-0.00015203430913334533,9.713624268425924e-05,-0.0002177314265145405,2.325622010866434e-07,4.895913126433312e-07,0.2996896332353935,0.30030369124594963,0.3,0.0017147582808280013,-7.628394482803256e-05,2.4238957932351956e-05,13.405264188184859,-15.034311058103386,0.0005198783798475491,12.957136533368226,-14.48991707078732,0.0007480338624263336
5.841000000000285,0.08238300088610676,-0.00014516718781274886,9.292469239177009e-05,-0.00020791567899843582,2.4166323950333806e-07,4.3850187507660353e-07,0.29968978110266126,0.3003036161184602,0.3,0.0017141725586448434,-7.476098599000969e-05,2.423905725507249e-05,13.405320921328098,-15.034362140985376,0.0005082645090309812,12.957071611424054,-14.489851845724674,0.0007319078880994323
5.861000000000292,0.08238019398897381,-0.0001385440286926387,8.890302711828113e-05,-0.0001985411226332557,2.493530174904559e-07,3.615221984497029e-07,0.2996899225270583,0.3003035346136707,0.3,0.0017135874333694683,-7.326924762351198e-05,2.4239159360254108e-05,13.405379145245904,-15.034415497655376,0.0004972290568055141,12.957008252979742,-14.489788147869712,0.0007164497630753198
5.881000000000299,0.08237751593376619,-0.00013217139680122363,8.506270351872625e-05,-0.00018958850275682286,2.55238478234747e-07,2.672858411181826e-07,0.29969005768129,0.30030344706495354,0.3,0.001713003335300801,-7.180803253136687e-05,2.4239263912830662e-05,13.405438663779666,-15.034470899426763,0.00048675105449277195,12.956946220532227,-14.48972571805252,0.0007016368407207129
5.901000000000305,0.08237496161244948,-0.00012605595469561737,8.139555241385571e-05,-0.0001810393127613098,2.590996418109736e-07,1.643859045811851e-07,0.2996901870753308,0.3003033541027566,0.3,0.0017124205838470298,-7.037666470820458e-05,2.4239370454575327e-05,13.405499217076976,-15.034528038834905,0.00047680914008849204,12.956885244557387,-14.489664255667668,0.0006874460684505984
5.921000000000312,0.08237252579755444,-0.00012020329164079329,7.789376446824814e-05,-0.00017287575128756982,2.6088067859427447e-07,6.08267146536632e-08,0.2996903114809177,0.30030325657676754,0.3,0.0017118393812085206,-6.897448742326517e-05,2.4239478450278863e-05,13.405560506711044,-15.034586558909183,0.0004673814846141494,12.95682504447908,-14.48960344323603,0.0006738539100449514
5.941000000000319,0.08237020317739271,-0.00011461700617686916,7.454987657327938e-05,-0.00016508068968170588,2.606715860603668e-07,-3.64140848283777e-08,0.2996904318490533,0.3003031554741224,0.3,0.0017112598144392685,-6.760086141928431e-05,2.4239587331989433e-05,13.40562221996211,-15.034646081826342,0.00045844582302053424,12.956765347615725,-14.489542968806958,0.0006608363769224861
5.961000000000325,0.0823679884056203,-0.0001092980663114782,7.135675874637287e-05,-0.00015763764858103919,2.58682892791048e-07,-1.216993239378576e-07,0.29969054922677524,0.30030305183948164,0.3,0.0017106818646789896,-6.625516329425053e-05,2.423969653985427e-05,13.405684051829226,-15.034706235161961,0.00044997956975493657,12.95670590511971,-14.489482545047967,0.0006483691476765764
5.981000000000332,0.08236587615951707,-0.00010424445023575752,6.83076013912598e-05,-0.0001505307816608139,2.5521594292030117e-07,-1.9091816671501467e-07,0.2996906646786519,0.3003029467018867,0.3,0.0017101054220386804,-6.493678411487732e-05,2.4239805557342487e-05,13.405745723654727,-15.034766674371777,0.0004419600001239909,12.95664650428445,-14.489421924230044,0.0006364277563392665
6.001000000000339,0.08236386120154372,-9.945105386990498e-05,6.539590280092017e-05,-0.0001437448648425375,2.5063126203301977e-07,-2.4154894621139314e-07,0.29969077921744475,0.30030284101222693,0.3,0.0017095303044514956,-6.364512829001536e-05,2.423991393795467e-05,13.405806997583873,-15.034827100547465,0.00043436447230083453,12.956586976910879,-14.489360908666685,0.000624987823216261
6.021000000000345,0.08236193843927864,-9.490983375603522e-05,6.261545682437891e-05,-0.00013726528890759925,2.453172986158893e-07,-2.726111817719116e-07,0.299690893747194,0.30030273559394965,0.3,0.0017089562787608915,-6.237961271239689e-05,2.4240021325708328e-05,13.405867686527593,-15.034887272915414,0.0004271706702990873,12.956527203686418,-14.489299356566917,0.0006140253077932215
6.041000000000352,0.08236010297959559,-9.061014446809047e-05,5.996034065311462e-05,-0.00013107805379643548,2.39661507689477e-07,-2.8452453969264146e-07,0.29969100902076656,0.3003026311084516,0.3,0.0017083830823947954,-6.11396661611634e-05,2.424012746524367e-05,13.40592765951367,-15.034947015984262,0.0004203568463035114,12.956467114867852,-14.489237183494053,0.0006035167612874212
6.061000000000359,0.08235835017388832,-8.653922232675878e-05,5.742490271743589e-05,-0.00012516976305709451,2.3402533185075522e-07,-2.788961359068431e-07,0.29969112561269695,0.30030252803545154,0.3,0.0017078104441495274,-5.992472894096895e-05,2.4240232205585602e-05,13.40598684274296,-15.035006221561327,0.0004139020443125477,12.956406687667743,-14.489174359947741,0.0005934395599036733
6.0810000000003654,0.08235667565215522,-8.268276468034956e-05,5.500375071203212e-05,-0.00011952761690219389,2.2872417805645603e-07,-2.5825938018691377e-07,0.2996912439070444,0.30030242666761514,0.3,0.0017072381028546033,-5.873425272379957e-05,2.424033549506451e-05,13.40604521680571,-15.035064846203325,0.0004077862919064998,12.9563459409889,-14.48911090571808,0.000583772105188444
6.101000000000372,0.08235507534480252,-7.902555110688351e-05,5.269173979004921e-05,-0.00011413940312024289,2.240130207694859e-07,-2.2578761987842317e-07,0.29969136409907093,0.3003023271179065,0.3,0.0017066658229846854,-5.7567700550831497e-05,2.4240437373198607e-05,13.406102810798231,-15.035122904853091,0.0004019907512548994,12.956284928165687,-14.489046881838311,0.0005744939819166513
6.121000000000379,0.0823535454919408,-7.555206516253511e-05,5.0483960981020926e-05,-0.00010899348503223798,2.2007781567979652e-07,-1.850044021587281e-07,0.2996914862088186,0.30030222933750766,0.3,0.0017060934066025744,-5.6424546948280185e-05,2.424053795477118e-05,13.40615969406357,-15.035180461572171,0.0003964978192596714,12.956223728461286,-14.488982380928812,0.0005655860633150419
6.1410000000003855,0.08235208264085514,-7.22470705062931e-05,4.83757298961468e-05,-0.00010407878622541541,2.1703250888010897e-07,-1.3950948438367577e-07,0.2996916101041267,0.30030213314174903,0.3,0.0017055207013342833,-5.530427810996308e-05,2.4240637412793322e-05,13.406215966431581,-15.035237618369687,0.00039129118011325454,12.95616243805594,-14.488917516800184,0.0005570305665997754
6.161000000000392,0.08235068363296907,-6.909611333642079e-05,4.636257578621156e-05,-9.938477202338673e-05,2.1492109392734008e-07,-9.273619276515191e-08,0.29969173553036454,0.30030203824131524,0.3,0.0017049476043721973,-5.42063921030803e-05,2.4240735959793645e-05,13.40627174779958,-15.035294503070407,0.0003863558079602849,12.956101161134155,-14.488852414084771,0.0005488110566285627
6.181000000000399,0.08234934558216858,-6.608592562288055e-05,4.444023101290301e-05,-9.490142808329724e-05,2.1372391590008376e-07,-4.7751641945977855e-08,0.2996918621440881,0.30030194427602586,0.3,0.0017043740627596087,-5.313039905664931e-05,2.4240833829011824e-05,13.40632716779592,-15.035351257135098,0.0003816779256256563,12.956040001648727,-14.488787198556377,0.0005409124036517744
6.2010000000004055,0.08234806584666361,-6.320471684638358e-05,4.2604620986569364e-05,-9.061923636543423e-05,2.1336725329980956e-07,-7.107029817086628e-09,0.29969198954792187,0.30030185084866756,0.3,0.0017038000704184637,-5.207582130156709e-05,2.4240931256484014e-05,13.406382356164295,-15.035408024248907,0.00037724492655905,12.955979056234803,-14.488721988661823,0.0005333207028108338
6.221000000000412,0.08234684199671072,-6.0442348856903944e-05,4.085185461232682e-05,-8.652914931711288e-05,2.137351258227194e-07,2.7258959870123446e-08,0.2996921173242563,0.30030175755667127,0.3,0.0017032256625328062,-5.1042193436638584e-05,2.424102846569938e-05,13.406437434432856,-15.035464940271753,0.0003730452675206004,12.955918408525674,-14.488656888675674,0.000526023162904746
6.241000000000419,0.08234567178049237,-5.77903972392751e-05,3.917821527035792e-05,-8.262256286452765e-05,2.1468227108106486e-07,5.406443104106732e-08,0.2996922450657615,0.3003016640199058,0.3,0.001702650907992238,-5.00290623058122e-05,2.4241125654567596e-05,13.40649250919353,-15.035522125048905,0.00036906834229630416,12.955858125095588,-14.48859198367636,0.0005190079753121478
6.261000000000426,0.0823445530902712,-5.524211078348393e-05,3.7580152343216766e-05,-7.889128904770567e-05,2.1604729817712838e-07,7.268030654034414e-08,0.2996923724011551,0.3003015699032862,0.3,0.0017020759006345573,-4.903598687887491e-05,2.4241222986389343e-05,13.406547667247844,-15.035579676347878,0.00036530434380914337,12.95579825304831,-14.488527336449762,0.0005122641708005123
6.281000000000432,0.0823434839306645,-5.279228282997253e-05,3.6054273287400296e-05,-7.532752893212251e-05,2.1766514564908593e-07,8.308473942095785e-08,0.29969249901520323,0.30030147493343895,0.3,0.0017015007500087664,-4.8062538035783415e-05,2.4241320583639496e-05,13.406602972668093,-15.035637666033548,0.0003617441260630737,12.955738819194867,-14.488462986252358,0.0005057814758691117
6.301000000000439,0.0823424623904984,-5.043705504802063e-05,3.459733623348282e-05,-7.192384651481508e-05,2.193781317992058e-07,8.578437429992121e-08,0.29969262466242697,0.30030137890912667,0.3,0.0017009255723173338,-4.710829826257205e-05,2.4241418525719626e-05,13.40665846568815,-15.035696138447786,0.00035837907175185856,12.955679830692997,-14.488398949257855,0.0004995501750014775
6.321000000000446,0.08234148661930116,-4.817367486116289e-05,3.320624308653791e-05,-6.867314414516579e-05,2.2104507032657056e-07,8.171190205878303e-08,0.2996927491744551,0.30030128170559495,0.3,0.0017003504821000678,-4.6172861270869556e-05,2.424151684950578e-05,13.406714163325589,-15.03575511076743,0.0003552009721525956,12.955621276832533,-14.488335220465983,0.0004935609855639218
6.341000000000452,0.08234055480906322,-4.600022642825955e-05,3.187803308972448e-05,-6.55686399652125e-05,2.225481189779986e-07,7.210967949410201e-08,0.29969287246141174,0.3003011832733722,0.3,0.0016997755851007141,-4.525583155809251e-05,2.4241615552753447e-05,13.406770061371855,-15.035814575108317,0.00035220192476545455,12.95556313180375,-14.488271776712896,0.0004878049511680909
6.361000000000459,0.08233966518147721,-4.391535691691152e-05,3.0609876808841696e-05,-6.260384747500003e-05,2.237972189025889e-07,5.840875026783294e-08,0.2996929945080151,0.300301083632321,0.3,0.0016992009726246222,-4.435682392625896e-05,2.4241714599092716e-05,13.406826137518472,-15.03587450196285,0.0003493742516107016,12.955505358049692,-14.488208580477336,0.00048227335647529174
6.381000000000466,0.0823388159805015,-4.191801528410086e-05,2.9399070489960488e-05,-5.9772557548217166e-05,2.247321570445785e-07,4.2111694606624624e-08,0.29969311536534915,0.3003009828619621,0.3,0.0016986267175586787,-4.3475462980349553e-05,2.4241813925357865e-05,13.406882355225365,-15.035934844603482,0.000346710438805568,12.955447909963867,-14.488145584111484,0.00047695766411750943
6.401000000000472,0.08233800546978254,-4.0007217545113974e-05,2.8243030742079733e-05,-5.706882280478092e-05,2.253224327069643e-07,2.4686349343943187e-08,0.2996932351394241,0.30030088108920555,0.3,0.0016980528720953786,-4.261138262359901e-05,2.4241913448947155e-05,13.406938668000889,-15.035995544024441,0.00034420309876348856,12.955390737620204,-14.488082734172687,0.0004718494752118077
6.421000000000479,0.08233723193422071,-3.818185116431309e-05,2.71392895000791e-05,-5.44869442465735e-05,2.2556522742115786e-07,7.475838276700309e-09,0.2996933539776633,0.3003007784745961,0.3,0.0016974794670874924,-4.1764225567801154e-05,2.4242013075916268e-05,13.406995023762034,-15.03605653403465,0.00034184495178596564,12.955333790294631,-14.488019975562763,0.0004669405101172019
6.441000000000486,0.08233649368480847,-3.644052409548629e-05,2.6085489223365288e-05,-5.2021459986384596e-05,2.2548185987624799e-07,-8.371467462361351e-09,0.29969347205448993,0.30030067519819065,0.3,0.0016969065128632054,-4.093364287310258e-05,2.42421127088481e-05,13.40705136898283,-15.036117746155375,0.000339628825802405,12.955277019580794,-14.487957255232484,0.000462222608068677
6.461000000000492,0.08233578906578053,-3.478146292947545e-05,2.507937829444168e-05,-4.9667135738848856e-05,2.2511315498926253e-07,-2.19501507306779e-08,0.2996935895570485,0.30030057144600997,0.3,0.00169633400126006,-4.011929352795596e-05,2.424221225278363e-05,13.40710765236382,-15.0361791140388,0.0003375476701889813,12.955220381970587,-14.487894525254207,0.00045768774157261394
6.481000000000499,0.08233511646310404,-3.320245880535871e-05,2.4118806585746166e-05,-4.7418956757750376e-05,2.2451416960690244e-07,-3.2623900877809184e-08,0.29969370667196427,0.3003004673978684,0.3,0.0016957619085880599,-3.932084407742481e-05,2.424231162226889e-05,13.407163827923334,-15.03624057716381,0.00033559458084033854,12.955163840749682,-14.487831745189279,0.00045332804248188316
6.501000000000506,0.08233447431338259,-3.170085868981814e-05,2.3201721170595935e-05,-4.527212095133592e-05,2.237487000430918e-07,-4.003084853125338e-08,0.2996938235738643,0.3003003632171889,0.3,0.0016951901992098403,-3.8537968303330374e-05,2.424241074474574e-05,13.407219857288961,-15.036302083692808,0.00033376283100952886,12.955107367244079,-14.487768883632368,0.0004491358342562656
6.521000000000512,0.08233386111235996,-3.0273595804336246e-05,2.2326162160780927e-05,-4.322203267757447e-05,2.2288395471649955e-07,-4.40704924780062e-08,0.2996939404161665,0.3003002590431988,0.3,0.0016946188294264673,-3.777034695729709e-05,2.424250956392834e-05,13.407275711224225,-15.036363592394999,0.00033204590592192677,12.955050941371368,-14.487705918989725,0.0004451036680385885
6.541000000000519,0.08233327542234326,-2.8917251357712162e-05,2.149025865979398e-05,-4.1264297107118174e-05,2.2198571383236192e-07,-4.487548877115475e-08,0.29969405732443677,0.30030015498570023,0.3,0.0016940477513781912,-3.701766754347419e-05,2.4242608041734813e-05,13.407331370365524,-15.036425073644448,0.00033043753623011076,12.954994551574213,-14.487642839524234,0.00044122435771932507
6.561000000000526,0.08233271587804139,-2.7628139722131208e-05,2.069222482752736e-05,-3.939471465706962e-05,2.2111422361492307e-07,-4.2772137700751166e-08,0.2996941743923871,0.3003000511223967,0.3,0.0016934769167062616,-3.627962414694391e-05,2.424270615764961e-05,13.407386825206983,-15.036486509551295,0.0003289317285863081,12.954938194228548,-14.48757964275092,0.0004374910118737928
6.581000000000532,0.08233218119047955,-2.6402407525244645e-05,1.9930356054909115e-05,-3.760927548568338e-05,2.2032099310253845e-07,-3.823360337932425e-08,0.2996942916804508,0.30029994749863653,0.3,0.0016929062797700694,-3.5555917300037674e-05,2.4242803908513867e-05,13.407442075477324,-15.036547893319739,0.00032752278988196535,12.954881872606894,-14.487516334333465,0.0004338970591984804
6.601000000000539,0.08233167014883894,-2.523613838262329e-05,1.9203025253065886e-05,-3.590415368717566e-05,2.196465803964259e-07,-3.182985560953757e-08,0.2996944092166641,0.3002998441292485,0.3,0.0016923358002697857,-3.484625387925524e-05,2.4242901305743645e-05,13.407497128974256,-15.036609227998703,0.0003262053447312619,12.954825595565808,-14.487452926587356,0.0004304362669493689
6.621000000000546,0.08233118162022399,-2.4125455187210427e-05,1.8508679262618788e-05,-3.4275701135605554e-05,2.1911938043639724e-07,-2.4177984515956972e-08,0.2996945269995013,0.3002997410020824,0.3,0.0016917654451823734,-3.4150347023299206e-05,2.4242998373790875e-05,13.407552000069968,-15.036670524756564,0.0003249743452231203,12.954769376023775,-14.48738943677778,0.00042710275118976204
6.6410000000005525,0.08233071454749838,-2.3066613631477342e-05,1.7845835389752873e-05,-3.272044116041217e-05,2.1875535986821095e-07,-1.5896056165050574e-08,0.29969464500223403,0.3002996380828137,0.3,0.0016911951899750257,-3.346791606477901e-05,2.4243095146077928e-05,13.407606707955178,-15.036731800876396,0.00032382507058743566,12.954713229407025,-14.487325885304873,0.00042389097664002526
6.661000000000559,0.08233026794545394,-2.2056081707164635e-05,1.7213078078018307e-05,-3.123506152827382e-05,2.1855863064641907e-07,-7.563017193018713e-09,0.29969476317830895,0.3002995353205078,0.3,0.0016906250191118493,-3.279868646742918e-05,2.424319166189581e-05,13.407661274819109,-15.036793077632726,0.0003227531213307617,12.954657172141951,-14.487262293940999,0.0004207957507305748
6.681000000000566,0.08232984089563825,-2.1090601207030174e-05,1.6609055721032717e-05,-2.9816407405586328e-05,2.1852271453842144e-07,3.135784045144744e-10,0.2996948814672896,0.30029943265351816,0.3,0.0016900549259129347,-3.214238976073901e-05,2.424328796356763e-05,13.407715724081248,-15.036854378189016,0.0003217544043762096,12.954601220278505,-14.487198684217773,0.00041781220814894295
6.7010000000005725,0.08232943254023477,-2.0167229946521017e-05,1.6032477622829333e-05,-2.846147388615733e-05,2.186323252368987e-07,7.3209527350869465e-09,0.2996949998008839,0.3002993300152643,0.3,0.0016894849118593016,-3.149876346826546e-05,2.4243384092978687e-05,13.407770078773925,-15.036915725669065,0.00032082511352961605,12.95454538833725,-14.48713507604478,0.00041493579065211465
6.721000000000579,0.08232904207538856,-1.928336380022228e-05,1.5482111107779917e-05,-2.716739847735797e-05,2.188654846458006e-07,1.3155275195954944e-08,0.29969511810867655,0.30029922733955894,0.3,0.0016889149854608463,-3.086755102447707e-05,2.424348008908747e-05,13.407824360145689,-15.036977141480593,0.0003199617051906388,12.954489688407362,-14.487071486606082,0.0004121622217233255
6.741000000000586,0.08232866874436857,-1.8436739976026096e-05,1.4956778782979074e-05,-2.593145350354254e-05,2.1919579256120143e-07,1.7626937867888287e-08,0.29969523632321526,0.30029912456517543,0.3,0.0016883451608172997,-3.024850167780603e-05,2.4243575986052973e-05,13.40787858660101,-15.037038643986719,0.0003191608715041797,12.954434129523335,-14.487007929606664,0.00040948747866890626
6.7610000000005925,0.08232831183092026,-1.7625422768654152e-05,1.4455355949502535e-05,-2.4751038683069877e-05,2.1959468289417998e-07,2.0657746883105206e-08,0.2996953543842305,0.30029902163948635,0.3,0.0016877754560050723,-2.9641370378789958e-05,2.4243671811658422e-05,13.407932772920182,-15.03710024755966,0.00031841951241677954,12.954378717348717,-14.48694441482103,0.0004069077634697663
6.781000000000599,0.08232797065310335,-1.684777603987876e-05,1.3976768160547937e-05,-2.362367384881868e-05,2.200335225419236e-07,2.227130032764157e-08,0.2996954722418162,0.3002989185210444,0.3,0.0016872058914170947,-2.9045917654034416e-05,2.4243767586584654e-05,13.407986929857163,-15.037161962002225,0.0003177347078853977,12.954323454082042,-14.486880947977612,0.00040441947378448413
6.801000000000606,0.08232764455785271,-1.610242410149796e-05,1.351998891946371e-05,-2.254699207755433e-05,2.204854383694085e-07,2.2578068395854377e-08,0.29969558985851397,0.30029881518109025,0.3,0.0016866364881688348,-2.846190946719418e-05,2.424386332369778e-05,13.408041064008819,-15.037223792372178,0.00031710369192490594,12.95426833865284,-14.486817530903954,0.000402019175861013
6.821000000000613,0.08232733291641672,-1.538820649993917e-05,1.3084037510442681e-05,-2.1518733144372813e-05,2.2092679017222439e-07,2.1756835461257007e-08,0.29969570721030475,0.3002987116040246,0.3,0.0016860672666650803,-2.788911706928135e-05,2.4243959028599947e-05,13.408095178002581,-15.037285739122465,0.0003165238290893587,12.954213367070235,-14.486754161922079,0.00039970357994009226
6.841000000000619,0.08232703512076453,-1.4704128715907936e-05,1.2667976952943083e-05,-2.053673749019094e-05,2.2133824154377384e-07,2.00341962453665e-08,0.29969582428659186,0.3002986077869586,0.3,0.0016854982453989884,-2.7327316841599965e-05,2.4244054700638337e-05,13.408149270902484,-15.037347798532892,0.0003159925946818453,12.954158532932922,-14.486690836414532,0.00039746951955259985
6.861000000000626,0.08232675058097316,-1.4049313614895267e-05,1.2270912069609063e-05,-1.9598940669627682e-05,2.2170541258022201e-07,1.7663665986420065e-08,0.2996959410893145,0.3002985037384902,0.3,0.001684929440030675,-2.6776290134294478e-05,2.4244150333166323e-05,13.408203338781673,-15.037409963358504,0.0003155075582859566,12.954103828033885,-14.486627547500666,0.00039531393428114057
6.881000000000633,0.0823264787235543,-1.3422955554486573e-05,1.1891987657948466e-05,-1.8703368320075008e-05,2.220191276409358e-07,1.490582456704381e-08,0.29969605763135343,0.30029839947688797,0.3,0.0016843608627683786,-2.6235823104701997e-05,2.4244245915413308e-05,13.408257375427613,-15.037472223625636,0.0003150663715555323,12.954049243001663,-14.486564286781386,0.0003932338569225278
6.901000000000639,0.082326218990624,-1.2824279660798543e-05,1.153038675483914e-05,-1.7848131637984316e-05,2.222752957026287e-07,1.2010624236951525e-08,0.29969617393444126,0.3002982950278844,0.3,0.0016837925220527788,-2.5705706557201336e-05,2.4244341433327836e-05,13.408311373085557,-15.037534567501256,0.0003146667600680323,12.953994767937822,-14.486501045074956,0.00039122640492549564
6.921000000000646,0.08232597083977841,-1.2252508921844264e-05,1.1185328985197085e-05,-1.7031423324059238e-05,2.2247447955166676e-07,9.202723950857131e-09,0.2996962900267607,0.30029819042226236,0.3,0.0016832244225252796,-2.5185735789242817e-05,2.4244436871567487e-05,13.408365323223363,-15.03759698216942,0.00031430651807569425,12.953940392997053,-14.486437813118686,0.0003892887748243959
6.941000000000653,0.08232573374452246,-1.1706838497661765e-05,1.0856068984717304e-05,-1.6251513966112062e-05,2.2262122279594556e-07,6.6703908159407655e-09,0.2996964059404452,0.30029808569343497,0.3,0.0016826565652451643,-2.4675710444675745e-05,2.4244532214180245e-05,13.408419217226497,-15.037659454666734,0.0003139835071702165,12.953886108906284,-14.486374582174955,0.0003874182407652138
6.961000000000659,0.08232550719507693,-1.1186419380291375e-05,1.0541894890324366e-05,-1.5506748779693584e-05,2.2272321003045425e-07,4.558219106748175e-09,0.2996965217091369,0.3002979808751538,0.3,0.0016820889481092304,-2.4175434376593713e-05,2.4244627446333128e-05,13.408473047011414,-15.037721972617419,0.00031369565671058425,12.953831907374372,-14.48631134452623,0.0003856121548743498
6.981000000000666,0.08232529069939734,-1.069035007472676e-05,1.0242126890248893e-05,-1.4795544681081491e-05,2.2279033650855514e-07,2.9636278955241234e-09,0.29969663736577057,0.300297875999499,0.3,0.0016815215664202352,-2.3684715520708664e-05,2.4244722554586994e-05,13.408526805525746,-15.03778452483717,0.00031344096617957673,12.953777781386439,-14.486248093841493,0.00038386794969179236
7.001000000000673,0.08232508378425035,-1.0217675525981428e-05,9.95611582928213e-06,-1.4116387599948805e-05,2.2283375908027532e-07,1.936859103635815e-09,0.2996967529406868,0.30029777109523154,0.3,0.0016809544135480204,-2.3203365779755183e-05,2.4244817528211896e-05,13.408580487110022,-15.037847101787255,0.0003132175091065401,12.953723725385371,-14.48618482540332,0.00038218314211301496
7.021000000000679,0.08232488599620541,-9.767393240278327e-06,9.683241864871794e-06,-1.3467830004612706e-05,2.228649922590856e-07,1.4840234503963885e-09,0.2996968684601534,0.3002976661865694,0.3,0.0016803874816285773,-2.273120091880501e-05,2.4244912359214484e-05,13.408634087736296,-15.037909695859582,0.00031302343651383636,12.95366973532429,-14.486121536208435,0.00038055533702780435
7.041000000000686,0.08232469690243513,-9.338464050876228e-06,9.422913171262814e-06,-1.2848488504311548e-05,2.2289510163905918e-07,1.5725882311898782e-09,0.2996969839453394,0.30029756129240937,0.3,0.0016798207622509011,-2.2268040470855522e-05,2.4245007042964586e-05,13.408687605090407,-15.037972301511475,0.0003128569811825956,12.953615808635098,-14.486058224936343,0.00037898223163652467
7.061000000000693,0.08232451609124321,-8.929826659659827e-06,9.174564689275189e-06,-1.2257041596272935e-05,2.2293403370721215e-07,2.1386215154870117e-09,0.2996970994117477,0.30029745642599043,0.3,0.0016792542470888967,-2.1813707651592773e-05,2.424510157745489e-05,13.408741038536686,-15.03803491524878,0.00031271646063389593,12.953561944100791,-14.485994891814835,0.00037746161857424277
7.081000000000699,0.08232434317226606,-8.54041438079803e-06,8.937656921739756e-06,-1.1692227403164283e-05,2.2299010740204562e-07,3.095118146358088e-09,0.2996972148690792,0.3002973515949547,0.3,0.0016786879284446292,-2.1368029282018385e-05,2.424519596411013e-05,13.408794388996288,-15.038097535482848,0.0003126002794491786,12.953508141656522,-14.485931538417322,0.00037599138822834417
7.101000000000706,0.08232417777633289,-8.169172218054722e-06,8.711674772558797e-06,-1.1152841462448627e-05,2.2306967859752512e-07,4.340690729583896e-09,0.2996973303214893,0.3002972468017622,0.3,0.0016781217996795178,-2.0930835717676073e-05,2.424529020642022e-05,13.408847658712416,-15.038160162288337,0.00031250693030795463,12.953454402154101,-14.48586816738052,0.0003745695298390608
7.121000000000713,0.0823240195549881,-7.815073508111411e-06,8.496126430924955e-06,-1.0637734502644202e-05,2.2317697627102548e-07,5.768055746164265e-09,0.29969744576815827,0.3002971420443727,0.3,0.0016775558555203493,-2.050196078235784e-05,2.4245384310109095e-05,13.408900850988594,-15.03822279708191,0.0003124349935706086,12.953400727085892,-14.485804782110591,0.0003731941309444833
7.141000000000719,0.08232386817970483,-7.477134846974207e-06,8.2905423004348e-06,-1.0145810177404938e-05,2.2331409835889492e-07,7.271765850629436e-09,0.29969756120409985,0.30029703731711893,0.3,0.0016769900922366336,-2.0081241705150323e-05,2.4245478282256586e-05,13.408953969869184,-15.038285442274656,0.0003123831355699371,12.953347118331319,-14.485741386466362,0.0003718633756063946
7.161000000000726,0.08232372334084148,-7.154428056180535e-06,8.094473972805605e-06,-9.676022819690551e-06,2.2348114617362213e-07,8.75479942752384e-09,0.29969767662113217,0.30029693261169993,0.3,0.0016764245076946824,-1.966851905938113e-05,2.4245572130689503e-05,13.409007019826813,-15.038348100893032,0.0003123501058196437,12.953293577889733,-14.48567798445979,0.0003705755414022652
7.181000000000733,0.08232358474639637,-6.846089406599528e-06,7.907493247021058e-06,-9.227375218677914e-06,2.2367647047927092e-07,1.0133735024434647e-08,0.29969779200891955,0.30029682791820156,0.3,0.0016758591013010982,-1.9263636702603064e-05,2.424566586386786e-05,13.409060005462795,-15.038410776223,0.0003123347324509418,12.953240107657297,-14.485614579990811,0.0003693289946788152
7.2010000000007395,0.08232345212063269,-6.551325302386401e-06,7.72919119400306e-06,-8.798916269184021e-06,2.2389699850107526e-07,1.1342362751601794e-08,0.29969790735600454,0.30029672322607814,0.3,0.0016752938738539113,-1.8866441715191583e-05,2.4245759489783163e-05,13.409112931238745,-15.038473471482119,0.00031233591806447623,12.953186709233702,-14.485551176622671,0.0003681221860266194
7.221000000000746,0.08232332520263597,-6.269414721276258e-06,7.559177265407946e-06,-8.38973882639118e-06,2.2413861006628584e-07,1.2333705030984674e-08,0.2996980226507851,0.3002966185250471,0.3,0.0016747288273228885,-1.847678433922858e-05,2.4245853016013492e-05,13.40916580124097,-15.038536189545956,0.00031235263330085317,12.953133383787044,-14.485487777404007,0.0003669536436734462
7.241000000000753,0.08232320374488025,-5.999707543532462e-06,7.397078446630401e-06,-7.998977507255855e-06,2.243965320285771e-07,1.3080526055977634e-08,0.29969813788235433,0.3002965138058372,0.3,0.0016741639645826353,-1.8094517915345596e-05,2.424594644894263e-05,13.409218619008996,-15.038598932733837,0.0003123839118304265,12.953080131960089,-14.485424384753117,0.00036582196805581233
7.2610000000007595,0.08232308751184336,-5.741621751577287e-06,7.242538452821579e-06,-7.625806561059873e-06,2.2466572321034262e-07,1.3574505428141193e-08,0.2996982530411901,0.30029640906077026,0.3,0.001673599289121836,-1.7719498817953605e-05,2.4246039794172336e-05,13.409271387433641,-15.03866170265331,0.0003124288435870307,12.953026953812092,-14.485361000405657,0.0003647258247253501
7.281000000000766,0.08232297627873755,-5.494637146238131e-06,7.095216966311602e-06,-7.269437793862836e-06,2.2494122605812073e-07,1.3824292507880838e-08,0.29969836811965,0.30029630428415194,0.3,0.0016730348047506382,-1.7351586389452258e-05,2.4246133055507507e-05,13.40932410867368,-15.038724500131764,0.0003124865695199906,12.952973848842333,-14.485297625393605,0.00036366393881852863
7.301000000000773,0.08232286983038238,-5.258287521123363e-06,6.954788912688636e-06,-6.929118676321235e-06,2.252184669364908e-07,1.3852723896631002e-08,0.2996984831122914,0.30029619947249186,0.3,0.001672470515325221,-1.699064287289275e-05,2.4246226236201903e-05,13.409376784178875,-15.038787325190222,0.00031255627605089397,12.952920816008724,-14.485234260100732,0.0003626350891685795
7.3210000000007796,0.0823227679602431,-5.032152460792184e-06,6.820943775541488e-06,-6.604130472532648e-06,2.254934922704957e-07,1.3693501589977033e-08,0.2996985980159849,0.3002960946245303,0.3,0.001671906424505188,-1.663653334428864e-05,2.4246319337034227e-05,13.409429414701147,-15.03885017708524,0.0003126371900589361,12.95286785381199,-14.485170904319641,0.0003616381029620195
7.341000000000786,0.08232267046965072,-4.8158478481054756e-06,6.693384944807257e-06,-6.2937865312401255e-06,2.2576313388389173e-07,1.338758683803665e-08,0.29969871282988125,0.3002959897411323,0.3,0.0016713425355550419,-1.6289125644301576e-05,2.424641235885519e-05,13.409482000402202,-15.038913054394813,0.0003127285750307708,12.952814960378774,-14.485107557374047,0.00036067185170262045
7.361000000000793,0.08232257716719715,-4.609017710300678e-06,6.571829099397131e-06,-5.9974306724011775e-06,2.260251021599818e-07,1.2979633123473842e-08,0.2996988275552103,0.3002958848250342,0.3,0.0016707788511969807,-1.594829031077479e-05,2.4246505301169543e-05,13.409534540951064,-15.038975955133226,0.0003128297270593821,12.952762133566129,-14.485044218233185,0.0003597352468561455
7.3810000000008,0.08232248786830057,-4.411325416754746e-06,6.4560056186949155e-06,-5.71443571554341e-06,2.262780105931945e-07,1.2514621536788502e-08,0.2996989421949927,0.3002957798805213,0.3,0.0016702153735175449,-1.5613900511719112e-05,2.424659816268675e-05,13.409587035637637,-15.039038876903424,0.0003129399725590386,12.952709371087666,-14.484980885634593,0.00035882723748621763
7.401000000000806,0.08232240239491717,-4.2224470078991e-06,6.345656023414026e-06,-5.444202084774458e-06,2.2652133910219255e-07,1.2034939480118602e-08,0.2996990567536484,0.30029567491302195,0.3,0.0016696521039274352,-1.528583198023632e-05,2.4246690941606465e-05,13.409639483519756,-15.039101817038055,0.0003130586659944583,12.952656670602988,-14.484917558218685,0.0003579468076995042
7.421000000000813,0.08232232057537658,-4.04206522302443e-06,6.240533441365104e-06,-5.186156575102508e-06,2.267553467601325e-07,1.1578005839162417e-08,0.29969917123658263,0.3002955699286965,0.3,0.001669089043169656,-1.4963962951065533e-05,2.4246783636121692e-05,13.409691883543246,-15.039164772757143,0.0003131851883696093,12.952604029826864,-14.484854234640176,0.0003570929750773593
7.44100000000082,0.08232224224431306,-3.869865223952117e-06,6.140402097329356e-06,-4.939751150928807e-06,2.2698094600153467e-07,1.117452442803952e-08,0.29969928564975223,0.30029546493402154,0.3,0.0016685261913695398,-1.4648174099658776e-05,2.4246876244039626e-05,13.40974423466409,-15.039227741302948,0.0003133189465966985,12.952551446605304,-14.484790913670018,0.0003562647898192093
7.461000000000826,0.08232216724265973,-3.705531691995119e-06,6.045036825108596e-06,-4.70446195239899e-06,2.2719955177693958e-07,1.0847419452215934e-08,0.29969939999925105,0.30029535993540657,0.3,0.0016679635481177991,-1.4338348483415665e-05,2.42469687638387e-05,13.409796535948036,-15.039290720069285,0.0003134593723440166,12.952498918990523,-14.484727594274016,0.00035546133361194965
7.481000000000833,0.08232209541768222,-3.5487475198325204e-06,5.954222599947878e-06,-4.479788140848011e-06,2.2741291830856634e-07,1.061138084281776e-08,0.2996995142909399,0.30029525493886117,0.3,0.0016674011125768445,-1.4034371486129167e-05,2.4247061193993876e-05,13.40984878665382,-15.039353706689507,0.0003136059230005359,12.952446445272573,-14.484664275669836,0.00035468172039631923
7.50100000000084,0.08232202662301805,-3.399193579448597e-06,5.8677540899568226e-06,-4.265251104724235e-06,2.276229760497552e-07,1.0473036588094096e-08,0.2996996285301408,0.3002951499497339,0.3,0.0016668388836005763,-1.3736130764786212e-05,2.4247153533337984e-05,13.40990098628352,-15.039416699115204,0.00031375808063516833,12.952394024017062,-14.484600957356404,0.00035392509530632674
7.521000000000846,0.08232196071870418,-3.2565497310344045e-06,5.785435225794111e-06,-4.060393504756659e-06,2.278316790139172e-07,1.0431597861097851e-08,0.2996997427213992,0.30029504497251897,0.3,0.001666276859858,-1.3443516199264773e-05,2.424724578155403e-05,13.409953134626715,-15.039479695652307,0.0003139153525146138,12.952341654058149,-14.484537639129702,0.00035319063513224283
7.541000000000853,0.08232189757117325,-3.1204965775176424e-06,5.707078787275943e-06,-3.8647784267866735e-06,2.2804087103863336e-07,1.0479903528687475e-08,0.2996998568683329,0.30029494001074897,0.3,0.0016657150399522615,-1.3156419844228562e-05,2.4247337938600487e-05,13.410005231762282,-15.039542694979986,0.00031407727126808537,12.952289334495301,-14.484474321069346,0.0003524775483356231
7.56100000000086,0.0823218370532047,-2.9907178435316212e-06,5.632506006783555e-06,-3.677988563781333e-06,2.2825217708205068e-07,1.0605737148032499e-08,0.2996999709735504,0.3002948350669517,0.3,0.0016651534225280993,-1.2874735883596955e-05,2.4247430004976054e-05,13.410057278050235,-15.039605696139231,0.00031424339477588935,12.952237064662809,-14.484411003511372,0.00035178507495042127
7.581000000000866,0.08232177904382391,-2.8669030160791116e-06,5.561546188005695e-06,-3.499625484125063e-06,2.2846692327978484e-07,1.0793296355911202e-08,0.2997000850386544,0.30029473014268776,0.3,0.0016645920063621522,-1.2598360586958113e-05,2.424752198171989e-05,13.410109274098971,-15.039668698506436,0.0003144133055783457,12.952184844100561,-14.484347687005958,0.0003511124858922891
7.601000000000873,0.08232172342814936,-2.748750035118782e-06,5.494036341160968e-06,-3.329308739848009e-06,2.2868608699993873e-07,1.10246939990125e-08,0.299700199064294,0.3002946252386272,0.3,0.0016640307904327598,-1.2327192267651115e-05,2.4247613870366805e-05,13.410161220738047,-15.039731701739251,0.0003145866114591279,12.952132672495642,-14.484284372276587,0.0003504590833872297
7.62100000000088,0.0823216700971825,-2.63596796277574e-06,5.429820832625332e-06,-3.1666752273752815e-06,2.2891027633940038e-07,1.1281404420287227e-08,0.29970031305028083,0.30029452035468407,0.3,0.0016634697739672118,-1.2061131242117814e-05,2.4247705672416938e-05,13.410213118950667,-15.039794705728482,0.0003147629437772911,12.95208054965461,-14.48422106015687,0.000349824199282645
7.641000000000886,0.08232161894755646,-2.5282790449713602e-06,5.3687510497210655e-06,-3.0113783919622584e-06,2.291397362275235e-07,1.1545546154694822e-08,0.2997004269957398,0.30029441549017627,0.3,0.0016629089564664157,-1.1800079790932995e-05,2.4247797389986732e-05,13.410264969834452,-15.039857710525908,0.000314941957242459,12.952028475439496,-14.4841577515441,0.0003492071947075099
7.661000000000893,0.08232156988124473,-2.425420485807083e-06,5.3106850802647765e-06,-2.8630875050998284e-06,2.2937437738414672e-07,1.1800961925039495e-08,0.2997005408992798,0.3002943106439972,0.3,0.0016623483377084982,-1.1543942120069383e-05,2.424788902496183e-05,13.410316774536398,-15.039920716286765,0.00031512332885951763,12.95197644973905,-14.484094447345266,0.000348607458841488
7.6810000000009,0.08232152280524235,-2.327145770951368e-06,5.255487406374826e-06,-2.721486945291526e-06,2.2961382320159652e-07,1.2034044450434484e-08,0.29970065475917623,0.3002942058147937,0.3,0.0016617879177337124,-1.1292624323390166e-05,2.4247980579606452e-05,13.410368534207063,-15.039983723207156,0.00031530675665462145,12.951924472425446,-14.4840311484338,0.0003480244076027793
7.7010000000009065,0.08232147763123476,-2.233224995108705e-06,5.203028612024707e-06,-2.5862755209008715e-06,2.2985746905566343e-07,1.2234276995997008e-08,0.2997007685735511,0.30029410100113607,0.3,0.0016612276968142894,-1.1046034345216916e-05,2.424807205574072e-05,13.410420249960564,-15.04004673145923,0.0003154919585532025,12.951872543310326,-14.4839678556147,0.00034745748234194407
7.721000000000913,0.08232143427525845,-2.143445182970958e-06,5.153185104946056e-06,-2.4571657781877793e-06,2.3010454874812394e-07,1.2394520998244732e-08,0.299700882340532,0.3002939962016607,0.3,0.0016606676754129742,-1.080408194359794e-05,2.4248163455356583e-05,13.410471922824163,-15.040109741162922,0.0003156786708363216,12.951820662148611,-14.48390456959299,0.0003469061481836647
7.74100000000092,0.08232139265737103,-2.0576097556629895e-06,5.105838851097999e-06,-2.333883347634769e-06,2.3035420263989225e-07,1.2511029715557082e-08,0.2997009960583946,0.30029389141519686,0.3,0.0016601078541344236,-1.0566678653718109e-05,2.424825478015372e-05,13.41052355372507,-15.040172752337194,0.0003158666467889235,12.951768828601896,-14.483841290961836,0.000346369892541543
7.7610000000009265,0.08232135270133872,-1.975537386108855e-06,5.060877122264884e-06,-2.216166310589299e-06,2.3060554299072436e-07,1.2583251845074033e-08,0.2997011097256737,0.3002937866408581,0.3,0.0016595482336736666,-1.0333737751741287e-05,2.424834603156975e-05,13.41057514345976,-15.040235764887665,0.0003160556555394575,12.951717042249387,-14.483778020187987,0.00034584822385948867
7.781000000000933,0.08232131433434547,-1.897060969263872e-06,5.018192255713816e-06,-2.1037646012552084e-06,2.3085771257768897e-07,1.2613449174553148e-08,0.2997012233412404,0.3002936818781026,0.3,0.001658988814765267,-1.010517421885132e-05,2.4248437210656814e-05,13.410626692697907,-15.04029877858522,0.000316245480468789,12.951665302574225,-14.483714757618674,0.00034534066982766883
7.80100000000094,0.0823212774867337,-1.8220258712206335e-06,4.977681425780145e-06,-1.9964394218249887e-06,2.3110993374168593e-07,1.2606186324548466e-08,0.29970133690434864,0.30029357712676075,0.3,0.0016584295981364454,-9.880904705525294e-06,2.4248528318807792e-05,13.410678201983767,-15.040361793072583,0.0003164359182400035,12.95161360897985,-14.483651503491663,0.00034484677633902285
7.8210000000009465,0.08232124209177644,-1.7502884793628664e-06,4.939246426263755e-06,-1.8939626977479243e-06,2.3136154589225643e-07,1.2567735029209323e-08,0.29970145041464635,0.30029347238703397,0.3,0.001657870584466614,-9.660847496467416e-06,2.424861935644477e-05,13.410729671731604,-15.040424807873027,0.00031662677745026755,12.951561960807613,-14.483588257940333,0.00034436610602311165
7.841000000000953,0.08232120808548588,-1.6817141470951778e-06,4.902793463504307e-06,-1.7961165768774707e-06,2.3161203068173825e-07,1.2505454021519998e-08,0.2997015638721647,0.3002933676594712,0.3,0.0016573117743550493,-9.444922475956997e-06,2.4248710324265094e-05,13.410781102257516,-15.040487822403106,0.00031681787792099,12.951510357343468,-14.483525021023256,0.00034389823739307377
7.86100000000096,0.08232117540645181,-1.616175955892351e-06,4.868232959275021e-06,-1.70269292036139e-06,2.3186102474677113e-07,1.2427172714616248e-08,0.2997016772772763,0.3002932629449187,0.3,0.0016567531682978819,-9.233051093630325e-06,2.4248801222704525e-05,13.410832493788408,-15.040550835997703,0.0003170090496114749,12.95145879784423,-14.483461792739213,0.0003434427636768864
7.881000000000967,0.08232114399571491,-1.5535529306751178e-06,4.835479362884365e-06,-1.6134928609460676e-06,2.3210832085810631e-07,1.2340629158125737e-08,0.29970179063064106,0.3002931582444623,0.3,0.0016561947666745437,-9.02515633110614e-06,2.4248892052081632e-05,13.410883846492544,-15.040613847932388,0.0003172001321147955,12.951407281549693,-14.483398573053886,0.00034299929220715824
7.901000000000973,0.08232111379666465,-1.4937288178946455e-06,4.804450972034635e-06,-1.5283263781821993e-06,2.3235385899539755e-07,1.2252989960719723e-08,0.299701903933138,0.3002930535593562,0.3,0.0016556365697432884,-8.821162669244354e-06,2.4248982812543004e-05,13.410935160491523,-15.040676857452658,0.00031739097398729156,12.951355807708902,-14.483335361915511,0.00034256744366545903
7.92100000000098,0.08232108475496085,-1.4365910014545738e-06,4.775069761708828e-06,-1.4470119003104834e-06,2.3259770917195357e-07,1.2170467964067212e-08,0.29970201718579104,0.30029294889095176,0.3,0.001655078577644953,-8.620996056396524e-06,2.4249073504338183e-05,13.410986435893765,-15.040739863796814,0.00031758143230351936,12.951304375588151,-14.483272159280304,0.00034214685155503226
7.941000000000987,0.0823210568184726,-1.3820297517829101e-06,4.74726122076663e-06,-1.3693759242123536e-06,2.3284004821635834e-07,1.2098048311331755e-08,0.299702130389696,0.300292844240627,0.3,0.0016545207904136762,-8.424583877215053e-06,2.4249164127579204e-05,13.411037672806714,-15.040802866220409,0.0003177713723164959,12.951252984488981,-14.483208965124636,0.0003417371617529727
7.961000000000993,0.08232102993722941,-1.3299376739457287e-06,4.720954195805427e-06,-1.295252648638568e-06,2.3308113286193413e-07,1.2039339574033684e-08,0.29970224354594877,0.30029273960972186,0.3,0.0016539632079928563,-8.231854922657652e-06,2.424925468258109e-05,13.41108887136094,-15.040865864014735,0.000317960667290617,12.951201633753668,-14.483145779461761,0.00034133803229940203
7.981000000001,0.08232100406337944,-1.2802093793130361e-06,4.69608074137734e-06,-1.2244836898640944e-06,2.3332127132306483e-07,1.199652343950578e-08,0.2997023566555874,0.3002926349994861,0.3,0.001653405830254693,-8.042739360764983e-06,2.4249345169507273e-05,13.411140031710486,-15.040928856526431,0.000318149197959572,12.951150322781931,-14.483082602343522,0.00034094913276968533
8.001000000001005,0.08232097915115055,-1.2327414047529082e-06,4.672575977131277e-06,-1.1569177052529406e-06,2.3356079534105968e-07,1.1970406444309287e-08,0.29970246971953907,0.30029253041103615,0.3,0.0016528486570216083,-7.857168708190402e-06,2.4249435588638368e-05,13.411191154053807,-15.040991843163624,0.00031833685281236295,12.95109905102295,-14.483019433870934,0.00034057014451237527
8.021000000000994,0.08232095515680975,-1.1874323766827587e-06,4.650377950589368e-06,-1.0924101406914883e-06,2.3380003456140174e-07,1.1960557409932841e-08,0.29970258273858535,0.3002924258453264,0.3,0.0016522916880878178,-7.67507580297501e-06,2.4249525940519822e-05,13.411242238634118,-15.041054823404844,0.00031852352755049756,12.951047817982035,-14.48295627419386,0.00034020075999151517
8.041000000000983,0.08232093203861884,-1.144183224799441e-06,4.629427505807582e-06,-1.0308229381025485e-06,2.3403929444747809e-07,1.1965497255114916e-08,0.29970269571333913,0.30029232130313505,0.3,0.001651734923239795,-7.496394777553139e-06,2.4249616225714483e-05,13.411293285744224,-15.041117796796177,0.0003187091249841101,12.950996623210376,-14.482893123509296,0.00033984068264188345
8.061000000000972,0.08232090975678381,-1.1028974707863121e-06,4.609668157920521e-06,-9.720242187975469e-07,2.3427883875200127e-07,1.1982939844697541e-08,0.2997028086442336,0.3002922167850583,0.3,0.001651178362274343,-7.3210610332266276e-06,2.424970644453011e-05,13.41134429571085,-15.041180762954735,0.00031889355520186137,12.950945466311694,-14.482829982049033,0.00033948962701880645
8.08100000000096,0.08232088827339638,-1.063481703047018e-06,4.591045972397734e-06,-9.158880842483026e-07,2.3451887709108345e-07,1.2010047672614776e-08,0.29970292153152706,0.3002921122915225,0.3,0.0016506220050134224,-7.149011214769435e-06,2.4249796597736045e-05,13.411395268903686,-15.041243721557745,0.0003190767348380069,12.950894346925857,-14.482766850081086,0.0003391473179011617
8.10100000000095,0.08232086755236875,-1.025845840604101e-06,4.5735094500107265e-06,-8.622943154296254e-07,2.347595577019098e-07,1.2043693392477098e-08,0.29970303437531465,0.3002920078227984,0.3,0.001650065851315307,-6.980183185855333e-06,2.4249886686218323e-05,13.411446205730469,-15.041306672330489,0.00031925858726077695,12.950843264714772,-14.482703727901084,0.0003388134904973293
8.121000000000938,0.08232084755935982,-9.899036089381483e-07,4.557009416622515e-06,-8.111281296496866e-07,2.3500096515576045e-07,1.2080699764144694e-08,0.2997031471755508,0.3002919033790271,0.3,0.0016495099010816765,-6.81451600550396e-06,2.4249976710663598e-05,13.411497106605946,-15.04136961504711,0.00031943904218047404,12.950792219377007,-14.48264061581244,0.00033848788995383003
8.141000000000927,0.08232082826169657,-9.555728115375533e-07,4.541498917577658e-06,-7.622799716203326e-07,2.3524312259664808e-07,1.2118056878729039e-08,0.2997032599320759,0.3002917989602484,0.3,0.0016489541542609122,-6.651949904248e-06,2.4250066671565414e-05,13.41154797196199,-15.041432549509622,0.00031961803515016097,12.950741210620253,-14.482577514126422,0.0003381702707787733
8.161000000000916,0.08232080962829119,-9.227752649307364e-07,4.5269331171785e-06,-7.156452403886884e-07,2.3548599760936652e-07,1.2153093188028584e-08,0.2997033726446471,0.30029169456643046,0.3,0.001648398610847754,-6.492426261603288e-06,2.4250156569968216e-05,13.411598802237771,-15.041495475537983,0.0003197955078097235,12.950690238155856,-14.48251442315434,0.0003378603970369265
8.181000000000905,0.0823207916295533,-8.914373999550077e-07,4.513269202408021e-06,-6.711240839485686e-07,2.3572951100744532e-07,1.2183608177189536e-08,0.2997034853129711,0.3002915901975026,0.3,0.0016478432708798255,-6.335887583375936e-06,2.4250246406617007e-05,13.411649597864265,-15.041558392960573,0.00031997140696927995,12.950639301695576,-14.482451343195198,0.0003375580413502656
8.201000000000894,0.08232077423730604,-8.614895326508063e-07,4.500466290885408e-06,-6.286212099593488e-07,2.3597354750561624e-07,1.2207953765136118e-08,0.29970359793673496,0.3002914858533826,0.3,0.0016472881344317808,-6.182277479709487e-06,2.425033618217394e-05,13.411700359253144,-15.041621301612606,0.00032014568474180544,12.950588400959496,-14.4823882745312,0.00033726298498313505
8.221000000000883,0.08232075742469516,-8.328668526368042e-07,4.488485343921711e-06,-5.880455869459707e-07,2.3621796733849161e-07,1.2225068738360449e-08,0.299703710515627,0.3002913815339977,0.3,0.0016467332016076813,-6.031540643526307e-06,2.4250425897473365e-05,13.411751086807707,-15.041684201311734,0.000320318297853808,12.950537535641672,-14.482325217427153,0.00033697501704959046
8.241000000000872,0.08232074116610996,-8.055082988532621e-07,4.4772890823024936e-06,-5.493103736486586e-07,2.3646261804290146e-07,1.2234475361459548e-08,0.2997038230493706,0.3002912772393125,0.3,0.0016461784725321726,-5.883622829123808e-06,2.425051555315338e-05,13.411801780899962,-15.041747091867737,0.0003204892072363545,12.95048670543765,-14.482262172122352,0.00033669393407083473
8.26100000000086,0.08232072543710445,-7.793566096819856e-07,4.466841907094232e-06,-5.123326186223072e-07,2.3670734539200442e-07,1.2236228374361237e-08,0.29970393553773444,0.3002911729693369,0.3,0.0016456239473415799,-5.738470831152554e-06,2.4250605149803863e-05,13.411852441878127,-15.041809973073079,0.0003206583782224355,12.9504359100304,-14.482199138833794,0.00033641954009341315
8.28100000000085,0.08232071021432283,-7.543582777719157e-07,4.457109823628735e-06,-4.770331179344886e-07,2.3695200315025793e-07,1.2230847103321803e-08,0.2997040479805467,0.3002910687241381,0.3,0.001645069626175182,-5.59603246435232e-06,2.4250694687935533e-05,13.411903070062293,-15.041872844702286,0.0003208257796859389,12.950385149093684,-14.482136117754083,0.0003361516457515407
8.301000000000839,0.0823206954754352,-7.304627913608562e-07,4.448060369276197e-06,-4.4333623933261545e-07,2.3719646102372243e-07,1.2219222824663038e-08,0.29970416037770176,0.30029096450384357,0.3,0.0016445155091673721,-5.456256542840537e-06,2.425078416832402e-05,13.41195366575328,-15.041935706508765,0.0003209913841500986,12.950334422286216,-14.482073109058149,0.0003358900683483245
8.321000000000828,0.08232068119907446,-7.076229149236959e-07,4.4396625444448334e-06,-4.1116975552056433e-07,2.3744061057676464e-07,1.2202512364241922e-08,0.2997042727291606,0.3002908603086399,0.3,0.0016439615964409656,-5.319092860677718e-06,2.425087359115632e-05,13.412004229222505,-15.041998558230727,0.00032115516692538015,12.950283729264685,-14.482010112899637,0.0003356346308756172
8.341000000000816,0.08232066736478959,-6.857933505210753e-07,4.43188674694589e-06,-3.8046466429851266e-07,2.3768436895504387e-07,1.2182029559105166e-08,0.29970438503494845,0.3002907561387668,0.3,0.0016434078881020745,-5.184492172302009e-06,2.425096295718406e-05,13.41205476071402,-15.04206139960018,0.0003213171070000993,12.950233069693127,-14.481947129415271,0.0003353851629008802
8.361000000000805,0.0823206539529905,-6.649317325721351e-07,4.424704709488081e-06,-3.511550777703335e-07,2.3792768056297432e-07,1.2159143415633265e-08,0.2997044972951433,0.3002906519945077,0.3,0.0016428543842365233,-5.052406173080176e-06,2.425105226666298e-05,13.412105260471643,-15.042124230326596,0.00032147718519783,12.950182443212364,-14.48188415873714,0.00033514149864098203
8.381000000000794,0.0823206409449165,-6.449970611173994e-07,4.41808943952432e-06,-3.231780385760561e-07,2.3817051669782893e-07,1.2135179505130773e-08,0.29970460950987277,0.3002905478761832,0.3,0.0016423010849079627,-4.922787480966664e-06,2.4251141519983177e-05,13.412155728708727,-15.042187050126486,0.00032163538561207934,12.95013184948788,-14.481821200983102,0.0003349034783474213
8.401000000000783,0.0823206283225971,-6.259503215667613e-07,4.412015162449934e-06,-2.9647342604048367e-07,2.384128735804836e-07,1.2111346670411117e-08,0.2997047216792962,0.30029044378413394,0.3,0.0016417479901576293,-4.795589617942876e-06,2.4251230717562204e-05,13.412206165641392,-15.0422498587072,0.00032179169426411433,12.950081288176019,-14.481758256272785,0.0003346709469006013
8.421000000000772,0.08232061606882374,-6.077537382637811e-07,4.406457267021324e-06,-2.709838067648109e-07,2.386547690716147e-07,1.2088672633709123e-08,0.29970483380359564,0.30029033971871244,0.3,0.0016411951000053905,-4.670766992108899e-06,2.425131985982443e-05,13.412256571472536,-15.0423126557855,0.0003219460996587827,12.950030758951089,-14.4816953247216,0.00033444375432836347
8.441000000000761,0.08232060416712181,-5.903710292358709e-07,4.401392253619574e-06,-2.466542697390443e-07,2.3889623839894734e-07,1.2067961720392315e-08,0.29970494588295626,0.30029023568026386,0.3,0.001640642414451994,-4.54827488026916e-06,2.425140894705665e-05,13.412306946409071,-15.04237544108127,0.0003220985925842666,12.949980261490287,-14.481632406450583,0.00033422175554089227
8.46100000000075,0.08232059260172749,-5.73766880526524e-07,4.396797683964282e-06,-2.2343244134175667e-07,2.391373294661663e-07,1.2049780216427066e-08,0.29970505791756474,0.300290131669126,0.3,0.0016400899334819436,-4.428069410662115e-06,2.4251497979607463e-05,13.412357290650032,-15.042438214329641,0.0003222491654478483,12.949929795492077,-14.481569501580474,0.00033400480963532986
8.481000000000739,0.08232058135756526,-5.579071770984551e-07,4.392652133922148e-06,-2.0126824175646064e-07,2.3937809781939346e-07,1.2034443352178806e-08,0.29970516990759266,0.3002900276856137,0.3,0.001639537657067109,-4.310107546193554e-06,2.425158695794599e-05,13.412407604407033,-15.042500975274313,0.0003223978129197242,12.949879360658311,-14.481506610243045,0.00033379278047517843
8.501000000000728,0.0823205704202262,-5.427589787068981e-07,4.388935147973949e-06,-1.8011385037679814e-07,2.3961860195076053e-07,1.2022035753616646e-08,0.2997052818531904,0.3002899237300138,0.3,0.0016389855851705615,-4.19434706822667e-06,2.4251675882379556e-05,13.412457887888994,-15.042563723674949,0.0003225445313240868,12.9498289567085,-14.481443732572226,0.0003335855360458205
8.521000000000717,0.08232055977594857,-5.28290116219891e-07,4.385627195645225e-06,-1.5992359695124803e-07,2.3985889898952793e-07,1.2012435219480046e-08,0.2997053937544805,0.30028981980258146,0.3,0.0016384337177503332,-4.080746560500202e-06,2.4251764753270464e-05,13.412508141308553,-15.0426264593103,0.0003226893190067231,12.949778583379572,-14.481380868708111,0.00033338294879775956
8.541000000000706,0.08232054941159467,-5.144697420300517e-07,4.382709629775772e-06,-1.4065387357802137e-07,2.4009904104153765e-07,1.20053459816228e-08,0.29970550561155657,0.30028971590353876,0.3,0.0016378820547629234,-3.969265393441274e-06,2.42518535710189e-05,13.412558364893949,-15.042689181964981,0.00032283217576669384,12.94972824040605,-14.481318018801582,0.00033318489493343784
8.561000000000694,0.08232053931463021,-5.012679669694243e-07,4.3801646472246825e-06,-1.2226301842241859e-07,2.403390724425232e-07,1.2000350218807452e-08,0.2997056174244778,0.30028961203307064,0.3,0.001637330596166257,-3.8598637092069925e-06,2.425194233611806e-05,13.41260855886406,-15.04275189144849,0.00032297310326586087,12.94967792755099,-14.481255183001883,0.00033299125494764886
8.581000000000683,0.08232052947310098,-4.886560642311024e-07,4.37797525022765e-06,-1.0471126271319379e-07,2.4057902783513644e-07,1.1996942025899025e-08,0.29970572919327615,0.30028950819133393,0.3,0.0016367793419221016,-3.7525024063352282e-06,2.4252031048840732e-05,13.4126587234478,-15.042814587578127,0.00032311210462855,12.949627644577939,-14.481192361464116,0.0003328019130245194
8.601000000000672,0.08232051987561007,-4.7660656990927163e-07,4.376125210231452e-06,-8.796063919142193e-08,2.408189311171284e-07,1.1994577815718897e-08,0.2997058409179547,0.30028940437845575,0.3,0.00163622829199789,-3.6471431254569843e-06,2.4252119709621374e-05,13.41270885887611,-15.042877270182451,0.00032324918433415423,12.94957739125891,-14.481129554345712,0.00033261675696048636
8.621000000000661,0.08232051051129444,-4.650930400055692e-07,4.3745990330815165e-06,-7.197490243864898e-08,2.4105879526331595e-07,1.1992714955613806e-08,0.2997059525984948,0.300289300594541,0.3,0.0016356774463677773,-3.543748234914867e-06,2.4252208318911892e-05,13.412758965380164,-15.042939939100576,0.00032338434839996076,12.949527167373807,-14.481066761803998,0.00033243567830663787
8.64100000000065,0.0823205013698001,-4.5409046887278557e-07,4.373381926103814e-06,-5.671939141937358e-08,2.412986228909694e-07,1.1990848898831658e-08,0.29970606423485463,0.3002891968396711,0.3,0.0016351268050131182,-3.442280816568233e-06,2.4252296877225976e-05,13.412809043189885,-15.043002594179427,0.0003235176044095348,12.949476972708753,-14.481003983996008,0.0003322585723017142
8.661000000000639,0.08232049244125608,-4.4357495475932556e-07,4.372459765818182e-06,-4.216110642178967e-08,2.41538407494919e-07,1.1988543511556139e-08,0.29970617582698383,0.3002890931139197,0.3,0.001634576367922091,-3.342704652500547e-06,2.425238538482596e-05,13.412859092531093,-15.043065235270939,0.000323648960535328,12.949426807053156,-14.4809412210734,0.00033208533695749097
8.681000000000628,0.0823204837162517,-4.3352386250412634e-07,4.371819068010874e-06,-2.8268478074262316e-08,2.417781349732922e-07,1.1985443076084122e-08,0.2997062873748235,0.30028898941735044,0.3,0.00163402613508907,-3.2449842110064784e-06,2.4252473842170397e-05,13.412909113625467,-15.043127862231039,0.00032377842658756507,12.949376670200373,-14.48087847318527,0.00033191587394957315
8.701000000000617,0.08232047518581175,-4.2391572021534287e-07,4.371446958667535e-06,-1.501137881765538e-08,2.420177855657322e-07,1.198129292806686e-08,0.2997063988783112,0.3002888857500237,0.3,0.0016334761065135376,-3.1490846338443408e-06,2.4252562249638785e-05,13.412959106693526,-15.043190474916718,0.00032390601335592384,12.94932656194314,-14.480815740478077,0.0003317500879865594
8.721000000000606,0.08232046684137276,-4.1473027022255477e-07,4.371331146238444e-06,-2.3610687910529734e-09,2.422573358908221e-07,1.1975940551684359e-08,0.299706510337389,0.3002887821120029,0.3,0.0016329262821986946,-3.0549717230613464e-06,2.4252650607679338e-05,13.413009071944172,-15.04325307318755,0.00032403173236291154,12.949276482079783,-14.480753023089497,0.0003315878865095906
8.741000000000595,0.08232045867476113,-4.0594832390789476e-07,4.371459895735619e-06,9.709954632789111e-09,2.4249676091530026e-07,1.1969329120195987e-08,0.29970662175200014,0.30028867850335106,0.3,0.001632376662149998,-2.9626119281493475e-06,2.4252738916612868e-05,13.413059009583373,-15.043315656902045,0.0003241555965150333,12.949226430406599,-14.480690321153823,0.000331429180313143
8.761000000000584,0.0823204506781699,-3.9755184617479217e-07,4.3718220030034005e-06,2.1227873735766986e-08,2.4273603585513935e-07,1.196149457121861e-08,0.2997067331221015,0.3002885749241423,0.3,0.0016318272463734665,-2.871972334077659e-06,2.42528271767258e-05,13.413108919808051,-15.043378225916749,0.00032427761880829533,12.94917640672087,-14.480627634797829,0.0003312738822035095
8.781000000000573,0.08232044284414157,-3.895235840542196e-07,4.372406771105397e-06,3.221773252233938e-08,2.429751377434732e-07,1.1952547770302755e-08,0.2997068444476587,0.300288471374458,0.3,0.0016312780348742928,-2.783020648503946e-06,2.4252915388352762e-05,13.413158802807665,-15.043440780090775,0.00032439781351307226,12.94912641082518,-14.480564964143687,0.00033112190812193386
8.801000000000561,0.08232043516554743,-3.818473512450419e-07,4.373203987356744e-06,4.2703439013680965e-08,2.432140467055904e-07,1.1942658245977948e-08,0.29970695572864947,0.3002883678543877,0.3,0.0016307290276555747,-2.6957251899953125e-06,2.425300355195564e-05,13.413208658767783,-15.043503319278935,0.00032451619531187573,12.949076442517436,-14.480502309308516,0.00033097317631745996
8.82100000000055,0.08232042763557168,-3.745077454609425e-07,4.374203901549856e-06,5.270782996635157e-08,2.4345274687518793e-07,1.1932035888098198e-08,0.2997070669650625,0.3002882643640287,0.3,0.0016301802247172174,-2.610054876356267e-06,2.4253091667772626e-05,13.413258487865342,-15.043565843337204,0.0003246327795926282,12.949026501601532,-14.480439670405254,0.0003308276074877865
8.84100000000054,0.08232042024769556,-3.6749011536805785e-07,4.3753972049226375e-06,6.225269085795857e-08,2.436912269582825e-07,1.1920913604869667e-08,0.2997071781568987,0.30028816090348703,0.3,0.0016296316260551666,-2.5259792129264063e-06,2.4253179736293214e-05,13.413308290275339,-15.043628352119429,0.0003247475820529728,12.948976587877796,-14.48037704754284,0.0003306851244999308
8.861000000000528,0.08232041299568349,-3.6078049553651975e-07,4.376775010805911e-06,7.13588616205741e-08,2.4392948039785144e-07,1.19095291071809e-08,0.29970728930416385,0.30028805747287,0.3,0.0016290832316608942,-2.443468281239106e-06,2.4253267757490394e-05,13.413358066158978,-15.043690845485019,0.0003248606191418699,12.94892670115955,-14.480314440824031,0.00033054565265691475
8.881000000000517,0.08232040587357004,-3.543654792741804e-07,4.3783288350002225e-06,8.004622278905472e-08,2.4416750524742944e-07,1.1898107105739794e-08,0.29970740040687605,0.30028795407229314,0.3,0.0016285350415210713,-2.3624927281340744e-06,2.4253355731857125e-05,13.413407815678834,-15.043753323291524,0.0003249719076076272,12.948876841256904,-14.48025185035125,0.0003304091193057611
8.901000000000506,0.0823203988756484,-3.482323876485682e-07,4.380050578088601e-06,8.833375951992295e-08,2.444053037530733e-07,1.1886851163589523e-08,0.2997075114650579,0.30028785070187247,0.3,0.0016279870556176654,-2.283023754597489e-06,2.425344365960046e-05,13.413457538997417,-15.043815785395449,0.0003250814644403719,12.948827007978558,-14.4801892762265,0.00033027545367608806
8.921000000000495,0.08232039199646118,-3.4236878663890923e-07,4.381932507888098e-06,9.623960872482134e-08,2.446428817110602e-07,1.187592768685484e-08,0.29970762247873317,0.30028774736172376,0.3,0.001627439273928279,-2.205033105321708e-06,2.425353154116171e-05,13.413507236267531,-15.043878231663566,0.00032518930723978855,12.948777201148273,-14.480126718547634,0.00033014458730188127
8.941000000000484,0.08232038523078775,-3.3676302947576325e-07,4.3839672433723664e-06,1.0378109531050279e-07,2.4488024773731783e-07,1.1865467299544828e-08,0.29970773344792734,0.3002876440519574,0.3,0.0016268916964265094,-2.1284930581429314e-06,2.425361937658953e-05,13.413556907642198,-15.043940661959438,0.00032529545366079244,12.948727420585778,-14.480064177411995,0.00033001645335187317
8.961000000000473,0.08232037857363828,-3.31403682223559e-07,4.386147738302815e-06,1.1097476055042697e-07,2.4511741238678695e-07,1.1855554245731706e-08,0.29970784437266607,0.30028754077268366,0.3,0.0016263443230824866,-2.053376413910468e-06,2.425370716637343e-05,13.413606553275862,-15.044003076152176,0.00032539992183757733,12.948677666115339,-14.480001652918252,0.00032989098707698195
8.981000000000462,0.08232037202024288,-3.262798336417057e-07,4.3884672666083535e-06,1.1783640608835724e-07,2.453543873387057e-07,1.184623432198753e-08,0.2997079552529712,0.300287437524005,0.3,0.001625797153863596,-1.9796564863650883e-06,2.4253794910692798e-05,13.413656173316376,-15.044065474117557,0.00032550273009576995,12.94862793757135,-14.47993914516244,0.00032976812547014884
9.00100000000045,0.08232036556604444,-3.2138100489019947e-07,4.390919407570859e-06,1.2438110771753932e-07,2.455911845578443e-07,1.183751030053252e-08,0.2997080660888628,0.30028733430601995,0.3,0.0016252501887351412,-1.907307092467266e-06,2.425388260966536e-05,13.413705767909713,-15.044127855733398,0.0003256038968688102,12.948578234789716,-14.479876654239016,0.00032964780715746513
9.02100000000044,0.08232035920669066,-3.166970593418514e-07,4.393498032634335e-06,1.3062328355032079e-07,2.4582781559738506e-07,1.182935440689949e-08,0.2997081768803516,0.3002872311188148,0.3,0.0016247034276610478,-1.8363025425191433e-06,2.4253970263814747e-05,13.41375533720864,-15.04419022088239,0.0003257034410130343,12.94852855760872,-14.47981418024778,0.00032952997268074574
9.041000000000428,0.08232035293802477,-3.122183044924522e-07,4.396197291617332e-06,1.365766833653367e-07,2.460642910131463e-07,1.1821707253557896e-08,0.29970828762744756,0.30028712796247375,0.3,0.0016241568706043185,-1.7666176310642107e-06,2.4254057873120923e-05,13.413804881354746,-15.044252569451922,0.0003258013813714988,12.94847890587444,-14.47975172328102,0.0003294145640573951
9.061000000000417,0.08232034675607994,-3.0793532726722797e-07,4.399011600292324e-06,1.4225443447648452e-07,2.4630061988188803e-07,1.1814490840355828e-08,0.29970839833015617,0.3002870248370739,0.3,0.0016236105175276637,-1.6982276274572117e-06,2.425414543816956e-05,13.413854400496893,-15.044314901331699,0.0003258977370738063,12.948429279431965,-14.479689283435885,0.00032930152501072516
9.081000000000406,0.08232034065706974,-3.038392762536206e-07,4.401935628825515e-06,1.4766909430128617e-07,2.465368095359503e-07,1.1807616979035194e-08,0.29970850898847234,0.3002869217426812,0.3,0.0016230643683939577,-1.6311082669090775e-06,2.4254232959067837e-05,13.413903894779098,-15.044377216417939,0.0003259925273803604,12.948379678134385,-14.479626860806906,0.00032919080082317886
9.101000000000395,0.08232033463738071,-2.999215623954667e-07,4.4049642895852e-06,1.5283261286486527e-07,2.4677286544922424e-07,1.1800989836781214e-08,0.2997086196023926,0.3002868186793605,0.3,0.0016225184231663501,-1.5652357415399482e-06,2.4254320435950572e-05,13.41395336433972,-15.044439514609916,0.00032608577147949204,12.948330101839119,-14.479564455484628,0.0003290823381086522
9.121000000000384,0.08232032869356573,-2.961739777587221e-07,4.408092726608526e-06,1.57756437948425e-07,2.470087911810809e-07,1.1794515624521544e-08,0.29970873017190736,0.3002867156471699,0.3,0.0016219726818085527,-1.5005866917493188e-06,2.42544078693173e-05,13.414002809325144,-15.04450179580607,0.00032617748898976055,12.948280550398545,-14.479502067564354,0.00032897608522612697
9.141000000000373,0.0823203228223352,-2.925888063829124e-07,4.411316305123758e-06,1.6245148625623998e-07,2.472445885761886e-07,1.1788111169578334e-08,0.29970884069700293,0.30028661264616135,0.3,0.0016214271442849132,-1.437138197695653e-06,2.4254495259096173e-05,13.414052229867252,-15.044564059914203,0.00032626769936129385,12.94823102368003,-14.479439697132715,0.00032887199175890867
9.161000000000362,0.08232031702055004,-2.8915853108792953e-07,4.414630601197456e-06,1.6692815652603304e-07,2.474802579555918e-07,1.1781703765191986e-08,0.2997089511776668,0.3002865096763875,0.3,0.0016208818105602407,-1.3748677710069775e-06,2.42545826058764e-05,13.414101626106827,-15.044626306840604,0.000326356422097604,12.948181521545232,-14.479377344281126,0.0003287700086197525
9.18100000000035,0.08232031128521466,-2.85876132408757e-07,4.41803139256125e-06,1.7119641495692985e-07,2.477157983668096e-07,1.1775234962724992e-08,0.29970906161388333,0.3002864067378956,0.3,0.001620336680599775,-1.3137533463562394e-06,2.425466990973406e-05,13.414150998177483,-15.044688536491769,0.0003264436769060434,12.948132043856829,-14.479315009095485,0.0003286700882212881
9.20100000000034,0.08232030561346979,-2.827348341401904e-07,4.421514649154135e-06,1.7526574583406617e-07,2.4795120799720705e-07,1.1768664844283538e-08,0.29970917200563946,0.30028630383073407,0.3,0.0016197917543689583,-1.2537732737915308e-06,2.425475717081762e-05,13.414200346202632,-15.044750748782617,0.00032652948336844124,12.948082590491163,-14.479252691656464,0.0003285721841266674
9.221000000000329,0.08232030000258524,-2.7972839684431655e-07,4.425076524698646e-06,1.7914521836437182e-07,2.4818648444711513e-07,1.176197140918192e-08,0.29970928235291927,0.300286200954949,0.3,0.0016192470318332972,-1.1949063103699243e-06,2.4254844389568204e-05,13.414249670326782,-15.044812943618552,0.0003266138609924362,12.948033161303796,-14.479190392054686,0.00032847625104222603
9.241000000000318,0.08232029444995362,-2.7685065969565064e-07,4.428713348283986e-06,1.8284349283126546e-07,2.4842162516378416e-07,1.1755148913307824e-08,0.299709392655711,0.30028609811058604,0.3,0.001618702512957936,-1.1371316130019449e-06,2.425493156601025e-05,13.41429897066142,-15.044875120917837,0.0003266968294849742,12.947983756178044,-14.479128110362911,0.0003283822451013422
9.261000000000307,0.0823202889530846,-2.740958824269989e-07,4.432421616205884e-06,1.8636882250833227e-07,2.4865662767048825e-07,1.1748206547896017e-08,0.29970950291400544,0.3002859952976935,0.3,0.0016181581977074808,-1.0804287303279672e-06,2.4255018700522848e-05,13.414348247334452,-15.044937280594112,0.0003267784083070634,12.947934374985007,-14.479065846662497,0.00032829012337413726
9.281000000000295,0.08232028350959883,-2.714585984004847e-07,4.436197984819534e-06,1.8972910994117856e-07,2.4889148985415936e-07,1.1741166255907213e-08,0.29970961312779204,0.30028589251631654,0.3,0.0016176140860458034,-1.0247775955839437e-06,2.425510579328887e-05,13.414397500465812,-15.04499942256259,0.0003268586170280523,12.947885017599184,-14.479003601028882,0.00032819984421858593
9.301000000000284,0.08232027811722115,-2.6893371897624227e-07,4.440039262962325e-06,1.9293187776589182e-07,2.4912621020086044e-07,1.1734058624434961e-08,0.2997097232970652,0.3002857897665038,0.3,0.0016170701779357254,-9.70158519326756e-07,2.4255192844432586e-05,13.414446730174259,-15.04506154673816,0.00032693747485992375,12.947835683894928,-14.478941373536214,0.00032811136678112616
9.321000000000273,0.08232027277377957,-2.6651598531432887e-07,4.443942404987189e-06,1.9598431820349597e-07,2.4936078787337853e-07,1.1726919107098441e-08,0.29970983342182317,0.30028568704830466,0.3,0.0016165264733389352,-9.165521820565921e-07,2.4255279854157525e-05,13.414495936568054,-15.045123653044952,0.00032701500142272804,12.94778637376208,-14.478879164254794,0.00032802465174745706
9.341000000000262,0.08232026747719524,-2.6420091147327507e-07,4.4479045046078025e-06,1.988933059071828e-07,2.4959522282189215e-07,1.17197892760179e-08,0.2997099435020625,0.3002855843617671,0.3,0.0016159829722159622,-8.639396273410894e-07,2.425536682274977e-05,13.414545119765332,-15.045185741398086,0.00032709121577906096,12.947737087074026,-14.478816973257027,0.00032793966032041046
9.361000000000251,0.08232026222548125,-2.6198401810384024e-07,4.451922788320517e-06,2.0166539327425494e-07,2.498295158238933e-07,1.17127088397391e-08,0.2997100535377831,0.30028548170693914,0.3,0.001615439674525968,-8.123022549662076e-07,2.4255453750478177e-05,13.41459427987657,-15.045247811717209,0.0003271661369642488,12.947687823712926,-14.478754800611974,0.00032785635479831666
9.38100000000024,0.0823202570167383,-2.5986090383068886e-07,4.455994609291192e-06,2.0430684260364072e-07,2.500636684000337e-07,1.1705713740657415e-08,0.29971016352898794,0.3002853790838704,0.3,0.0016148965802267492,-7.616218140966226e-07,2.4255540637301763e-05,13.414643417006687,-15.045309863925972,0.0003272397840709789,12.947638583566803,-14.478692646385422,0.0003277746985815788
9.401000000000229,0.08232025184915077,-2.5782746384836044e-07,4.4601174417693845e-06,2.0682362298789437e-07,2.5029768276592565e-07,1.1698838564806265e-08,0.2997102734756783,0.30028527649260806,0.3,0.0016143536892748503,-7.118803966165028e-07,2.4255627483651255e-05,13.414692531263732,-15.045371897948462,0.0003273121758871545,12.947589366523141,-14.478630510644813,0.0003276946557972606
9.421000000000218,0.08232024672098212,-2.5587979597189067e-07,4.464288875849487e-06,2.092214457401168e-07,2.5053156170667075e-07,1.169210963809486e-08,0.29971038337785744,0.30028517393319887,0.3,0.0016138110016255306,-6.630604308032921e-07,2.4255714289643954e-05,13.414741622751858,-15.04543391370966,0.00032738333111457537,12.947540172470806,-14.478568393454777,0.00032761619153155074
9.441000000000207,0.08232024163057336,-2.540139854326987e-07,4.468506611766954e-06,2.1150576680588214e-07,2.5076530842395713e-07,1.1685544922009925e-08,0.29971049323553056,0.3002850714056892,0.3,0.0016132685172329001,-6.15144674820838e-07,2.425580105535263e-05,13.414790691571566,-15.045495911136463,0.00032745326851037703,12.947491001302293,-14.478506294878178,0.0003275392719264917
9.461000000000196,0.08232023657633779,-2.522265816830837e-07,4.47276845520761e-06,2.1368177238559938e-07,2.509989264010454e-07,1.1679157835732575e-08,0.29971060304870045,0.30028496891012296,0.3,0.0016127262360500574,-5.681162104719751e-07,2.4255887781114855e-05,13.414839737825236,-15.04555789015773,0.0003275220062181703,12.947441852910796,-14.478444214978303,0.0003274638634675188
9.481000000000185,0.08232023155676008,-2.5051400812131764e-07,4.477072312603081e-06,2.1575446643580968e-07,2.5123241924179783e-07,1.1672950780748292e-08,0.29971071281737016,0.3002848664465419,0.3,0.0016121841580291967,-5.21958437161867e-07,2.425597446691717e-05,13.414888761610879,-15.045619850704604,0.0003275895628657187,12.94739272719306,-14.4783821538161,0.00032738993415189454
9.501000000000174,0.08232022657039212,-2.488729296389226e-07,4.481416186245812e-06,2.1772855362036563e-07,2.5146579058549473e-07,1.1666924520499385e-08,0.2997108225415431,0.3002847640149869,0.3,0.0016116422831217341,-4.766550657837441e-07,2.4256061113200617e-05,13.41493776302776,-15.045681792709722,0.0003276559562995234,12.947343624047512,-14.478320111453485,0.0003273174520722686
9.521000000000162,0.08232022161585044,-2.473001445567766e-07,4.485798170208999e-06,2.196085675207889e-07,2.516990439138709e-07,1.1661070268331615e-08,0.2997109322212226,0.3002846616154978,0.3,0.0016111006112783776,-4.321901129613433e-07,2.4256147719851775e-05,13.414986742170193,-15.045743716106418,0.0003277212045149166,12.947294543373575,-14.478258087948277,0.00032724638645727233
9.541000000000151,0.08232021669181416,-2.4579253253857516e-07,4.490216446204065e-06,2.2139883919610764e-07,2.519321825113394e-07,1.1655376979058578e-08,0.29971104185641007,0.30028455924811054,0.3,0.001610559142449295,-3.885478951699099e-07,2.425623428732202e-05,13.415035699133849,-15.045805620832253,0.0003277853254345304,12.947245485075358,-14.478196083360354,0.0003271767073322518
9.56100000000014,0.08232021179702088,-2.443472542413947e-07,4.494669279417329e-06,2.2310348920956605e-07,2.5216520937253086e-07,1.1649828777930335e-08,0.2997111514471069,0.30028445691286076,0.3,0.0016100178765842213,-3.457130231170756e-07,2.425632081556686e-05,13.41508463401157,-15.04586750682428,0.00032784833652955314,12.947196449056241,-14.47813409774649,0.0003271083852115369
9.58100000000013,0.08232020693026598,-2.42961463225722e-07,4.499155014839329e-06,2.2472646124263828e-07,2.523981271471107e-07,1.1644407762456433e-08,0.29971126099331413,0.30028435460978176,0.3,0.0016094768136325345,-3.036703961771127e-07,2.425640730483099e-05,13.415133546898128,-15.045929374020107,0.00032791025532909716,12.947147435218973,-14.478072131164712,0.0003270413915128086
9.601000000000118,0.08232020209039884,-2.4163248304448583e-07,4.503672073698228e-06,2.2627150762966215e-07,2.5263093814133885e-07,1.1639097991232717e-08,0.2997113704950313,0.3002842523389043,0.3,0.0016089359535432619,-2.6240519693074783e-07,2.425649375526955e-05,13.41518243788061,-15.0459912223631,0.0003279710990341191,12.947098443476134,-14.47801018366924,0.00032697569819955364
9.621000000000107,0.08232019727632063,-2.4035772512502314e-07,4.508218949761389e-06,2.2774220274299702e-07,2.528636443412611e-07,1.1633882827088268e-08,0.2997114799522598,0.30028415010026077,0.3,0.001608395296265086,-2.219028859968706e-07,2.4256580167092983e-05,13.415231307050133,-15.046053051794038,0.0003280308846384968,12.94704947373439,-14.477948255315058,0.0003269112778975839
9.641000000000096,0.08232019248698288,-2.391347829387949e-07,4.512794206407156e-06,2.2914202170520503e-07,2.530962473818396e-07,1.162874531989828e-08,0.29971158936499764,0.3002840478938778,0.3,0.001607854841746454,-1.8214919636370223e-07,2.4256666540318585e-05,13.415280154494244,-15.046114862256905,0.00032808962940823565,12.947000525904988,-14.477886346155891,0.0003268481042846271
9.661000000000085,0.08232018772138364,-2.3796127431377587e-07,4.517396473037449e-06,2.304741853569754e-07,2.533287486660622e-07,1.1623674705540344e-08,0.2997116987332458,0.30028394571978495,0.3,0.0016073145899354931,-1.431301287792819e-07,2.4256752875229007e-05,13.415328980297017,-15.046176653697662,0.00032814734972142287,12.946951599903121,-14.477824456242839,0.000326786151016754
9.681000000000074,0.08232018297856632,-2.3683496285930639e-07,4.522024442454864e-06,2.3174184040246632e-07,2.5356114936777825e-07,1.1618660724104573e-08,0.29971180805700387,0.30028384357800864,0.3,0.0016067745407800011,-1.0483194634832426e-07,2.4256839172000067e-05,13.415377784545823,-15.046238426061873,0.00032820406232407983,12.946902695641016,-14.477762585628717,0.0003267253928903335
9.701000000000063,0.08232017825761671,-2.3575381235414544e-07,4.526676867649959e-06,2.3294793707662452e-07,2.537934505133929e-07,1.161369576082594e-08,0.29971191733627256,0.3002837414685762,0.3,0.0016062346942273976,-6.72411697541801e-08,2.425692543072487e-05,13.415426567322182,-15.04630017929602,0.0003282597832553055,12.946853813034007,-14.47770073436214,0.0003266658047888945
9.721000000000052,0.08232017355766283,-2.347157187023004e-07,4.531352559372648e-06,2.340953605199317e-07,2.540256529818046e-07,1.1608773811745393e-08,0.2997120265710516,0.30028363939151226,0.3,0.0016056950502247476,-3.0344572201005075e-08,2.425701165146923e-05,13.415475328711166,-15.046361913348445,0.00032831452906940646,12.946804951997446,-14.477638902494204,0.00032660736288143836
9.74100000000004,0.08232016887787053,-2.3371880306833153e-07,4.5360503830582655e-06,2.3518678627037188e-07,2.542577576586034e-07,1.1603895629910445e-08,0.2997121357613449,0.30028353734684443,0.3,0.0016051556087187458,5.8708250307667965e-09,2.4257097834629204e-05,13.415524068786109,-15.046423628170944,0.0003283683154006834,12.94675611245578,-14.47757709006909,0.0003265500431635751
9.76100000000003,0.08232016421744338,-2.3276121118434894e-07,4.5407692569957026e-06,2.36224823720452e-07,2.544897654266623e-07,1.1599063142911082e-08,0.29971224490715176,0.3002834353345956,0.3,0.0016046163696556263,4.141775746594643e-08,2.4257183980057048e-05,13.415572787631556,-15.046485323710945,0.0003284211581674277,12.946707294322438,-14.477515297136188,0.0003264938226726034
9.781000000000018,0.08232015957561964,-2.3184126343453104e-07,4.545508149295108e-06,2.3721193934967276e-07,2.5472167722466664e-07,1.1594278196502788e-08,0.29971235400847596,0.3002833333547912,0.3,0.001604077332981096,7.630872205488724e-08,2.4257270087952588e-05,13.415621485320978,-15.046546999921736,0.00032847307282588944,12.94665849752232,-14.477453523739198,0.0003264386786991022
9.801000000000007,0.08232015495167211,-2.3095719248288025e-07,4.550266075972753e-06,2.381504939707682e-07,2.5495349408471003e-07,1.1589546292585324e-08,0.29971246306532096,0.3002832314074556,0.3,0.001603538498640393,1.105559814892453e-07,2.425735615861899e-05,13.415670161932331,-15.046608656755538,0.0003285240748530458,12.94660972197695,-14.477391769924134,0.0003263845892711195
9.820999999999996,0.08232015034490495,-2.3010748988776648e-07,4.5550420987236495e-06,2.39042749324362e-07,2.5518521714904335e-07,1.1584873188853902e-08,0.2997125720776889,0.3002831294926112,0.3,0.001602999866578214,1.4417156874814428e-07,2.4257442192029e-05,13.415718817539293,-15.046670294165832,0.0003285741794015555,12.946560967610345,-14.477330035733956,0.0003263315327984606
9.840999999999985,0.08232014575465284,-2.2929063183911755e-07,4.5598353226802835e-06,2.398908377270766e-07,2.5541684768081146e-07,1.1580264741251226e-08,0.29971268104558585,0.300283027610283,0.3,0.0016024614367386731,1.7716729138847666e-07,2.4257528188489214e-05,13.415767452217148,-15.046731912105535,0.00032862340131513927,12.946512234345004,-14.477268321212177,0.0003262794880546387
9.860999999999974,0.08232014118028058,-2.285051427847818e-07,4.564644894532177e-06,2.4069682128356523e-07,2.5564838703308375e-07,1.157572518804804e-08,0.29971278996901635,0.30028292576049365,0.3,0.0016019232090653548,2.095547356940104e-07,2.4257614147800156e-05,13.41581606603098,-15.046793510532584,0.0003286717554621451,12.946463522113092,-14.477206626396983,0.0003262284345283674
9.880999999999963,0.08232013662118032,-2.2774969988255452e-07,4.5694700007495315e-06,2.4146264332395775e-07,2.5587983669327156e-07,1.1571262178954501e-08,0.29971289884798624,0.30028282394326583,0.3,0.0016013851835013485,2.4134527113753536e-07,2.4257700070536946e-05,13.415864659059014,-15.046855089400665,0.00032871925624138347,12.946414830835893,-14.477144951332814,0.00032617835189564944
9.900999999999952,0.08232013207677147,-2.2702292408970465e-07,4.574309865681969e-06,2.421902190160747e-07,2.561111982188903e-07,1.1566877228022044e-08,0.2997130076824999,0.3002827221586201,0.3,0.001600847359989201,2.725500539873973e-07,2.4257785956400292e-05,13.415913231367066,-15.046916648668198,0.00032876591842326833,12.946366160445296,-14.477083296058414,0.00032612922084575947
9.92099999999994,0.08232012754649853,-2.2632355579258811e-07,4.579163749567072e-06,2.428812616945857e-07,2.56342473282169e-07,1.1562578182429268e-08,0.299713116472566,0.3002826204065806,0.3,0.001600309738470946,3.0318003179164255e-07,2.425787180579322e-05,13.415961783020908,-15.046978188294995,0.0003288117556276385,12.946317510873994,-14.477021660610559,0.0003260810215815499
9.94099999999993,0.08232012302983044,-2.2565043744874668e-07,4.584030947531181e-06,2.435375494614701e-07,2.5657366354679955e-07,1.1558361393764973e-08,0.29971322521818833,0.3002825186871649,0.3,0.001599772318888171,3.332459469886192e-07,2.4257957618712407e-05,13.416010314095269,-15.047039708235223,0.000328856782353365,12.946268882044558,-14.476960045032136,0.0003260337357529295
9.960999999999919,0.08232011852626006,-2.2500234088794248e-07,4.588910787313438e-06,2.441606499786739e-07,2.5680477076787387e-07,1.1554232732564056e-08,0.29971333391937527,0.3002824170003951,0.3,0.0015992351011819628,3.6275834081084353e-07,2.425804339528542e-05,13.416058824646038,-15.047101208455041,0.00032890101199208055,12.946220273900321,-14.476898449354664,0.000325987344592605
9.980999999999908,0.08232011403530193,-2.2437822155515604e-07,4.593802628162502e-06,2.4475213443361785e-07,2.57035796660641e-07,1.155018984734593e-08,0.29971344257613325,0.3002823153462907,0.3,0.0015986980852929684,3.9172755726463083e-07,2.425812913572602e-05,13.416107314744892,-15.047162688912236,0.0003289444582169874,12.946171686368725,-14.476836873618636,0.00032594183015736554
10.000999999999896,0.08232010955649291,-2.237769537806202e-07,4.598705859316932e-06,2.453134832381614e-07,2.5726674291762617e-07,1.1546231036720747e-08,0.29971355118846993,0.30028221372486996,0.3,0.0015981612711614623,4.201637466274299e-07,2.425821484009968e-05,13.416155784455755,-15.047224149568244,0.00032898713447347927,12.946123119383852,-14.476775317859861,0.0003258971748896306
10.020999999999885,0.08232010508938983,-2.2319757924693588e-07,4.60361989858965e-06,2.458461025647593e-07,2.5749761119091015e-07,1.1542354370407975e-08,0.29971365975639186,0.3002821121361512,0.3,0.0015976246587273545,4.4807686908889695e-07,2.4258300508330856e-05,13.416204233832252,-15.047285590390842,0.00032902905383984805,12.946074572890966,-14.47671378210852,0.00032585336145185095
10.040999999999874,0.08232010063356951,-2.2263914971904404e-07,4.608544191250785e-06,2.463513552305294e-07,2.577284030541847e-07,1.1538555434987644e-08,0.299713768279905,0.30028201058015025,0.3,0.0015970882479302059,4.754766985439286e-07,2.4258386140726182e-05,13.416252662946814,-15.04734701133802,0.0003290702294062319,12.946026046816167,-14.476652266404496,0.00032581037305910325
10.060999999999863,0.08232009618862718,-2.2210064849084276e-07,4.613478208327637e-06,2.468305073829577e-07,2.579591200611968e-07,1.1534832342643637e-08,0.29971387675901945,0.3002819090568866,0.3,0.001596552038709196,5.023728258028544e-07,2.4258471737523255e-05,13.416301071856177,-15.047408412378042,0.0003291106739057616,12.945977541103664,-14.476590770779648,0.0003257681931553091
10.080999999999852,0.08232009175417672,-2.2158122439638415e-07,4.618421446042631e-06,2.4728479644457335e-07,2.5818976362486774e-07,1.1531179644850137e-08,0.2997139851937391,0.300281807566373,0.3,0.0015960160310032202,5.287746621742885e-07,2.4258557298643215e-05,13.41634946062019,-15.047469793474773,0.0003291503999712025,12.945929055690327,-14.476529295266108,0.00032572680563906005
10.100999999999841,0.08232008732984854,-2.2108001902367167e-07,4.623373423891242e-06,2.4771537465144933e-07,2.584203351216383e-07,1.1527594240874325e-08,0.2997140935840766,0.3002817061086297,0.3,0.0015954802247508445,5.546914428775842e-07,2.4258642824144592e-05,13.416397829295537,-15.047531154596795,0.0003291894199247199,12.9458805905205,-14.476467839895617,0.00032568619459634137
10.12099999999983,0.08232008291529036,-2.205962547875016e-07,4.628333684503216e-06,2.481233959925943e-07,2.5865083582488543e-07,1.1524072023882404e-08,0.2997142019300356,0.3002816046836677,0.3,0.0015949446198904418,5.801322302663348e-07,2.425872831414131e-05,13.41644617794215,-15.04759249570974,0.000329227746237588,12.945832145532274,-14.4764064047002,0.0003256463448299774
10.140999999999819,0.08232007851016465,-2.2012918241944592e-07,4.63330179178989e-06,2.485099035869686e-07,2.5888126697037274e-07,1.1520610438231071e-08,0.2997143102316253,0.3002815032915027,0.3,0.0015944092163600767,6.051059171765749e-07,2.4258813768926045e-05,13.416494506617942,-15.047653816781072,0.00032926539077095306,12.945783720667194,-14.476344989711087,0.00032560724101835155
10.160999999999808,0.08232007411414913,-2.1967797386220106e-07,4.638277330298868e-06,2.488759104727971e-07,2.5911162971413e-07,1.151720553895043e-08,0.2997144184888541,0.3002814019321485,0.3,0.0015938740140974878,6.296212297873978e-07,2.4258899188381984e-05,13.416542815375061,-15.047715117782156,0.0003293023654283871,12.9457353158736,-14.476283594956783,0.0003255688684192573
10.180999999999797,0.08232006972693613,-2.1924198273181957e-07,4.643259904291153e-06,2.492223852656294e-07,2.59341925180305e-07,1.1513857175300887e-08,0.2997145267017301,0.30028130060561925,0.3,0.001593339013040159,6.536867313510321e-07,2.425898457269848e-05,13.416591104271623,-15.047776398680657,0.0003293386818494621,12.945686931091867,-14.476222220467623,0.0003255312124938062
10.200999999999786,0.08232006534823075,-2.1882055582759915e-07,4.648249136839089e-06,2.4955028625860063e-07,2.5957215445423547e-07,1.1510561970274362e-08,0.29971463487026107,0.30028119931192643,0.3,0.0015928042131252824,6.773108246431563e-07,2.4259069922041152e-05,13.416639373360313,-15.04783765944746,0.00032937435174378043,12.945638566268633,-14.476160866271744,0.00032549425930061224
10.220999999999774,0.08232006097775227,-2.1841298882468112e-07,4.653244668598178e-06,2.498604506230498e-07,2.598023185834504e-07,1.1507319065240995e-08,0.2997147429944583,0.3002810980510852,0.3,0.001592269614289747,7.005017552674508e-07,2.4259155236396213e-05,13.416687622693585,-15.04789890005364,0.0003294093861602547,12.945590221350772,-14.476099532396555,0.00032545799469085033
10.240999999999763,0.08232005661523148,-2.1801869632257892e-07,4.658246157612789e-06,2.5015374064005787e-07,2.6003241858581155e-07,1.1504125907580644e-08,0.2997148510743298,0.30028099682310705,0.3,0.0015917352164701807,7.232676146046464e-07,2.425924051587749e-05,13.416735852325807,-15.047960120469435,0.0003294437963679429,12.94554189628262,-14.476038218870242,0.0003254224052042356
10.260999999999752,0.08232005226041123,-2.1763709939390806e-07,4.6632532780810365e-06,2.5043094753359015e-07,2.602624554692755e-07,1.1500984104349878e-08,0.29971495910988494,0.30028089562800364,0.3,0.001591201019602933,7.456163426614777e-07,2.4259325760650293e-05,13.416784062306922,-15.048021320668811,0.00032947759323498935,12.945493591014868,-14.475976925718818,0.0003253874774534016
10.280999999999741,0.08232004791304551,-2.1726767225286894e-07,4.668265719848241e-06,2.506928723428844e-07,2.604924302392469e-07,1.1497892586226283e-08,0.2997150671011323,0.30028079446578543,0.3,0.001590667023624061,7.675557308638105e-07,2.425941097074579e-05,13.416832252686415,-15.048082500625261,0.00032951078778852764,12.945445305497355,-14.475915652968022,0.00032535319865998604
10.30099999999973,0.0823200435728994,-2.169098458691993e-07,4.673283187178745e-06,2.509402012137927e-07,2.6072234390062175e-07,1.1494850409822795e-08,0.29971517504808465,0.3002806933364667,0.3,0.0015901332284693167,7.890934249209582e-07,2.4259496146315685e-05,13.416880423515664,-15.048143660310902,0.0003295433903455816,12.945397039677184,-14.475854400643385,0.00032531955578634053
10.320999999999719,0.0823200392397485,-2.165631189792901e-07,4.678305399019589e-06,2.5117366870303185e-07,2.6095219743910616e-07,1.1491858801324818e-08,0.2997152829507496,0.30028059224005554,0.3,0.0015895996340741995,8.102369274911058e-07,2.425958128725666e-05,13.416928574841645,-15.048204799700295,0.00032957541164502945,12.945348793506037,-14.475793168768961,0.00032528653663110315
10.340999999999708,0.08232003491337733,-2.1622699103207583e-07,4.683332087293546e-06,2.5139389900148187e-07,2.61181991902835e-07,1.1488919262596648e-08,0.2997153908091404,0.30028049117656513,0.3,0.0015890662403738843,8.309936009722453e-07,2.425966639389252e-05,13.416976706712473,-15.0482659187692,0.0003296068616588001,12.945300566936396,-14.475731957368733,0.000325254128694785
10.360999999999697,0.08232003059358045,-2.15901051271683e-07,4.688362997197493e-06,2.5160158301120924e-07,2.614117282860038e-07,1.148602905484871e-08,0.29971549862326513,0.30028039014600344,0.3,0.0015885330473033085,8.51370669999399e-07,2.42597514661409e-05,13.4170248191778,-15.04832701749133,0.00032963775089536116,12.945252359917024,-14.475670766467559,0.0003252223203854202
10.380999999999686,0.08232002628016104,-2.1558479157853263e-07,4.693397885863204e-06,2.51797279086168e-07,2.616414076425599e-07,1.148319255999596e-08,0.29971560639313743,0.3002802891483827,0.3,0.0015880000547971046,8.713752241288937e-07,2.4259836504246126e-05,13.417072912280048,-15.048388095845189,0.00032966808900533693,12.945204172405548,-14.475609596086208,0.00032519109971332403
10.400999999999675,0.0823200219729314,-2.1527783516468058e-07,4.698436522170002e-06,2.519815777101865e-07,2.618710309693975e-07,1.1480404147437939e-08,0.2997157141187673,0.3002801881837116,0.3,0.0015874672627896693,8.910142202905603e-07,2.425992150821191e-05,13.417120986072995,-15.048449153803695,0.000329697885846891,12.945156004347965,-14.475548446251226,0.00032516045524877375
10.420999999999664,0.08232001767171089,-2.1497975761619736e-07,4.703478686300666e-06,2.52155014192335e-07,2.6210059931496004e-07,1.1477669360653147e-08,0.2997158218001676,0.30028008725200067,0.3,0.0015869346712151398,9.102944852953208e-07,2.426000647797982e-05,13.417169040590366,-15.048510191347596,0.0003297271509394085,12.945107855707452,-14.475487316978304,0.00032513037567798386
10.440999999999653,0.082320013376328,-2.1469023148044134e-07,4.708524169068362e-06,2.5231816211452e-07,2.623301136726022e-07,1.1474983951311696e-08,0.29971592943734787,0.3002799863532567,0.3,0.001586402280007404,9.292227183655669e-07,2.426009141377029e-05,13.41721707588129,-15.048571208455355,0.0003297558940687249,12.94505972643742,-14.475426208291651,0.0003251008503193575
10.460999999999641,0.08232000908661773,-2.1440878161323136e-07,4.713572771236629e-06,2.52471472464334e-07,2.6255957507111597e-07,1.1472349518282767e-08,0.2997160370303216,0.3002798854874903,0.3,0.0015858700891000807,9.478054933307805e-07,2.4260176315741844e-05,13.417265091993407,-15.048632205100638,0.0003297841242706896,12.945011616487065,-14.475365120213715,0.00032507186810135883
10.48099999999963,0.08232000480242296,-2.141351261130814e-07,4.718624303269581e-06,2.526154392068722e-07,2.627889844801185e-07,1.1469763066834999e-08,0.2997161445791022,0.30027978465470956,0.3,0.001585338098426572,9.660492612154827e-07,2.426026118383597e-05,13.417313088962517,-15.048693181268064,0.00032981185077140835,12.944963525822978,-14.475304052761986,0.0003250434185411101
10.50099999999962,0.08232000052359285,-2.1386892301652602e-07,4.723678585116797e-06,2.527505189386067e-07,2.630183428830871e-07,1.1467226542660797e-08,0.2997162520836994,0.30027968385492165,0.3,0.0015848063079200658,9.839603523710038e-07,2.426034601816309e-05,13.41736106683333,-15.048754136933947,0.00032983908257839026,12.944915454396858,-14.475243005956367,0.000325015491313227
10.520999999999608,0.08231999624998364,-2.13609741420006e-07,4.7287354451308605e-06,2.5287713869774156e-07,2.632476512362869e-07,1.1464736858497104e-08,0.2997163595441284,0.3002795830881367,0.3,0.0015842747175134927,1.0015449788381382e-06,2.4260430818792023e-05,13.417409025647236,-15.048815072078959,0.00032986582860671383,12.944867402167782,-14.475181979816378,0.00032498807633965895
10.540999999999597,0.08231999198145686,-2.1335749962406431e-07,4.7337947203934805e-06,2.529957203875329e-07,2.634769104678934e-07,1.146229358245124e-08,0.29971646696039916,0.300279482354359,0.3,0.0015837433271396384,1.0188092363824495e-06,2.4260515585826177e-05,13.417456965447744,-15.048875986682514,0.0003298920974017142,12.944819369092349,-14.475120974362333,0.0003249611635338487
10.560999999999586,0.0823199877178813,-2.1311170589239437e-07,4.738856255716295e-06,2.531066469677509e-07,2.6370612148562176e-07,1.1459894798899247e-08,0.299716574332527,0.30027938165359847,0.3,0.0015832121367310031,1.0357591069298973e-06,2.4260600319289848e-05,13.417504886270695,-15.048936880727577,0.00032991789762126653,12.94477135513362,-14.475059989609964,0.00032493474329283925
10.580999999999575,0.08231998345913102,-2.128721330507386e-07,4.743919903800464e-06,2.532103222754823e-07,2.6393528517124906e-07,1.1457540564000481e-08,0.2997166816605227,0.3002792809858592,0.3,0.0015826811462199505,1.0524004605374588e-06,2.426068501938273e-05,13.417552788160076,-15.04899775419383,0.0003299432378539088,12.944723360247558,-14.474999025579603,0.0003249088062415609
10.600999999999564,0.08231997920508463,-2.1263853841100185e-07,4.748985524230531e-06,2.5330705753902313e-07,2.641644023999992e-07,1.1455229046263895e-08,0.2997167889444019,0.30027918035115087,0.3,0.00158215035553861,1.0687390574702286e-06,2.4260769686032636e-05,13.417600671150469,-15.049058607065797,0.0003299681259712191,12.944675384399877,-14.474938082286183,0.00032488334266434757
10.620999999999553,0.08231997495562773,-2.124106139992807e-07,4.754052983953205e-06,2.533972537812984e-07,2.6439347395994805e-07,1.1452956928332423e-08,0.2997168961841752,0.3002790797494765,0.3,0.0015816197646189665,1.0847805503873403e-06,2.426085431921565e-05,13.417648535279623,-15.049119439325128,0.0003299925706087722,12.944627427550412,-14.474877159746125,0.0003248583439282412
10.640999999999542,0.08231997071064892,-2.1218817290220977e-07,4.759122156174078e-06,2.534811863367003e-07,2.646225006903598e-07,1.1450725982750693e-08,0.29971700337985735,0.3002789791808437,0.3,0.0015810893733927982,1.1005304862273622e-06,2.426093891917614e-05,13.417696380588215,-15.049180250954638,0.0003300165793174872,12.944579489660148,-14.474816257977569,0.0003248338006185657
10.66099999999953,0.08231996647004336,-2.1197096584914573e-07,4.764192920461707e-06,2.5355918783635537e-07,2.648514833550568e-07,1.1448533409801968e-08,0.29971711053146344,0.30027887864525915,0.3,0.0015805591817917122,1.1159943082197732e-06,2.426102348607272e-05,13.41774420711525,-15.049241041935892,0.00033004016015821333,12.944531570688197,-14.474755376997035,0.00032480970416354666
10.68099999999952,0.08231996223370963,-2.11758721423849e-07,4.769265162463121e-06,2.53631539758949e-07,2.650804227237135e-07,1.1446378511648424e-08,0.29971721763900605,0.30027877814272724,0.3,0.0015800291897471446,1.1311773579265852e-06,2.426110801977807e-05,13.41779201489307,-15.049301812255308,0.00033006332077154665,12.944483670602665,-14.474694516818266,0.0003247860458793097
10.700999999999508,0.08231995800155131,-2.1155125315870555e-07,4.7743387736123855e-06,2.536985485303603e-07,2.6530931952781005e-07,1.1444261193291599e-08,0.29971732470249757,0.30027867767325184,0.3,0.001579499397190368,1.1460848769928163e-06,2.426119252041267e-05,13.417839803957417,-15.049362561898063,0.00033008606891101274,12.944435789368068,-14.4746336774564,0.00032476281750475365
10.720999999999497,0.08231995377347551,-2.1134834585957653e-07,4.7794136505061036e-06,2.53760457725752e-07,2.6553817450652245e-07,1.1442179406118352e-08,0.2997174317219551,0.30027857723684037,0.3,0.0015789698040524353,1.1607220090721522e-06,2.426127698803176e-05,13.417887574345585,-15.049423290846471,0.0003301084118618332,12.944387926944994,-14.474572858926619,0.00032474001059977286
10.740999999999486,0.08231994954939365,-2.1114985572860243e-07,4.784489695257299e-06,2.538175425225715e-07,2.6576698835202166e-07,1.1440132863362228e-08,0.29971753869739026,0.3002784768334953,0.3,0.0015784404102643034,1.1750938018054926e-06,2.426136142268021e-05,13.417935326094021,-15.049483999086348,0.0003301303570429259,12.944340083297977,-14.474512061243969,0.00032471761716450275
10.760999999999475,0.08231994532922103,-2.1095553072919138e-07,4.789566814607238e-06,2.5387003420370957e-07,2.65995761784192e-07,1.1438121598758503e-08,0.29971764562882014,0.30027837646322364,0.3,0.001577911215756699,1.1892052083019694e-06,2.4261445824492283e-05,13.417983059230224,-15.049544686605392,0.0003301519116352296,12.944292258397628,-14.474451284418821,0.000324695629244752
10.780999999999464,0.08231994111287622,-2.1076523350039053e-07,4.794644920209923e-06,2.539181653713252e-07,2.6622449551268523e-07,1.1436145573121786e-08,0.299717752516258,0.3002782761260281,0.3,0.0015773822204601978,1.2030610892398007e-06,2.4261530193464734e-05,13.418030773794591,-15.049605353387696,0.00033017308268248267,12.944244452205231,-14.474390528468355,0.00032467403901134505
10.800999999999453,0.08231993690028183,-2.1057871824431755e-07,4.799723928236577e-06,2.539621673920204e-07,2.664531901986724e-07,1.1434203449495888e-08,0.29971785935971795,0.30027817582191224,0.3,0.0015768534243052292,1.216666214402107e-06,2.4261614529773192e-05,13.418078469818587,-15.049665999420633,0.00033019387727809815,12.944196664688805,-14.47432979340477,0.000324652839000239
10.820999999999442,0.08231993269136287,-2.1039599613688893e-07,4.804803758910736e-06,2.5400224001199753e-07,2.6668184652712647e-07,1.1432294645712774e-08,0.29971796615921686,0.3002780755508819,0.3,0.0015763248272220364,1.2300252643853678e-06,2.426169883323862e-05,13.418126147334625,-15.04972662468867,0.00033021430202703,12.944148895811974,-14.474269079239354,0.0003246320214948077
10.84099999999943,0.08231992848604858,-2.1021668434778106e-07,4.809884336702541e-06,2.540385873016366e-07,2.6691046517231556e-07,1.1430418902971914e-08,0.2997180729147693,0.3002779753129399,0.3,0.001575796429140728,1.2431428324453487e-06,2.4261783104167606e-05,13.418173806373542,-15.049787229182714,0.0003302343638743686,12.944101145547906,-14.474208385985126,0.00032461157941200794
10.86099999999942,0.08231992428427007,-2.1004080646262553e-07,4.814965589940157e-06,2.540713960137758e-07,2.671390467961009e-07,1.1428577318068836e-08,0.2997181796263903,0.3002778751080897,0.3,0.0015752682299912518,1.2560234258383425e-06,2.4261867342429364e-05,13.418221446966793,-15.049847812889189,0.00033025406922093615,12.944053413862804,-14.47414771365309,0.00032459150538106723
10.880999999999409,0.08231992008596223,-2.0986817508492922e-07,4.820047450705689e-06,2.541008705106363e-07,2.6736759202594435e-07,1.1426766464909429e-08,0.29971828629409386,0.30027777493633273,0.3,0.001574740229703433,1.2686714677063503e-06,2.426195154815479e-05,13.418269069148037,-15.049908375795225,0.0003302734247632139,12.944005700723327,-14.474087062256498,0.0003245717925642268
10.900999999999398,0.08231991589106244,-2.0969860669517381e-07,4.825129854349464e-06,2.5412715881456435e-07,2.675961015028545e-07,1.1424986750304754e-08,0.2997183929178982,0.3002776747976752,0.3,0.001574212428206933,1.2810912984679352e-06,2.4262035721488517e-05,13.418316672947038,-15.049968917889446,0.0003302924367276441,12.943958006098901,-14.474026431805635,0.0003245524339331615
10.920999999999387,0.08231991169951063,-2.0953199495471315e-07,4.830212739850848e-06,2.541504337187335e-07,2.6782457585160893e-07,1.1423239265566275e-08,0.2997184994978176,0.30027757469211813,0.3,0.0015736848254312714,1.293287177439853e-06,2.426211986238937e-05,13.418364258393519,-15.05002943916108,0.0003303111114044985,12.943910329959845,-14.473965822311202,0.00032453342275995953
10.940999999999375,0.08231990751124893,-2.093682520740629e-07,4.8352960492353825e-06,2.541708550417835e-07,2.680530156968584e-07,1.1421521949831072e-08,0.2997186060338683,0.3002774746196651,0.3,0.0015731574213058346,1.3052632843982571e-06,2.4262203970919327e-05,13.418411825516232,-15.050089939599607,0.0003303294549261784,12.943862672276872,-14.473905233783132,0.00032451475239888455
10.960999999999364,0.08231990332622224,-2.092072804632397e-07,4.840379727595601e-06,2.5418857100470377e-07,2.682814216271984e-07,1.1419835112593806e-08,0.29971871252606597,0.30027737458031767,0.3,0.0015726302157598778,1.3170237209380777e-06,2.4262288046992416e-05,13.418459374344467,-15.050150419193306,0.00033034747330323264,12.94381503301912,-14.473844666231374,0.00032449641631804993
10.980999999999353,0.08231989914437828,-2.0904883239628808e-07,4.84546372293837e-06,2.5420372445629257e-07,2.6850979425514655e-07,1.1418178254839614e-08,0.2997188189744271,0.3002772745740789,0.3,0.001572103208722528,1.3285725121424662e-06,2.4262372091056293e-05,13.4185069049124,-15.050210877931702,0.0003303651725925692,12.943767412154635,-14.473784119668618,0.0003244784082913784
11.000999999999342,0.08231989496566575,-2.088929391859112e-07,4.8505479859767275e-06,2.5421645197536596e-07,2.687381341597793e-07,1.1416550010692606e-08,0.29971892537896777,0.30027717460095077,0.3,0.0015715764001227692,1.3399136076971179e-06,2.426245610272884e-05,13.418554417239942,-15.050271315807489,0.0003303825585015755,12.94371980966137,-14.473723594099862,0.0003244607219356678
11.020999999999331,0.08231989079003656,-2.087393770938809e-07,4.855632470067428e-06,2.54226885717061e-07,2.689664419033215e-07,1.141494939109197e-08,0.2997190317397041,0.3002770746609347,0.3,0.0015710497898895,1.351050883661561e-06,2.426254008231653e-05,13.418601911361732,-15.050331732808067,0.0003303996368870454,12.943672225504702,-14.47366308953777,0.0003244433512631902
11.04099999999932,0.0823198866174436,-2.0858823082542993e-07,4.860717131037473e-06,2.542351444396036e-07,2.6919471802954986e-07,1.1413375734679226e-08,0.29971913805665273,0.3002769747540327,0.3,0.0015705233779514946,1.3619881435798135e-06,2.426262402976778e-05,13.41864938730378,-15.050392128925168,0.00033041641316545556,12.94362465965864,-14.473602605990271,0.00032442629007334474
11.060999999999309,0.08231988244784294,-2.084392505482972e-07,4.865801927114721e-06,2.542413421548084e-07,2.6942296308145507e-07,1.1411829576566533e-08,0.29971924432983044,0.3002768748802466,0.3,0.0015699971642373887,1.3727291198733135e-06,2.4262707945103296e-05,13.41869684509087,-15.050452504150748,0.00033043289299261797,12.943577112097419,-14.473542143464579,0.00032440953260451215
11.080999999999298,0.08231987828119153,-2.0829237526922006e-07,4.8708868188029886e-06,2.542455998338123e-07,2.696511775846397e-07,1.1410309447205001e-08,0.29971935055925364,0.30027677503957767,0.3,0.0015694711486757135,1.3832774753954165e-06,2.4262791828450514e-05,13.41874428475191,-15.05051285847577,0.00033044908182500247,12.943529582792642,-14.47348170197016,0.000324393073136832
11.100999999999287,0.08231987411744773,-2.0814763200668598e-07,4.875971768687759e-06,2.542480113840171e-07,2.698793620816474e-07,1.1408816373153715e-08,0.29971945674493944,0.3002766752320277,0.3,0.0015689453311948705,1.3936368044140102e-06,2.4262875679871523e-05,13.418791706314316,-15.050573191890548,0.00033046498480959085,12.943482071715827,-14.47342128151526,0.00032437690579836055
11.120999999999276,0.08231986995657398,-2.080045848327836e-07,4.881056741352918e-06,2.5424867646259e-07,2.70107517067172e-07,1.1407347361611154e-08,0.29971956288690604,0.30027657545759806,0.3,0.0015684197117231844,1.4038106341502751e-06,2.4262959499352617e-05,13.41883910980166,-15.050633504388676,0.0003304806074982159,12.943434578843375,-14.47336088210651,0.0003243610253890362
11.140999999999265,0.08231986579853073,-2.0786354212795668e-07,4.886141703602798e-06,2.5424770974616423e-07,2.7033564305356964e-07,1.1405904403196738e-08,0.29971966898516783,0.30027647571628774,0.3,0.0015678942901888582,1.4138024257961776e-06,2.4263043287052136e-05,13.41888649524259,-15.050693795961953,0.00033049595480506383,12.943387104147826,-14.473300503753089,0.00032434542622902313
11.160999999999254,0.08231986164328242,-2.0772426655211802e-07,4.891226623761347e-06,2.542451920280143e-07,2.7056374051132046e-07,1.140448395081155e-08,0.2997197750397433,0.30027637600809887,0.3,0.0015673690665200092,1.4236155761026093e-06,2.426312704284279e-05,13.418933862659655,-15.050754066602689,0.0003305110318508419,12.943339647603977,-14.473240146460043,0.0003243301030605074
11.180999999999242,0.08231985749079439,-2.0758671452223656e-07,4.8963114719843825e-06,2.5424118885087165e-07,2.707918099099934e-07,1.140308821989249e-08,0.29971988105065095,0.30027627633303305,0.3,0.001566844040644632,1.4332534180782859e-06,2.4263210766817564e-05,13.418981212076837,-15.050814316305264,0.00033052584341708804,12.943292209189439,-14.473179810234184,0.00032431505047412644
11.200999999999231,0.082319853341033,-2.074508218361396e-07,4.901396220301224e-06,2.5423582658117565e-07,2.7101985171836953e-07,1.1401714838580885e-08,0.2997199870179056,0.30027617669108847,0.3,0.001566319212490637,1.4427192226741665e-06,2.426329445913842e-05,13.419028543523414,-15.050874545060223,0.00033054039468818024,12.943244788873935,-14.47311949508444,0.0003243002636599541
11.22099999999922,0.08231984919396643,-2.0731653679236228e-07,4.9064808420665185e-06,2.542291481919298e-07,2.7124786639139506e-07,1.1400363868234484e-08,0.2997200929415264,0.30027607708226706,0.3,0.0015657945819858357,1.45201619961813e-06,2.426337811969856e-05,13.419075857019166,-15.050934752862078,0.000330554690168966,12.943197386636369,-14.473059201014511,0.00032428573731446377
11.24099999999921,0.08231984504956447,-2.0718369942531738e-07,4.91156531222392e-06,2.5422123523415674e-07,2.7147585436548835e-07,1.1399034921169135e-08,0.29972019882153184,0.30027597750656976,0.3,0.0015652701490579642,1.4611474988000834e-06,2.4263461748594457e-05,13.419123152588964,-15.050994939705431,0.00033056873471314194,12.943150002453208,-14.47299892803129,0.00032427146665753466
11.260999999999198,0.08231984090779709,-2.0705234989663865e-07,4.916649607278334e-06,2.5421216517286716e-07,2.71703816088065e-07,1.1397728337273725e-08,0.29972030465793714,0.30027587796399463,0.3,0.0015647459136346907,1.470116211112354e-06,2.426354534590882e-05,13.419170430257918,-15.051055105582588,0.0003305825328768296,12.943102636298299,-14.472938676141213,0.0003242574467943702
11.280999999999187,0.08231983676863568,-2.0692244720750882e-07,4.921733705080811e-06,2.5420200611795475e-07,2.71931751989357e-07,1.139644385427244e-08,0.2997204104507603,0.3002757784545413,0.3,0.001564221875643541,1.4789253698688974e-06,2.4263628911720924e-05,13.419217690050024,-15.051115250487637,0.00033059608916983157,12.943055288147754,-14.472878445350329,0.00032424367297434123
11.300999999999176,0.08231983263205309,-2.0679387418718754e-07,4.92681758449548e-06,2.5419080959180307e-07,2.721596624917168e-07,1.1395178678489932e-08,0.2997205162000218,0.3002756789782125,0.3,0.001563698035011893,1.4875779514892387e-06,2.4263712445841347e-05,13.419264931982699,-15.05117537441629,0.0003306094080131747,12.943007957982118,-14.47281823566076,0.00032423014051443104
11.320999999999165,0.08231982849802379,-2.0666657459124517e-07,4.931901226010171e-06,2.5417865596978693e-07,2.7238754798206457e-07,1.1393933986807941e-08,0.2997206219057363,0.3002755795350043,0.3,0.0015631743916671677,1.496076877084668e-06,2.4263795948607643e-05,13.419312156084288,-15.051235477363,0.00033062249392603655,12.942960645776276,-14.47275804708137,0.00032421684500137687
11.340999999999154,0.08231982436652223,-2.065404984401721e-07,4.936984610917627e-06,2.5416557589716406e-07,2.7261540887346226e-07,1.139270912345126e-08,0.2997207275679251,0.3002754801249197,0.3,0.001562650945536623,1.5044250129745328e-06,2.42638794199165e-05,13.419359362374609,-15.051295559321591,0.0003306353509948229,12.942913351507181,-14.472697879614861,0.0003242037817641154
11.360999999999143,0.0823198202375243,-2.0641565443952108e-07,4.942067721912247e-06,2.541516501408747e-07,2.7284324553909075e-07,1.139150369400335e-08,0.29972083318660436,0.30027538074795623,0.3,0.001562127696547499,1.5126251720505568e-06,2.426396285979212e-05,13.419406550875797,-15.051355620288174,0.0003306479835699507,12.942866075153962,-14.472637733266566,0.00032419094655776237
11.380999999999132,0.08231981611100689,-2.062919409342322e-07,4.947150542645995e-06,2.541369172359206e-07,2.7307105838888587e-07,1.1390317900433547e-08,0.2997209387617916,0.30027528140411214,0.3,0.0015616046446269246,1.5206801145775604e-06,2.4264046268262032e-05,13.419453721608354,-15.051415660258158,0.0003306603957308544,12.942818816695107,-14.472577608039805,0.0003241783350195651
11.40099999999912,0.08231981198694767,-2.0616933329534063e-07,4.952233057631261e-06,2.5412142948301847e-07,2.732988477721153e-07,1.1389149374320211e-08,0.29972104429350704,0.3002751820933889,0.3,0.0015610817897019507,1.5285925493703438e-06,2.4264129645443344e-05,13.419500874596068,-15.051475679225662,0.0003306725915564238,12.9427715761064,-14.472517503940159,0.00032416594293810895
11.42099999999911,0.0823198078653253,-2.0604778461270626e-07,4.9573152525392294e-06,2.541052350224547e-07,2.735266140729174e-07,1.1388000855739466e-08,0.2997211497817683,0.3002750828157844,0.3,0.0015605591316996043,1.5363651345459836e-06,2.4264212991353413e-05,13.419548009858712,-15.051535677187719,0.00033068457504009614,12.942724353368721,-14.472457420971098,0.00032415376620140965
11.440999999999098,0.08231980374611883,-2.059272881370286e-07,4.96239711388069e-06,2.540883909116287e-07,2.737543576551409e-07,1.1386869718289583e-08,0.29972125522659243,0.3002749835712963,0.3,0.001560036670546808,1.5440004786291729e-06,2.4264296305899172e-05,13.419595127414764,-15.051595654141336,0.00033069635014330433,12.942677148462723,-14.472397359134847,0.0003241418008029846
11.460999999999087,0.08231979962930848,-2.058077176250817e-07,4.9674786288533834e-06,2.540708920905694e-07,2.7398207889135383e-07,1.1385756941259407e-08,0.29972136062800053,0.30027488435992605,0.3,0.0015595144061703618,1.5515011413829069e-06,2.4264379589387094e-05,13.419642227289803,-15.051655610079402,0.00033070792045863034,12.942629961362286,-14.472337318437578,0.0003241300424671345
11.480999999999076,0.08231979551487509,-2.0568911722750295e-07,4.972559785682007e-06,2.540528282541856e-07,2.742097781080991e-07,1.1384660641956555e-08,0.2997214659860102,0.3002747851816711,0.3,0.0015589923384970446,1.5588696347490672e-06,2.426446284157287e-05,13.419689309500267,-15.051715545000603,0.0003307192900456799,12.942582792050796,-14.472277298880744,0.00032411848761605634
11.500999999999065,0.08231979140280055,-2.0557143218479523e-07,4.97764057326433e-06,2.5403421889349197e-07,2.7443745565218217e-07,1.1383581737919738e-08,0.29972157130063976,0.3002746860365297,0.3,0.0015584704674536014,1.5661084237983587e-06,2.426454606264579e-05,13.419736374066034,-15.051775458901966,0.00033073046249244137,12.942535640508567,-14.472217300467378,0.0003241071322917478
11.520999999999054,0.08231978729306688,-2.0545463087131271e-07,4.982720981254463e-06,2.5401510144200256e-07,2.746651118588816e-07,1.1382519496276715e-08,0.29972167657190835,0.30027458692450065,0.3,0.0015579487929666918,1.573219927562998e-06,2.4264629252595702e-05,13.419783421007589,-15.051835351779982,0.00033074144144423404,12.942488506715224,-14.472157323200996,0.0003240959727434908
11.540999999999043,0.08231978318565673,-2.0533869897903326e-07,4.9878010000004025e-06,2.5399551114645167e-07,2.748927470613892e-07,1.1381473856186064e-08,0.2997217817998342,0.30027448784558214,0.3,0.0015574273149628985,1.5802065198424153e-06,2.4264712411484467e-05,13.419830450345236,-15.051895223630686,0.00033075223045656976,12.942441390649215,-14.472097367084348,0.00032408500527300306
11.560999999999032,0.08231977908055414,-2.0522353795914745e-07,4.992880620453832e-06,2.539754771756166e-07,2.75120361588491e-07,1.1380444557445974e-08,0.29972188698443675,0.30027438879977236,0.3,0.0015569060333687399,1.5870705301149772e-06,2.426479553934321e-05,13.419877462097011,-15.05195507445204,0.00033076283308528073,12.942394292292835,-14.472037432119734,0.0003240742263049297
11.58099999999902,0.0823197749777429,-2.0510916043340128e-07,4.997959834232568e-06,2.539550326391578e-07,2.7534795573359843e-07,1.137942937076462e-08,0.2997219921257348,0.3002742897870695,0.3,0.001556384948110688,1.5938142443758473e-06,2.4264878636223508e-05,13.419924456281981,-15.052014904242021,0.00033077325273701266,12.942347211627418,-14.471977518309565,0.00032406363227354036
11.60099999999901,0.08231977087720785,-2.049955515899647e-07,5.0030386335303545e-06,2.539342069119778e-07,2.755755297974604e-07,1.1378429389537345e-08,0.2997220972237475,0.30027419080747175,0.3,0.0015558640591151422,1.6004399058565066e-06,2.4264961702015268e-05,13.419971432918532,-15.052074712996953,0.00033078349279127005,12.94230014863257,-14.471917625655555,0.0003240532196953229
11.620999999998999,0.08231976677893421,-2.0488270888043693e-07,5.008117011054414e-06,2.5391302255173855e-07,2.758030840763093e-07,1.1377444105738949e-08,0.2997222022784943,0.3002740918609773,0.3,0.0015553433663084678,1.606949716040652e-06,2.4265044736956112e-05,13.420018392026254,-15.052134500715328,0.0003307935565086914,12.942253103290243,-14.47185775416052,0.00032404298509451304
11.640999999998987,0.08231976268290798,-2.047705327930098e-07,5.013194960108713e-06,2.5389151046147433e-07,2.7603061885849186e-07,1.1376473349345961e-08,0.29972230728999383,0.30027399294758333,0.3,0.0015548228696169767,1.6133458351219497e-06,2.4265127740901545e-05,13.420065333619615,-15.05219426739586,0.0003308034472498776,12.94220607558451,-14.471797903824404,0.0003240329252300419
11.660999999998976,0.08231975858911533,-2.046590355768641e-07,5.018272474448249e-06,2.538696936912556e-07,2.762581344275907e-07,1.1375516469198631e-08,0.2997224122582656,0.3002738940672881,0.3,0.0015543025689669274,1.619630383028808e-06,2.4265210714051034e-05,13.420112257722009,-15.052254013034284,0.0003308131681601262,12.942159065491573,-14.4717380746511,0.0003240230367792377
11.680999999998965,0.08231975449754314,-2.0454817065045528e-07,5.023349548306799e-06,2.5384759298263484e-07,2.7648563105483653e-07,1.1374572781067279e-08,0.2997225171833287,0.30027379522008896,0.3,0.001553782464284543,1.6258054401777664e-06,2.4265293656325658e-05,13.420159164349068,-15.052313737630799,0.0003308227223906478,12.94211207299732,-14.471678266641815,0.00032401331650892644
11.700999999998954,0.08231975040817845,-2.0443796908211152e-07,5.028426176362233e-06,2.538252327452856e-07,2.7671310899935366e-07,1.137364289011142e-08,0.2997226220652026,0.30027369640598367,0.3,0.0015532625554959792,1.6318730479280389e-06,2.4265376567849303e-05,13.420206053518887,-15.052373441183395,0.0003308321129805886,12.942065098082633,-14.471618479797453,0.00032400376124688823
11.720999999998943,0.08231974632100938,-2.0432838000569686e-07,5.0335023536116075e-06,2.5380263236785167e-07,2.7694056852135327e-07,1.1372724993443457e-08,0.29972272690390783,0.3002735976249709,0.3,0.0015527428425273703,1.6378352096717299e-06,2.4265459448491163e-05,13.420252925243739,-15.052433123690918,0.0003308413429929688,12.942018140732623,-14.471558714116625,0.0003239943679080832
11.740999999998932,0.08231974223602376,-2.0421937011116283e-07,5.0385780757666865e-06,2.5377981240677745e-07,2.7716800990456064e-07,1.1371821938133654e-08,0.2997228316994616,0.300273498877045,0.3,0.0015522233253048043,1.6436938913967147e-06,2.4265542298475063e-05,13.42029977954584,-15.052492785152808,0.0003308504153944847,12.941971200928792,-14.471498969603559,0.00032398513346391163
11.760999999998921,0.0823197381532097,-2.0411092464905258e-07,5.043653338587806e-06,2.537567928455395e-07,2.773954334052307e-07,1.1370931691746079e-08,0.29972293645188464,0.30027340016220566,0.3,0.0015517040037542524,1.6494510223175711e-06,2.426562511768402e-05,13.420346616441021,-15.052552425566692,0.000330859333111763,12.94192427865255,-14.471439246257784,0.0003239760549364435
11.78099999999891,0.08231973407255669,-2.0400298112853843e-07,5.0487281382030624e-06,2.5373358766883397e-07,2.7762283924930175e-07,1.1370051099024852e-08,0.29972304116119797,0.3002733014804505,0.3,0.0015511848778016813,1.6551084955212372e-06,2.426570790611112e-05,13.420393435944018,-15.052612044932554,0.00033086809902293005,12.94187737388892,-14.471379544079234,0.0003239671294261192
11.800999999998899,0.0823197299940534,-2.038956607716025e-07,5.0538024713442375e-06,2.5371021770347733e-07,2.778502276848933e-07,1.1369184326127634e-08,0.2997231458274182,0.3002732028317742,0.3,0.0015506659473730822,1.6606681689695046e-06,2.4265790663931936e-05,13.420440238074278,-15.05267164324879,0.0003308767158348793,12.941830486619185,-14.471319863070011,0.00032395835395189666
11.820999999998888,0.08231972591768971,-2.0378884168422663e-07,5.058876334798623e-06,2.53686690407435e-07,2.7807759895730465e-07,1.136833001786473e-08,0.299723250450567,0.30027310421617553,0.3,0.0015501472123943232,1.6661318657132751e-06,2.426587339118109e-05,13.420487022845991,-15.052731220516158,0.0003308851863463374,12.941783616829357,-14.471260203229509,0.0003239497257432458
11.840999999998877,0.08231972184345565,-2.036825134658839e-07,5.063949725658823e-06,2.536630288433044e-07,2.783049532533666e-07,1.1367483453912681e-08,0.2997233550306645,0.30027300563365217,0.3,0.0015496286727913066,1.6715013749564593e-06,2.426595608777234e-05,13.420533790276988,-15.052790776731847,0.000330893513327128,12.941736764499248,-14.471200564558435,0.0003239412420855817
11.860999999998866,0.0823197177713415,-2.0357664520980133e-07,5.0690226414407125e-06,2.536392236589927e-07,2.7853229082593366e-07,1.1366650800359985e-08,0.2997234595677298,0.30027290708419985,0.3,0.0015491103284898543,1.6767784523128977e-06,2.426603875383666e-05,13.420580540380763,-15.052850311897515,0.00033090169926799446,12.941689929616464,-14.471140947055806,0.0003239329001171459
11.880999999998854,0.08231971370133799,-2.0347121823132709e-07,5.074095079951602e-06,2.536153439022783e-07,2.7875961187563e-07,1.1365827174067706e-08,0.2997235640617815,0.3002728085678143,0.3,0.0015485921794157669,1.6819648206728563e-06,2.4266121389263825e-05,13.420627273173482,-15.052909826013684,0.00033090974720216304,12.941643112165305,-14.471081350722248,0.00032392469760962134
11.900999999998843,0.08231970963343554,-2.0336630695435215e-07,5.07916703893635e-06,2.535913358104896e-07,2.789869166350872e-07,1.1365015473813354e-08,0.29972366851284193,0.3002727100844948,0.3,0.001548074225494794,1.687062170736512e-06,2.4266203994146896e-05,13.420673988670067,-15.052969319079493,0.00033091765911012674,12.941596312129747,-14.471021775556636,0.00032391663137196376
11.920999999998832,0.08231970556762572,-2.0326181678983393e-07,5.08423851680595e-06,2.53567263376034e-07,2.7921420527988973e-07,1.1364212423348197e-08,0.2997237729209283,0.30027261163423513,0.3,0.0015475564666526927,1.6920721616805524e-06,2.4266286568596e-05,13.420720686888881,-15.053028791093755,0.0003309254379795941,12.941549529491137,-14.470962221560601,0.0003239086993043785
11.940999999998821,0.08231970150389974,-2.0315773623438224e-07,5.08930951175629e-06,2.5354309743980284e-07,2.7944147804307224e-07,1.13634208146223e-08,0.29972387728606326,0.3002725132170347,0.3,0.001547038902815146,1.6969964217183933e-06,2.426636911259401e-05,13.42076736784242,-15.053088242058385,0.00033093308597462363,12.941502764237526,-14.47090268873217,0.0003239008986081537
11.96099999999881,0.08231969744224953,-2.0305404614849337e-07,5.094380022566125e-06,2.5351887151492736e-07,2.796687351043953e-07,1.1362638931309873e-08,0.2997239816082645,0.30027241483288747,0.3,0.0015465215339078315,1.7018365485529107e-06,2.4266451626113373e-05,13.42081403154549,-15.053147671973313,0.00033094060569381064,12.941456016352873,-14.470843177070538,0.0003238932269954427
11.980999999998799,0.08231969338266669,-2.0295077268053247e-07,5.099450047889309e-06,2.5349458482188367e-07,2.798959766711855e-07,1.1361866323624033e-08,0.29972408588755456,0.30027231648179253,0.3,0.001546004359856373,1.706594110150155e-06,2.426653410918162e-05,13.42086067801361,-15.053207080838853,0.0003309479994096474,12.941409285821996,-14.470783686575531,0.00032388568194199207
